hex_id,origin_node_id,access_cost_m3_k1_stored,mean_cost_k1,mean_cost_k2,mean_cost_k3
8930e034493ffff,3850688233,299.54983756893597,299.54983756893597,329.0907876065078,365.2895075123281
8930e036003ffff,9497472086,158.75279418224312,158.7527941822431,163.26967419872813,212.48735479258664
8930e036007ffff,5197316643,391.9305275409888,391.93052754098875,426.15777650960945,482.3959922757571
8930e03600bffff,12997286801,225.8844642185889,225.88446421858893,251.29152150551624,260.298912547267
8930e03600fffff,2824511530,141.81591820711395,141.81591820711395,145.56627766017255,177.75343187926288
8930e03601bffff,12985315357,159.51623668776,159.51623668776,183.57738770001976,235.12662446920922
8930e036023ffff,3891569274,72.53262218993984,72.53262218993984,203.56024811691904,250.21934905087403
8930e036027ffff,2824515103,199.9806030487568,199.9806030487568,207.43086053804387,215.8717967862649
8930e03602bffff,8476416344,115.2422977972489,115.2422977972489,197.5162817916896,244.16828040208304
8930e03602fffff,3891672697,154.96557184116932,154.96557184116932,206.82417449308846,243.39771507263518
8930e036033ffff,3891750780,264.2796686815498,264.2796686815498,353.7231814440206,420.3209220734204
8930e036037ffff,2824456402,68.23349499984417,68.23349499984417,129.50290677542029,174.99219636720306
8930e03603bffff,2824569612,481.53604698064686,481.5360469806468,506.74566212541856,518.5725578408995
8930e036053ffff,4289350018,109.52625899766915,109.52625899766915,216.0672458534067,299.1106857017589
8930e036057ffff,5308010738,0.0,0.0,70.505660446467,114.24210150389281
8930e036063ffff,9524303941,116.64696256006195,116.64696256006195,141.9999918094924,156.21504985011143
8930e036067ffff,3891569311,154.76380588009613,154.76380588009616,163.40763752839337,180.91483032953306
8930e03606bffff,9055661236,102.32284501672012,102.32284501672012,103.74099139845788,127.89433725297492
8930e03606fffff,3879719522,189.37061200670632,189.37061200670632,190.09588053439109,190.53663922994417
8930e036073ffff,2824543974,138.1625016544021,138.1625016544021,172.59411464765665,196.343026775641
8930e036077ffff,2824511528,230.09821604844757,230.09821604844757,239.88111593736335,277.12657236475866
8930e03607bffff,4921711544,201.0721922660024,201.07219226600242,226.65328037293204,243.21290911421048
8930e036083ffff,2828282230,84.58440914685329,84.58440914685329,187.35121058898653,224.1304225628805
8930e036087ffff,2824486644,0.0,0.0,55.15207985328793,77.08500436216097
8930e03608bffff,2824490997,135.42736641486084,135.42736641486084,257.48106882459797,340.4094661591237
8930e036093ffff,2824486274,223.02754292769754,223.02754292769754,235.14601631167133,240.48581313325533
8930e036097ffff,1308523974,0.0,0.0,65.41923237882013,125.80236609767375
8930e03609bffff,2824486271,213.4717114775666,213.4717114775666,225.5901848615404,258.6945361074847
8930e0360a3ffff,3891750797,0.0,0.0,173.38230787750618,234.9389479887361
8930e0360a7ffff,4095042150,90.71830130393033,90.71830130393033,151.62797073578344,217.73232291444836
8930e0360abffff,3891750790,313.1484071409973,313.1484071409973,328.2204774668315,340.9131360400438
8930e0360afffff,2824440489,39.0085524991279,39.0085524991279,74.98873384650096,168.3733748891477
8930e0360b3ffff,5751831183,95.379276197675,95.37927619767498,131.82441602636052,153.3698886271621
8930e0360b7ffff,4095042138,226.56687654531794,226.56687654531794,232.842519566659,239.38179673933908
8930e0360bbffff,2828283094,306.96444869650963,306.96444869650963,341.0107478023623,361.18171511420906
8930e0360c7ffff,4095014439,0.0,0.0,82.08367053601356,136.09158196383382
8930e0360cbffff,3715414233,0.0,0.0,65.72769331014416,121.41990917847028
8930e0360d7ffff,11449643568,607.7883961654692,607.7883961654693,626.799570550699,701.8316473621138
8930e03610fffff,2824633376,179.22840197200446,179.22840197200443,187.60458912457307,202.83013742799722
8930e036117ffff,4124780288,638.274130661592,638.2741306615919,640.0844411287998,641.2977877179223
8930e036123ffff,4123682037,541.6760024026725,541.6760024026723,544.1662313158772,594.8199918744525
8930e036133ffff,10603026400,249.7968667905111,249.7968667905111,252.23784043169002,315.2651240895785
8930e03613bffff,10684021991,162.61124413827702,162.611244138277,165.10147305148183,220.22126898638416
8930e036147ffff,2824629060,520.0587951869262,520.0587951869261,542.3132406851255,571.0914269816152
8930e036153ffff,3891672321,91.6121939508185,91.6121939508185,187.37926873936573,239.5183607287477
8930e03616bffff,10660234069,342.8087678016395,342.8087678016394,375.6037551116909,430.46006511732656
8930e036173ffff,10602988187,104.5375308696454,104.5375308696454,126.79197636784477,155.57016266433445
8930e036187ffff,4127271844,35.10020726787858,35.10020726787858,132.47784709543862,169.18961994822732
8930e03618bffff,10603087419,757.4989408762791,757.4989408762792,801.2244511408694,885.4836286855867
8930e036197ffff,4116414440,71.92440738329742,71.92440738329742,226.0292131231298,278.72495073254214
8930e0361a3ffff,4125223588,0.0,0.0,15.863537856728486,66.22101012119673
8930e0361a7ffff,2824603236,83.12301089176441,83.12301089176441,130.312192408416,148.12049127692137
8930e0361abffff,4124781070,173.59169316929177,173.59169316929177,197.6964059600637,207.35862598444024
8930e0361afffff,2824635699,254.18164675337366,254.1816467533736,282.1150080442095,298.1054009879487
8930e0361b3ffff,436830106,49.32566957892053,49.32566957892053,58.04538497272294,89.48111689128893
8930e0361b7ffff,2824617344,190.3552582644735,190.3552582644735,266.0472769605526,310.0012212303221
8930e0361bbffff,2955768743,233.28003670341093,233.28003670341096,267.9822847393074,298.1719416118301
8930e0361c3ffff,2956210739,90.29244466838038,90.29244466838038,175.37833195513542,253.46620057250948
8930e0361d3ffff,13072323275,251.1167325953349,251.1167325953349,294.2777433040344,310.8053144967996
8930e0361dbffff,3893326059,271.7661934429567,271.7661934429567,298.2132107424253,337.3776343993496
8930e036223ffff,3879555148,34.952092634519346,34.952092634519346,55.25706799441336,76.43687722026881
8930e036227ffff,3879203836,336.42297261297085,336.42297261297085,353.73523291550464,364.16550779090085
8930e03622bffff,1829303757,122.25717555731345,122.25717555731345,186.76938949179151,227.96742749499876
8930e03622fffff,4278630539,343.7487580142071,343.7487580142071,439.53488014545576,488.089858983888
8930e036233ffff,5331126087,425.18904045787247,425.18904045787247,472.19772244266085,513.2951751022999
8930e036237ffff,9498278512,0.0,0.0,76.29899950218953,129.8319673288743
8930e036267ffff,4906952398,74.83194964604685,74.83194964604685,78.0842234390409,98.86228139508675
8930e0362a7ffff,8527260047,308.0336775274902,308.0336775274903,334.9372871662847,361.9001290406839
8930e0362afffff,4906947508,588.1194829104254,588.1194829104254,606.6294705212745,615.2334071581996
8930e036307ffff,5482083066,503.9638159843746,503.96381598437455,550.5713347136751,574.3319522340659
8930e036317ffff,3888599775,92.86136093422894,92.86136093422894,95.55089691144802,123.57496117341616
8930e036333ffff,5482083131,221.821528875399,221.821528875399,244.26098345557224,301.70725652027005
8930e03633bffff,5482083201,0.0,0.0,262.3088977737613,373.00613824600674
8930e036383ffff,3891569124,171.42192544564966,171.42192544564966,180.35801393085507,227.7663471103912
8930e036387ffff,10692604950,685.3419948117615,685.3419948117615,694.278083296967,718.9757044685022
8930e03638bffff,2824526522,0.0,0.0,64.36763269514849,91.30827409955471
8930e03638fffff,2824497834,62.976741768989925,62.976741768989925,121.74067961928912,145.05132765347685
8930e036393ffff,5411817289,289.63525670503145,289.63525670503145,312.9277759026786,324.70441271813485
8930e03639bffff,2824517167,92.29935521905414,92.29935521905414,148.8435743678887,173.4996415598168
8930e0363abffff,4641441856,433.4531779367574,433.4531779367574,618.9101313350145,726.2758470332025
8930e0363c3ffff,5372722927,88.23976804671533,88.23976804671533,100.16065203514026,187.504541785091
8930e0363c7ffff,2824550742,262.500207283787,262.500207283787,301.61883211777194,325.7327332131923
8930e0363d3ffff,13119096722,44.51608512717082,44.51608512717082,59.404136551237016,78.3196094724956
8930e0363d7ffff,2824525780,89.80908341666137,89.80908341666135,113.54490712962536,138.75454408172354
8930e0363dbffff,4994791055,135.2619121580072,135.2619121580072,153.77189976885626,173.093480133246
8930e036417ffff,3192309339,357.0113307772501,357.0113307772501,372.0125187246723,382.0039120007518
8930e036423ffff,4095066421,127.45646696687972,127.45646696687972,148.77402693035108,163.5078848987567
8930e036427ffff,12811186442,111.38132736808419,111.38132736808417,160.2667941831228,197.8901167867581
8930e03642bffff,436845940,0.0,0.0,120.1249100391426,205.99329720669525
8930e03642fffff,2824486267,100.7079165278554,100.7079165278554,120.73482012265276,159.10181893366897
8930e036433ffff,3881947604,415.8713380740309,415.87133807403086,420.64978410057506,481.5306943581647
8930e036437ffff,12987324090,168.11434242797247,168.11434242797247,187.9065510377593,198.51918900645637
8930e036467ffff,852435613,0.0,0.0,199.797872844058,288.32096869504693
8930e036477ffff,9031093341,119.68390791862706,119.68390791862706,174.14500768460164,236.0745811220385
8930e0364a3ffff,3825231309,206.24212678467754,206.24212678467754,210.11864231134587,241.2052357883264
8930e0364abffff,4662901096,60.3257717898971,60.3257717898971,136.5174452070392,170.45528375441953
8930e0364afffff,9102482953,0.0,0.0,73.54405021452142,138.78199528696874
8930e0364b3ffff,3881947622,5.934696314214709,5.934696314214709,60.75409608145533,87.84050550302929
8930e0364b7ffff,436846908,0.0,0.0,65.44358718585038,156.90532043986835
8930e036507ffff,7475266089,352.5485464272738,352.5485464272738,385.64002680324916,401.7422172240146
8930e03650bffff,5370108668,0.0,0.0,72.31046946902049,101.50511874358114
8930e03650fffff,2828263166,355.16783992725027,355.1678399272503,380.81482237459693,420.47280787149504
8930e036513ffff,8460526360,122.23406902051659,122.2340690205166,181.30102730995236,236.49529397631696
8930e036517ffff,2590218682,176.61249936367554,176.61249936367554,209.55138693162286,228.82541982485986
8930e03651bffff,2824484300,30.51199981261492,30.51199981261492,67.38894046676552,102.25049648818056
8930e036523ffff,5281441372,122.64868482804799,122.64868482804799,132.95643941400874,152.7380807570437
8930e036527ffff,5281441369,19.48181654491227,19.48181654491227,70.78940810841041,109.87356028451194
8930e03652bffff,2824436202,182.46267853879007,182.46267853879002,192.785969691697,197.74813065697413
8930e03652fffff,4116416834,215.81177055580469,215.81177055580469,222.35946544054542,226.8645351140733
8930e036533ffff,10170499851,278.3382961819411,278.3382961819411,284.83775098443385,302.8403718581089
8930e036537ffff,2822487106,116.7596570204706,116.7596570204706,154.75075401376643,176.19911521016786
8930e03653bffff,4107692305,0.0,0.0,113.46578490163326,198.9285500550698
8930e036543ffff,4095066415,0.0,0.0,86.83525137135986,116.43942535861238
8930e036547ffff,2824480740,0.0,0.0,5.2254646117262995,56.53486513828518
8930e03654bffff,2824487526,0.0,0.0,53.21751592780637,76.78715744737826
8930e03654fffff,5318044126,102.53154929112867,102.53154929112867,131.223678526136,141.84255653815714
8930e036553ffff,2828277932,0.0,0.0,48.03552911057574,87.8855887562202
8930e036557ffff,2828277944,192.0773120913105,192.0773120913105,195.38554502637413,204.88293178249094
8930e03655bffff,2824484281,100.50118500113098,100.50118500113098,137.44590800519168,170.34471808103498
8930e036563ffff,4107692386,0.0,0.0,74.3091396763288,145.04562631212357
8930e036567ffff,2828263160,28.13044034619389,28.13044034619389,143.2592997918566,193.54133389771937
8930e03656bffff,436824009,43.5449283836064,43.5449283836064,76.21753440559033,136.35776005963672
8930e03656fffff,4095066472,95.46715544667197,95.46715544667197,130.44475632215216,179.4610062457581
8930e036573ffff,4107690884,241.36607611481395,241.36607611481392,273.3757489822429,287.62529082602293
8930e036577ffff,4634449195,0.0,0.0,57.724247055589785,123.41651069073998
8930e03657bffff,2828264621,108.90590454464365,108.90590454464365,199.86282200332911,271.80503196447063
8930e036583ffff,2589910328,0.0,0.0,57.629093202534364,119.20353168858033
8930e036587ffff,4626518236,29.273216442411886,29.273216442411886,70.36015853645108,161.18138226544463
8930e03658bffff,4656511626,0.0,0.0,38.01386119124455,106.53962904896382
8930e03658fffff,2590218658,37.522463040376394,37.522463040376394,61.04810915806788,72.90577384702061
8930e036593ffff,7109616785,59.46264520178965,59.46264520178965,114.50725454111762,181.582276885149
8930e036597ffff,2589910404,186.95275782032354,186.95275782032354,194.2419026118098,202.70901694544162
8930e0365a3ffff,5331125640,0.0,0.0,111.45853813092641,172.41813680617565
8930e0365a7ffff,5918171203,0.0,0.0,186.16642116446175,276.9302425474514
8930e0365abffff,4626427171,0.0,0.0,50.691551738101005,85.50551524669292
8930e0365afffff,1835967376,179.21370733291485,179.21370733291485,207.78459112957304,223.4305873155661
8930e0365b3ffff,2824395377,112.66316478858334,112.66316478858334,208.70339057053351,255.94182784353038
8930e0365b7ffff,2824395385,231.1964155403421,231.1964155403421,243.02171365745153,263.6632898569965
8930e0365bbffff,2590218707,303.15760910711015,303.15760910711015,306.59114705622255,334.75294740015346
8930e0365c3ffff,13011366406,156.3342559162639,156.3342559162639,167.6384291372384,188.07190504262394
8930e0365c7ffff,2590218728,0.0,0.0,101.67649553758815,151.96580360354895
8930e0365cfffff,2828277949,98.10239038585749,98.10239038585749,175.06498211819957,203.79444228068198
8930e0365d3ffff,2590218777,130.63725124360568,130.63725124360568,198.01779867444014,229.75601801237926
8930e0365d7ffff,2590218810,254.1613479781672,254.1613479781672,282.0690564313767,303.109105507741
8930e0365dbffff,414684264,0.0,0.0,25.377405138960548,57.70817652608082
8930e036803ffff,8146884585,442.1365842173162,442.1365842173162,460.8710918810976,473.9978070342932
8930e036807ffff,13722741895,0.0,0.0,135.56803031026004,205.85649008091391
8930e036813ffff,13480993813,167.20768168695594,167.20768168695597,200.16016817822788,211.43264144440772
8930e036817ffff,4527656843,218.63137304023275,218.63137304023275,225.90558494820556,251.42186564449253
8930e03681bffff,1789842816,0.0,0.0,64.63176237081844,94.01112656187763
8930e03683bffff,4752760184,16.57571139931043,16.57571139931043,44.0990380242403,87.23970488363899
8930e036847ffff,4332551621,477.34463710610953,477.3446371061094,494.143685134401,504.4254728822015
8930e03684fffff,3901595582,304.8343714782714,304.8343714782714,312.8145222151917,318.31982889867675
8930e036857ffff,1789861942,245.41113750914906,245.41113750914906,268.87838792630447,311.979256101918
8930e036877ffff,1789842829,184.4276714253328,184.4276714253328,236.9238845243919,308.41926165754575
8930e03687bffff,11560054591,0.0,0.0,82.72826461483423,203.5551500345537
8930e036883ffff,13204980132,291.3163779065532,291.3163779065532,305.3425182508357,313.63735810324516
8930e036893ffff,13204980185,0.0,0.0,72.07689260032899,141.4719734960625
8930e03689bffff,2834984739,249.423547315333,249.42354731533302,310.673142840574,386.9853822361576
8930e0368abffff,1789843012,0.0,0.0,37.64867450085076,136.0571226493677
8930e0368afffff,4747978454,96.50738181237072,96.50738181237072,99.60404100541976,123.60468867573393
8930e0368b3ffff,7413201169,330.8043163926194,330.8043163926194,607.0494197378575,702.9891741304647
8930e036907ffff,442789222,894.2089145749861,894.2089145749864,896.1989224760518,911.5029725883537
8930e036913ffff,2280850048,190.50155027161006,190.50155027161003,221.03069821073916,265.27337568918904
8930e03691bffff,4196288377,0.0,0.0,29.80516263076534,57.89538502368978
8930e036983ffff,2824756189,157.66096494571718,157.66096494571718,209.09707437985202,236.58629458368287
8930e03698bffff,1905595367,141.78317335736634,141.78317335736634,186.1344081424673,215.07293662327092
8930e03698fffff,5406469949,193.18757091387764,193.18757091387764,229.58021175773467,285.4333654481909
8930e036993ffff,4196322501,206.01539820984726,206.0153982098473,227.52795659297283,239.1226151648798
8930e03699bffff,4196311114,216.6145556204233,216.61455562042332,224.54921575801302,245.5794807712101
8930e0369a3ffff,2876969178,197.05492512005338,197.0549251200534,212.20261303360317,291.03620012485516
8930e0369a7ffff,1685666514,263.33856042796776,263.3385604279678,269.63506725209095,340.121868292129
8930e0369afffff,2254642401,250.05004194651534,250.05004194651534,272.0111131644354,327.7766774372573
8930e0369b3ffff,4195684395,526.743007336112,526.743007336112,564.4497908557469,621.2833377649707
8930e0369b7ffff,8484329689,411.0803630773372,411.08036307733727,471.9421429512206,507.7702055756981
8930e0369bbffff,2932799887,193.50254430542307,193.50254430542307,231.20932782505787,344.9179770114459
8930e0369c7ffff,2280850026,173.6951983836057,173.69519838360574,184.9828217842237,196.55302523475984
8930e0369d7ffff,2876976121,515.113423961691,515.113423961691,554.6330057722643,571.0273016921404
8930e036abbffff,4242705570,163.67361474833763,163.67361474833763,176.10645704982016,305.920949991723
8930e036c03ffff,4370542543,0.0,0.0,88.59119863077498,127.10700539428443
8930e036c07ffff,13204980260,0.0,0.0,86.16622694189527,130.51705751788788
8930e036c0bffff,1916457981,84.27533609548153,84.27533609548155,121.71476354530053,146.70636982901073
8930e036c0fffff,1916457932,200.10290146014066,200.10290146014066,215.00789907373172,245.36630359703295
8930e036c13ffff,4370539722,272.2918123134134,272.29181231341335,277.4085046599012,289.96076775696673
8930e036c17ffff,1835221269,0.0,0.0,89.51864497855378,132.2530619857716
8930e036c1bffff,2824696255,185.770667834449,185.770667834449,209.0318792634322,253.56791255681813
8930e036c23ffff,1845153579,126.36801696409634,126.36801696409634,175.97720976285967,257.87388959514504
8930e036c27ffff,1834116173,426.6130250320375,426.61302503203757,478.2712485039142,499.913460788699
8930e036c33ffff,1845153531,270.1704813313049,270.1704813313049,350.23523554002094,387.8175909813414
8930e036c37ffff,5601230620,406.98349547044734,406.98349547044734,431.54356910598824,481.4839956717533
8930e036c3bffff,2253491177,66.73690608156932,66.73690608156932,122.39452304767104,160.13973209611765
8930e036c43ffff,4371039232,165.39465386437618,165.39465386437618,258.57256469949016,296.5063307288788
8930e036c47ffff,2841340191,212.75791021914853,212.75791021914853,270.7255736937825,316.2883952895409
8930e036c4bffff,436881772,0.0,0.0,5.212496629836392,106.72174571350747
8930e036c4fffff,4373537873,388.15241050212893,388.152410502129,398.464104128655,459.55030720452623
8930e036c53ffff,2824695039,295.0067077530259,295.00670775302586,348.8542676522648,368.2511082438212
8930e036c57ffff,4371039008,155.76858668651172,155.76858668651172,196.8633656236829,227.47695680989455
8930e036c63ffff,2841340183,247.00804663372486,247.00804663372486,268.52293890595183,287.2438794240795
8930e036c67ffff,2841340153,194.97035396609812,194.9703539660981,221.97530377781328,257.057462221904
8930e036c6bffff,2841340685,253.36067792093024,253.36067792093024,346.8321279843027,428.6142722827488
8930e036c6fffff,2841340158,576.5596929610318,576.5596929610318,603.564642772747,619.399829513933
8930e036c73ffff,2834984820,133.9895280812373,133.9895280812373,156.07181077448826,173.7964148722018
8930e036c77ffff,2253491129,0.0,0.0,66.71007451130227,112.88750646232118
8930e036c7bffff,2834984826,112.44826996309374,112.44826996309374,179.78124132315213,213.0241924148512
8930e036c83ffff,13204980313,42.25156545136162,42.25156545136162,122.27485866616169,150.85626347888703
8930e036c87ffff,2852846105,393.7828257433858,393.78282574338584,397.9716321944733,417.1433677755735
8930e036c8bffff,4370539702,122.03603794532464,122.03603794532464,145.93423292546964,154.83241355335403
8930e036c8fffff,2045932001,82.04695268252127,82.04695268252127,142.54070098832358,173.48904675997758
8930e036c93ffff,7018226845,14.747267655954513,14.747267655954513,87.38173694405991,115.07077998423159
8930e036c97ffff,1835173147,90.9736701840155,90.9736701840155,97.24434746666218,111.2107036022292
8930e036c9bffff,2824683413,149.85068136240366,149.85068136240366,156.95330340781157,172.409751061615
8930e036ca7ffff,5404739623,130.25069798152876,130.25069798152876,140.0825067622397,154.2779786765507
8930e036cafffff,1845242231,223.61861844141436,223.61861844141436,251.47646126003463,333.56954196188286
8930e036cb3ffff,1915358659,334.2077812361538,334.2077812361537,352.80570291592176,367.04837853676645
8930e036cb7ffff,3921873642,86.8143022128046,86.8143022128046,119.39385488841475,133.3266137668444
8930e036cc7ffff,4123658367,1045.6653143251183,1045.6653143251185,1065.5055305728652,1081.217626747326
8930e036cd3ffff,4125224082,0.0,0.0,33.4882523855646,80.40161046443139
8930e036cd7ffff,4370539288,301.30212428014835,301.3021242801484,306.5685822724963,320.11955719545176
8930e036d03ffff,4619505772,0.0,0.0,51.574848204506935,87.32409920679567
8930e036d07ffff,12864837508,224.10883553944538,224.10883553944538,276.5519554984477,298.5084998864107
8930e036d0bffff,2160502076,218.2849265044553,218.28492650445529,236.84354477518667,244.08891118748102
8930e036d0fffff,4619422679,111.99995779063406,111.99995779063406,112.79813733044153,116.24186479063883
8930e036d13ffff,2059839273,368.21761660068734,368.2176166006873,380.4376813164678,385.29253928422287
8930e036d17ffff,4619562253,167.99656748420279,167.99656748420279,198.1835146409363,223.0832788946933
8930e036d1bffff,5404739667,155.81144887294403,155.81144887294403,185.7189009759689,196.26737641522763
8930e036d23ffff,2825744091,1003.7764263872216,1003.7764263872215,1029.2266910780916,1042.8938044052609
8930e036d2bffff,11447702414,571.4223829675398,571.4223829675398,596.8726476584097,610.5397609855792
8930e036d33ffff,4619506610,541.4434536909001,541.4434536909,582.7795905278304,603.9629582215217
8930e036d37ffff,5406793540,613.4971781773595,613.4971781773595,615.3808489558444,655.950866004323
8930e036d3bffff,2824756451,478.7728435099395,478.77284350993955,482.63164523687107,491.0292737076915
8930e036d47ffff,2160502051,259.6966660806126,259.6966660806126,291.01526598352166,324.49650005589615
8930e036d4fffff,1834821188,0.0,0.0,193.0227025575175,436.96975897959874
8930e036d53ffff,1834146078,286.2133670667747,286.21336706677477,342.50498045654257,381.86822710423195
8930e036d57ffff,5737735259,0.0,0.0,162.96882060977677,249.13343042632218
8930e036d63ffff,2682731219,78.5815929184163,78.5815929184163,95.26004731073152,137.1128053791633
8930e036d67ffff,2282020196,72.96866358804157,72.96866358804157,103.14761887679876,113.62754613994612
8930e036d6fffff,2876976107,269.80816982837837,269.80816982837837,292.7507997736594,323.6700152368507
8930e036d73ffff,2160502080,203.1144412933164,203.11444129331642,240.9457560950687,263.52375663165316
8930e036d77ffff,2824756443,133.9499231751354,133.9499231751354,171.78123797688772,186.279682771903
8930e036d83ffff,2824735223,254.45177140400978,254.45177140400972,282.5461165161363,315.5390715050056
8930e036d87ffff,11413637574,123.77829936984031,123.77829936984031,241.84028753938276,293.8480493923557
8930e036d8bffff,2059839345,240.9497124478202,240.9497124478202,245.37287113895155,262.8665242348686
8930e036d8fffff,7607210885,201.00042793112834,201.00042793112837,227.18044469117754,316.69230405159095
8930e036d97ffff,4140716854,315.18913260251713,315.18913260251713,333.5094826808078,362.0500360177434
8930e036d9bffff,4140717414,0.0,0.0,40.80919930787577,70.43153260937432
8930e036da3ffff,10701233221,200.97269076307646,200.97269076307646,267.80850981936123,290.98139519681763
8930e036da7ffff,4619539823,289.03750854195414,289.03750854195414,350.98973378174827,377.5970099548693
8930e036dabffff,2824756166,116.85171472733502,116.85171472733502,159.73366053082583,175.80174066837617
8930e036dafffff,2824756308,137.93974137932108,137.93974137932108,191.3059959881135,218.3623577958236
8930e036db7ffff,11413637845,0.0,0.0,24.3494186422287,85.10393598281597
8930e036dbbffff,2161099553,501.15630541108976,501.1563054110899,514.0267971106875,519.1637623978128
8930e036dc3ffff,5404739661,133.44374431881533,133.44374431881533,152.52747095842548,177.55055841577357
8930e036dc7ffff,4644851121,240.44939546327564,240.44939546327564,244.6552485145321,254.64464559258445
8930e036dcbffff,5305562846,0.0,0.0,87.19067666641799,145.19656395555054
8930e036dcfffff,1834116263,234.75602800253284,234.7560280025328,236.80094862162022,243.4477165751649
8930e036dd3ffff,10603765568,66.87524077709054,66.87524077709054,127.19990222278014,154.3484991712684
8930e036dd7ffff,1843751017,40.3661227804144,40.3661227804144,52.75941903542371,57.80033180201883
8930e036ddbffff,5752905470,140.77728016012924,140.77728016012924,159.88577123438,201.08997652169592
8930e036e17ffff,10660886274,950.6233760860116,950.6233760860116,965.1488426088731,1008.6627286074737
8930e036e8fffff,13234700565,474.21677129838923,474.21677129838923,488.7422378212507,516.069899043915
8930e036eb7ffff,2834984803,400.6901514833922,400.69015148339224,408.7186917749464,481.0262013045667
8930e0a5007ffff,4604860515,1426.8082231200522,1426.8082231200524,1885.11577246317,2203.975460139621
8930e0a502fffff,5842862105,2360.8348265079885,2360.834826507989,2732.9298321272845,2978.09318470713
8930e0a503bffff,601637130,3518.661973558872,3518.6619735588724,3976.96952290199,4295.829210578441
8930e0a504bffff,2393610286,695.8941070151161,695.8941070151161,738.1825621838318,768.1746476288384
8930e0a504fffff,600611615,313.204885854018,313.204885854018,436.02592043741697,495.59677189113154
8930e0a5223ffff,5825026219,58.06885089038249,58.06885089038249,125.09545761867646,199.04276981501957
8930e0a5227ffff,4604705566,167.1926357280477,167.1926357280477,234.21924245634165,264.1198772990464
8930e0a522bffff,4663169796,255.716216552067,255.716216552067,337.75172293248073,400.6396405093692
8930e0a522fffff,4604734082,339.64463072559784,339.64463072559784,374.14379430509916,403.81148351405346
8930e0a5233ffff,12091188427,218.73650899805546,218.73650899805546,415.9074804222252,482.92135554483065
8930e0a523bffff,13743229244,486.63730986870587,486.63730986870587,586.9495089598311,643.7451956331491
8930e0a526fffff,4604357668,322.5815411796929,322.5815411796929,369.9291245900679,441.8905029080601
8930e0a527bffff,13743229161,180.0201520011263,180.0201520011263,390.7407427607218,480.4764857775219
8930e0a5287ffff,4200432868,543.6881901222548,543.6881901222547,585.9766452909705,615.9687307359771
8930e0a52a3ffff,4151933290,85.20935586128039,85.20935586128039,113.15511575015273,150.66267249225405
8930e0a52afffff,4604782782,306.6150740470721,306.6150740470721,409.82161500666405,462.85430191910956
8930e0a52b3ffff,13192060761,444.86615232934383,444.86615232934383,487.1546074980596,517.1466929430662
8930e0a52b7ffff,600611557,285.8263205229758,285.8263205229758,383.1186935742429,434.1799911839136
8930e0a52bbffff,9701881740,120.64118270545706,120.64118270545706,168.91671284479423,248.26407670465824
8930e0a5303ffff,11025042642,334.15812883138364,334.1581288313837,353.2555525334273,411.87934974871814
8930e0a530bffff,2690891141,233.0450261324874,233.04502613248738,270.5746639378068,292.1576559632137
8930e0a5313ffff,436832701,339.747589403543,339.747589403543,358.8450131055866,377.2728992999273
8930e0a531bffff,2691141119,65.82938795180196,65.82938795180196,77.11850565522161,82.8545138045004
8930e0a532bffff,7122163947,843.5949814026783,843.5949814026781,875.0600062490325,966.7084946236973
8930e0a5337ffff,601704037,1670.2313278896322,1670.2313278896322,1690.5805747600293,1751.7676185526916
8930e0a5343ffff,1327540050,0.0,0.0,37.39138122974196,86.45060945097195
8930e0a5347ffff,1327540334,0.0,0.0,13.467584469552024,58.423428042686425
8930e0a534bffff,4663170417,52.5539195831209,52.5539195831209,78.23573500756466,102.27203547456764
8930e0a534fffff,3381010579,236.87539078622007,236.87539078622007,250.3429752557721,267.8002747508345
8930e0a5353ffff,1327540033,247.34858161958374,247.34858161958374,252.104491750269,266.91383068533884
8930e0a5357ffff,2702610633,112.26576490545914,112.26576490545914,152.40928168394944,172.33945361956773
8930e0a535bffff,13743229429,182.94250314202606,182.94250314202606,204.09602721192968,216.85607437981716
8930e0a5363ffff,3280286032,0.0,0.0,66.6258121416848,101.73630596396161
8930e0a5367ffff,7122163930,231.37473151649752,231.37473151649752,290.14459125345354,330.7112277300086
8930e0a536bffff,4879769901,329.0468337263721,329.0468337263721,332.1231099190683,333.60896449972955
8930e0a536fffff,4963262704,224.67473603338243,224.67473603338243,224.97727783441812,248.42420550336533
8930e0a5373ffff,8551152854,0.0,0.0,108.91130798685143,179.3862896673411
8930e0a537bffff,4879769908,203.77272163018097,203.77272163018097,250.0031397959774,283.8584335944866
8930e0a5393ffff,2691141090,834.9944123995592,834.9944123995593,1018.5371946722826,1227.1953420242073
8930e0a53cfffff,2702610848,695.8945728781198,695.8945728781199,707.1836905815396,712.9196987308184
8930e0a53d7ffff,2691141242,1114.6685590967352,1114.6685590967354,1125.957676800155,1131.6936849494339
8930e0a5a4bffff,5818126794,275.1028089603467,275.1028089603467,391.55015670482703,457.3394213293412
8930e0a5a4fffff,10669942708,208.68637731339896,208.68637731339896,249.02892854021724,289.449927658844
8930e0a5a53ffff,10681207539,107.03404525311409,107.03404525311407,139.6411710763901,172.2980529159902
8930e0a5a6bffff,4631542221,211.95995331203864,211.95995331203864,236.15294852363763,290.6578694040665
8930e0a5ac3ffff,2142060299,160.30712221655338,160.30712221655338,381.50360438594385,489.7187593512214
8930e0a5acbffff,7495737029,234.2139410232431,234.21394102324314,279.1903341025219,295.972706271765
8930e0a5acfffff,7495737010,344.5318579475608,344.5318579475608,428.9686775418227,478.8523679554273
8930e0a5b23ffff,8456454250,166.87294403072968,166.87294403072968,194.42397256345507,208.4642395762543
8930e0a5b27ffff,4586447576,183.32104236100022,183.32104236100022,218.15695714656175,256.6563805095382
8930e0a5b2fffff,4693197765,68.02328287807859,68.02328287807859,74.49336571522741,84.8321429802803
8930e0a5b37ffff,8457229469,153.00672808788232,153.00672808788232,194.55732906540652,239.3829613541632
8930e0a5e4bffff,7122163903,928.0716713202502,928.0716713202501,959.5366961666045,1051.1851845412693
8930e0a5e5bffff,7122163960,821.6171061384871,821.617106138487,853.0821309848416,944.7306193595064
8930e0ac067ffff,2830635062,748.4532162264236,748.4532162264236,809.0449998258557,894.9467911478567
8930e0ac06fffff,2830359643,523.3219090187193,523.3219090187193,583.9136926181516,669.8154839401526
8930e0ac10fffff,8449957194,499.2675215518648,499.2675215518648,527.9608337611132,542.9380734379808
8930e0ac12bffff,2565294236,105.71896295588702,105.71896295588702,267.66932034128945,393.6830240845067
8930e0ac12fffff,7246607912,192.1113652864449,192.1113652864449,227.45386428183633,265.05742541573363
8930e0ac137ffff,1251970364,0.0,0.0,78.04385124969942,110.74977232517055
8930e0ac14fffff,4606446292,267.6070281473837,267.6070281473837,275.7647605354169,284.5244603022505
8930e0ac16bffff,8450018476,408.68309793127105,408.6830979312711,434.6167306666448,445.49606424511654
8930e0ac1a3ffff,2565294183,0.0,0.0,122.3715695143516,183.08314622453068
8930e0ac1a7ffff,1251053795,181.47932053496697,181.47932053496697,199.931639804316,209.43011839906015
8930e0ac1abffff,8449874566,160.30778545240477,160.30778545240477,166.015796900848,232.96232082717202
8930e0ac1b3ffff,5679719460,397.08785808933493,397.0878580893349,519.4594276036864,580.1710043138655
8930e0ac1bbffff,2565294184,0.0,0.0,102.38033373649529,145.87246622608163
8930e0ac303ffff,2565877046,550.3045414478742,550.3045414478742,579.3103085858478,616.9223609802276
8930e0ac317ffff,2589253621,0.0,0.0,153.04849483271875,222.07172407725605
8930e0ac31bffff,2589865656,0.0,0.0,14.528200825192378,48.8135047172892
8930e0ac323ffff,2589253581,0.0,0.0,74.73265436948296,116.0915326580767
8930e0ac327ffff,3233868983,346.0949156494126,346.09491564941266,414.6988663021518,481.23352819310884
8930e0ac32fffff,1950734668,305.27778653554543,305.27778653554543,335.62208450275614,390.35972455611295
8930e0ac337ffff,2589280573,281.59618667104695,281.596186671047,321.5320216004059,353.956043725779
8930e0ac33bffff,2589253551,71.35447994683766,71.35447994683766,145.16512617920586,194.5762540256578
8930e0ac343ffff,6854807815,534.6410242919172,534.6410242919172,549.836609017023,557.3736634750809
8930e0ac34bffff,9144740133,0.0,0.0,37.66261577104927,60.892102405174434
8930e0ac34fffff,6351390070,180.41479090300425,180.41479090300425,184.3330213799001,195.92881781808686
8930e0ac353ffff,8449596239,358.12412989237566,358.12412989237566,373.31971461748145,432.68812877722513
8930e0ac35bffff,10136668557,246.3570757129014,246.3570757129014,251.34911806595363,260.7226436765166
8930e0ac38bffff,11453855711,0.0,0.0,60.59178359943215,146.49357492143312
8930e0ac38fffff,12161484709,0.0,0.0,44.258489019668225,60.28146737073416
8930e0ac397ffff,2568329954,76.58592861042472,76.58592861042472,213.5345183975968,302.53893160948957
8930e0ac39bffff,2589858467,401.35453052948105,401.35453052948105,461.9463141289132,547.8481054509142
8930e0ac3a3ffff,4674915809,229.7990144316267,229.7990144316267,250.99602022119117,260.8209214083735
8930e0ac3a7ffff,4606489191,112.34382981726736,112.34382981726738,200.30950333643244,233.5079368381297
8930e0ac3afffff,4606489171,67.90474432291492,67.90474432291492,99.32135731645982,129.772142952364
8930e0ac3b7ffff,2562962242,186.19908066816126,186.19908066816126,192.6302994418882,201.8162411070654
8930e0ac3bbffff,3233869049,253.41613093852877,253.41613093852877,270.54740945944945,294.3426426322547
8930e0ac803ffff,2567901434,106.8845050187098,106.8845050187098,163.88332975148057,218.9711529102432
8930e0ac807ffff,2583203570,440.37408055633045,440.3740805563305,497.37290528910125,516.9465192480639
8930e0ac80bffff,2567901300,107.42245346125219,107.42245346125218,137.05621036812465,159.86255074341503
8930e0ac80fffff,4607163091,301.28680075313446,301.2868007531344,308.38712648658134,336.87692446162293
8930e0ac813ffff,2567901620,123.0633644775062,123.0633644775062,124.34913990108691,184.55752747572487
8930e0ac817ffff,2565900532,162.49677983410578,162.49677983410578,202.7161451527919,253.93486702523214
8930e0ac827ffff,4599073609,252.50310655389376,252.5031065538938,276.11381722840895,285.2794551913594
8930e0ac82fffff,2589162944,465.22822782763853,465.22822782763853,488.8389385021537,498.0045764651042
8930e0ac847ffff,2562432816,141.97516481270776,141.97516481270776,233.63274715382002,275.7003584407687
8930e0ac84bffff,2562432838,76.83880554682847,76.83880554682847,133.0340407717145,170.2762440388668
8930e0ac84fffff,2583164608,214.73709315859355,214.73709315859355,312.05808168571383,381.9619013446779
8930e0ac853ffff,13026347852,174.15964429394796,174.15964429394796,184.41468328223914,224.55558655357027
8930e0ac85bffff,2566025702,117.33983664994311,117.33983664994311,122.78115907091103,155.01502085844615
8930e0ac86fffff,3210749463,195.0617873954488,195.06178739544882,270.5088618305744,303.83057304035486
8930e0ac873ffff,13167787527,180.82494850467228,180.82494850467228,231.98773227496145,253.75468913549875
8930e0ac877ffff,13031082113,134.56937547224987,134.5693754722499,195.09241639108208,221.08673629277243
8930e0ac883ffff,2929186902,0.0,0.0,48.60126420729965,81.06928344361019
8930e0ac887ffff,2565900691,0.0,0.0,44.05387574805135,133.5431877460039
8930e0ac88bffff,2565877170,0.0,0.0,93.3163139238616,130.46973571840212
8930e0ac88fffff,2565242474,70.50021938754969,70.50021938754969,89.37627861760895,131.58564550893595
8930e0ac897ffff,2565900744,113.2484276910469,113.2484276910469,124.13095772653779,183.59944567167486
8930e0ac8a3ffff,2562447248,0.0,0.0,78.4413430522276,144.32455481355737
8930e0ac8abffff,2586710759,86.68279939987927,86.68279939987927,219.51734435382656,323.5539144969205
8930e0ac8b3ffff,8434981102,98.36224107130522,98.3622410713052,118.98521940045086,139.90044445813342
8930e0ac8b7ffff,3381049639,40.165940589018,40.165940589018,78.8963419456635,136.4065966751933
8930e0ac8bbffff,2565900665,159.30834758697426,159.30834758697426,271.5153777098774,309.6129516220927
8930e0ac8c3ffff,12312188502,71.34514047303588,71.34514047303588,98.88697961056516,144.49737339922058
8930e0ac8c7ffff,2583203484,406.120425717342,406.120425717342,411.8832190707957,426.27669733995845
8930e0ac8cbffff,2562549036,0.0,0.0,122.37682133094677,163.33994932544888
8930e0ac8cfffff,2564044140,0.0,0.0,46.98525342187802,102.06972378761056
8930e0ac8d3ffff,2583203496,190.33943794512624,190.33943794512624,215.6117824217685,267.34572280857316
8930e0ac8d7ffff,2564904380,118.3680573992302,118.3680573992302,145.14010252329234,157.1943918383137
8930e0ac8dbffff,2589093936,244.78802666966516,244.78802666966516,289.963713258523,339.5022017656466
8930e0ac903ffff,2589938532,173.21933703796145,173.21933703796145,214.8256754556252,237.14725917780177
8930e0ac907ffff,4599073643,235.26012725717408,235.26012725717408,271.3590674205583,287.063646311206
8930e0ac90bffff,2589888778,172.65721832028296,172.65721832028296,203.61635038004852,214.5994046891029
8930e0ac90fffff,1762669837,226.27460611525186,226.27460611525188,230.11878217098922,234.59633270548537
8930e0ac913ffff,1836369820,470.8949136311595,470.8949136311595,472.33143779794796,480.2020245038723
8930e0ac917ffff,1836112524,299.5679343144227,299.5679343144227,312.0920764567034,380.734198065901
8930e0ac91bffff,4599076614,212.35114823921788,212.35114823921788,283.7622241210147,312.97531298898366
8930e0ac923ffff,5793717505,0.0,0.0,532.8054775717469,755.36784938656
8930e0ac927ffff,2817022383,169.45197769032288,169.45197769032285,182.31561034698558,187.7336823624046
8930e0ac92bffff,4742526091,273.7347638229638,273.7347638229638,284.44277742900215,303.07227472186014
8930e0ac92fffff,2817027868,226.68363680440103,226.68363680440103,265.16575005754714,285.88589545510695
8930e0ac933ffff,2817016963,7.246913544874465,7.246913544874465,122.42663709576513,195.60782249085355
8930e0ac937ffff,2817021430,117.01762802709882,117.01762802709882,136.34603284057837,156.35890635636449
8930e0ac93bffff,11462388909,0.0,0.0,110.22276231989845,153.30413979334057
8930e0ac943ffff,2589920319,268.50664366530674,268.50664366530674,311.4413546104346,330.91923688592084
8930e0ac947ffff,2589888702,81.9010798416256,81.9010798416256,124.33255958051217,176.23357323344928
8930e0ac94bffff,2589163189,264.76475394305123,264.76475394305123,370.8576510715616,408.1647181511435
8930e0ac94fffff,2589198263,197.6461800227671,197.64618002276714,198.86938168018725,207.31328563134446
8930e0ac953ffff,2589163062,66.92401365273231,66.92401365273231,69.00894786209315,88.5444579882726
8930e0ac957ffff,4599073617,0.0,0.0,80.59130598870308,116.63461989457427
8930e0ac95bffff,2569239870,299.5257052856525,299.5257052856525,319.0050937315828,331.35249630599856
8930e0ac963ffff,2589942945,187.1132099001476,187.1132099001476,189.19438327445738,199.7421816433746
8930e0ac967ffff,10921828803,112.22488833449842,112.22488833449842,168.33335837314223,194.84046511413405
8930e0ac96bffff,2590228718,183.34402562183644,183.3440256218364,202.8984727126951,236.7302287450713
8930e0ac96fffff,2820355251,146.11882480334867,146.11882480334867,177.68513227345915,233.41716485070233
8930e0ac973ffff,8458506537,31.819129858533234,31.819129858533234,95.6459762670434,145.2092448958045
8930e0ac977ffff,11462389148,57.75406306160613,57.75406306160613,121.03122209396338,163.71224620967837
8930e0ac97bffff,2589942908,216.70231089024438,216.7023108902444,244.5769471291414,259.2637946109841
8930e0ac983ffff,3198646388,319.69639564774974,319.6963956477497,366.25261790837897,408.981369313214
8930e0ac993ffff,2807890835,312.1608209082941,312.1608209082941,323.56047004643574,346.1993411401949
8930e0ac99bffff,4631067768,359.4226014970944,359.4226014970944,401.9787111838953,447.2947813843022
8930e0ac9a3ffff,2814740608,113.20604102433627,113.20604102433627,122.50143858010296,140.30642117892106
8930e0ac9a7ffff,12248391024,198.85572006385186,198.85572006385186,202.43815963254303,222.80366232863116
8930e0ac9abffff,2817026201,62.825568598631634,62.825568598631634,99.39396316962318,119.78785610134173
8930e0ac9afffff,2814738771,97.18108675928848,97.18108675928848,138.8333520327516,160.5991622453259
8930e0ac9b7ffff,4598786817,75.24881018477075,75.24881018477075,79.80935445203552,107.9687024577634
8930e0ac9bbffff,11462388934,133.31584694409537,133.31584694409534,135.2330114087293,143.05771790077415
8930e0ac9cfffff,4599073638,306.1313235703867,306.1313235703867,365.67849452280626,399.735687151197
8930e0ac9d7ffff,8457095655,165.50082579884693,165.50082579884693,184.6931983037544,258.74639504026453
8930e0ac9dbffff,8166420883,340.7454575747073,340.7454575747073,400.34960369058814,421.33141298595933
8930e0aca83ffff,2565242631,152.3017554351585,152.3017554351585,175.16094641259764,224.53838282409276
8930e0aca87ffff,5443132237,0.0,0.0,181.20657714373218,283.45870706950376
8930e0aca8bffff,4606738660,78.24319850567525,78.24319850567525,91.02060796968449,109.17298868978787
8930e0aca93ffff,4606648931,56.35898946569328,56.35898946569328,81.37603311020871,129.72015698128993
8930e0aca97ffff,5442986434,83.62379475358453,83.62379475358455,88.92025219977766,117.66138068086475
8930e0aca9bffff,2568446801,116.74145614830674,116.74145614830674,139.5425499368772,168.7458251460937
8930e0acad3ffff,2586665181,283.12501100120704,283.12501100120704,309.81359912304936,366.7352516581522
8930e0acad7ffff,2565242618,0.0,0.0,74.76544091233677,113.67968966661584
8930e0acadbffff,4606717861,102.2923195442797,102.2923195442797,157.20737563952474,201.37635315793906
8930e0acb03ffff,4376953659,58.31405939588781,58.31405939588781,134.13328145803038,160.01779715626546
8930e0acb07ffff,2569259082,266.38386014505215,266.38386014505215,278.71897313852844,290.72905148402634
8930e0acb0bffff,4376915291,144.19240132547404,144.19240132547404,177.53118934956362,192.6331237758092
8930e0acb0fffff,2590252260,58.34798268624247,58.34798268624247,96.03735579483259,172.1268293161361
8930e0acb13ffff,2589928928,171.31475934996126,171.31475934996126,237.44954235406715,275.218356197673
8930e0acb17ffff,4377192261,168.84535221353076,168.8453522135308,253.67127989799002,283.1624259737019
8930e0acb23ffff,4379056147,194.63370255564027,194.6337025556403,224.49206470765404,254.91849186305421
8930e0acb27ffff,4630935159,95.22601719355042,95.22601719355042,125.08437934556414,167.8899486758675
8930e0acb2bffff,2590252156,130.81862073652735,130.81862073652735,157.45342735774895,188.22327899925054
8930e0acb2fffff,4379110624,78.95240481606527,78.95240481606527,93.76030863067146,108.64862615752793
8930e0acb33ffff,4379056120,179.25153294593747,179.25153294593747,198.1582086800634,235.73997855112182
8930e0acb37ffff,436824091,0.0,0.0,21.550996498638114,46.52863713783788
8930e0acb3bffff,4379056078,243.18753450422838,243.18753450422838,286.04257662901125,325.35092632302025
8930e0acb43ffff,12291922715,47.224016969940685,47.224016969940685,65.533078557064,113.8805530265044
8930e0acb47ffff,436801319,0.0,0.0,234.50853611157908,322.388166921391
8930e0acb4bffff,5442845431,0.0,0.0,10.498401819869368,24.206788730696285
8930e0acb4fffff,436870899,25.09836597318741,25.09836597318741,28.079349125924377,91.0858829828881
8930e0acb53ffff,2589982637,119.69930369607177,119.69930369607175,155.07113214653947,175.42871893923757
8930e0acb63ffff,4632229794,101.2681598345618,101.26815983456179,109.9419057602108,119.22441324342458
8930e0acb67ffff,7083680451,155.16145849332048,155.16145849332048,189.41181208268318,218.58513435995178
8930e0acb6bffff,4376914971,98.94383021830458,98.94383021830458,110.72973421973025,119.18209372883503
8930e0acb6fffff,2590218854,253.91393864296748,253.91393864296748,277.8005481728121,294.0557497167534
8930e0acb73ffff,2590218899,193.31986415625406,193.31986415625406,237.61886190682048,276.88736884829854
8930e0acb77ffff,4379092455,245.04461045112345,245.04461045112342,254.66194653115247,261.89406784187173
8930e0acb7bffff,4104839984,294.6706948063282,294.67069480632824,337.7583605913056,375.2520612157311
8930e0acb83ffff,2589321602,321.84442598722717,321.84442598722717,394.45215978224667,421.94534882329464
8930e0acb8bffff,2589961708,208.5961661779616,208.5961661779616,211.13903400780742,240.6388879484042
8930e0acb8fffff,2589375667,37.83851243869573,37.83851243869573,126.13603226694303,211.06687156130081
8930e0acb93ffff,13167787522,0.0,0.0,306.6865922960187,417.7688036850709
8930e0acb97ffff,11702912123,244.80463370814286,244.80463370814286,300.6238874308183,326.137414530321
8930e0acb9bffff,2589961739,90.44091748757039,90.44091748757039,163.04865128258987,190.54184032363787
8930e0acba3ffff,4665625522,89.0437651091225,89.04376510912249,160.28181195809344,191.38109134562833
8930e0acba7ffff,2589163406,127.43665659421995,127.43665659421994,171.04727865291892,189.37755485729394
8930e0acbabffff,7483895117,283.99650952853415,283.9965095285341,293.716665118185,298.64117635939476
8930e0acbafffff,4377350316,127.48381170209055,127.48381170209053,143.34221552197934,195.04245099825616
8930e0acbb7ffff,2589163342,193.80502455332058,193.8050245533206,225.79289035971027,239.20729453293794
8930e0acbbbffff,4377217956,220.0847479567684,220.08474795676838,241.49471063203106,266.520351504822
8930e0acbc7ffff,2589332563,221.4992931779633,221.49929317796332,287.6340761820692,361.01700233194697
8930e0acbcfffff,850575781,0.0,0.0,348.0855181668785,531.5346686417356
8930e0acc07ffff,3805908035,599.9072116543059,599.907211654306,620.707898898669,628.2546791740649
8930e0acc13ffff,8196204632,389.9812006468733,389.9812006468732,423.7541695408704,437.21714500577974
8930e0acc17ffff,8196330669,521.8327696629115,521.8327696629113,533.4000615255254,552.4135694032169
8930e0acc23ffff,2565900967,151.33679453953857,151.33679453953857,153.2118055955009,174.7514126591556
8930e0acc27ffff,2565900920,166.29148470153555,166.29148470153558,216.67966759585676,276.9656850184504
8930e0acc2bffff,1657349890,127.69505361917128,127.69505361917128,165.53586188843008,226.50930089602093
8930e0acc33ffff,3805908380,119.3256229334427,119.3256229334427,140.69576079169684,148.05272419579572
8930e0acc37ffff,4609000865,69.2285948327859,69.2285948327859,90.94910886806127,110.21527963505208
8930e0acc43ffff,8451916330,120.3410123950161,120.3410123950161,126.13914085944656,132.65682830529525
8930e0acc47ffff,2564044087,152.02464936068745,152.02464936068745,261.5446205428569,302.516417486213
8930e0acc53ffff,2565877039,0.0,0.0,32.75235258439518,51.91228098458879
8930e0acc57ffff,1251053771,181.4076872534738,181.4076872534738,188.16357176951536,212.32865495854767
8930e0acc5bffff,2565996518,208.01920406192028,208.01920406192028,225.09350871648897,244.2283873167772
8930e0acc6fffff,2564904275,0.0,0.0,54.27539000226481,83.78434471333703
8930e0acc77ffff,4607134492,199.36019997141423,199.36019997141423,204.94936809859675,209.14430207477332
8930e0acc83ffff,3805908672,0.0,0.0,24.760621582494277,117.26701750070676
8930e0acc87ffff,3805908720,128.75201275665654,128.75201275665654,156.6033073776489,222.0898591086894
8930e0acc8bffff,3805908431,138.790319843364,138.790319843364,141.7855360995482,197.11336752119703
8930e0acc8fffff,3805908595,114.54907259175442,114.54907259175442,196.04321159613556,226.2637807299362
8930e0acc93ffff,4606999108,295.0955512518047,295.0955512518047,337.4680926561371,361.33324238171707
8930e0acc97ffff,2891689416,453.5365720680539,453.5365720680539,476.66876053542205,489.23992821596704
8930e0acc9bffff,3805908610,72.23853351444377,72.23853351444377,103.44148745645398,170.82645219826358
8930e0acca7ffff,3804240388,203.07669041074502,203.07669041074502,219.5146079737947,230.00864310855806
8930e0accabffff,3805908446,528.4174047466739,528.4174047466739,551.3946080791552,576.1685077854747
8930e0accafffff,1906282404,72.06275924074879,72.06275924074879,86.18047970307208,94.25424684103098
8930e0accb3ffff,2562954565,268.97700106544744,268.97700106544744,296.8282956864398,320.26274572923336
8930e0accb7ffff,2562954558,0.0,0.0,139.96674269576468,207.75971066704787
8930e0accbbffff,3805908655,141.74793314605915,141.74793314605915,164.9152681692576,242.15886751115227
8930e0accc3ffff,2289450030,165.15175172819022,165.15175172819022,230.32095912320364,277.48115839194986
8930e0accc7ffff,4607104347,107.69458327174884,107.69458327174884,129.32861071556812,167.26135985746754
8930e0acccbffff,1251970367,138.0860996622394,138.0860996622394,183.035308628623,220.0814731396281
8930e0acccfffff,8451822006,248.0248574946254,248.0248574946254,281.06193193678985,292.5648863853998
8930e0accd3ffff,3805908023,191.4691238621735,191.4691238621735,192.8555350653636,209.31349284211944
8930e0accd7ffff,3805908402,0.0,0.0,65.4023281802018,97.23979417385425
8930e0acd07ffff,2807888243,215.68630773709393,215.68630773709393,245.61274934615568,259.28791312236945
8930e0acd0bffff,13727247696,176.7249992617799,176.7249992617799,252.34763870293006,297.6743889685441
8930e0acd0fffff,4640623391,219.51173134690904,219.51173134690902,280.3256275494326,375.46909260065814
8930e0acd13ffff,3804240561,117.57109650444342,117.57109650444342,195.37891114314507,229.0739803534791
8930e0acd1bffff,436859173,60.1076447220504,60.1076447220504,60.200640085443396,77.32729324355161
8930e0acd23ffff,2808304326,154.46020456131663,154.46020456131663,199.99514039938856,238.1052460897474
8930e0acd27ffff,13127327861,99.532735541128,99.532735541128,150.82546336461087,192.97087570497524
8930e0acd2bffff,2807895939,0.0,0.0,11.750174361452185,106.6735475387801
8930e0acd2fffff,5210685131,229.28250591535482,229.28250591535482,274.0175733666284,300.56914912505084
8930e0acd37ffff,2623124456,104.74826786315948,104.74826786315948,137.23220931763115,156.09564058112537
8930e0acd3bffff,2808304337,119.38559330614625,119.38559330614625,227.39106176820246,264.1434833556705
8930e0acd43ffff,1906282377,0.0,0.0,140.02483308802033,188.68401782119122
8930e0acd47ffff,436858846,86.82937908122379,86.82937908122379,171.02212452510375,204.1959254639089
8930e0acd4bffff,2565900806,260.9835577345271,260.9835577345271,261.62103516706895,303.9733967091154
8930e0acd4fffff,3381049638,0.0,0.0,140.02483308802033,190.72223159806222
8930e0acd53ffff,2803438537,110.18424587646146,110.18424587646146,112.66220500547745,119.7112005081479
8930e0acd57ffff,2803438531,175.73501156034115,175.73501156034115,289.19478719426957,335.07588762425365
8930e0acd5bffff,2565900910,0.0,0.0,125.62345110261609,186.0950119803464
8930e0acd63ffff,2812381864,0.0,0.0,14.42916868241348,86.3804973884259
8930e0acd67ffff,2808311040,60.041187599057736,60.041187599057736,146.15211846908923,180.08385955764834
8930e0acd6bffff,2812381858,127.68284160594132,127.68284160594132,137.63990962268838,172.08963259974396
8930e0acd6fffff,2803469160,0.0,0.0,42.556109686800944,59.50144009600721
8930e0acd73ffff,436841927,176.275142931683,176.27514293168304,202.28207617596553,246.4531721073863
8930e0acd77ffff,2810910018,42.40004212418797,42.40004212418797,62.48566691700405,112.84429242214152
8930e0acd7bffff,8456732023,214.76229451866612,214.76229451866612,231.9391312655012,237.99959632979383
8930e0acd83ffff,13671671958,414.6699604668822,414.66996046688223,420.0821003138146,425.5782517674591
8930e0acd87ffff,2659647193,6.753565484963824,6.753565484963824,147.1388398469981,197.41968989487364
8930e0acd8bffff,2848435577,152.06078735218185,152.06078735218182,249.1517672244821,322.58499297465517
8930e0acd8fffff,2848435610,86.0097125371848,86.0097125371848,109.52646187867467,183.17697320697025
8930e0acd93ffff,2659647295,49.554268524753354,49.554268524753354,53.552346917442506,75.25207128249839
8930e0acd97ffff,8455809968,239.13907540167935,239.13907540167935,285.02582674585483,305.43180757609133
8930e0acd9bffff,2848435633,461.19804241775364,461.19804241775364,559.4825460269469,592.9824804891017
8930e0acda7ffff,2659647208,463.3119770945069,463.3119770945069,560.21257474308,597.6006012986683
8930e0acdabffff,2849739842,344.4332420622939,344.43324206229386,429.6567359545348,473.74240014627503
8930e0acdafffff,2615818119,92.3830749005738,92.3830749005738,202.39709267769274,258.17474792241933
8930e0acdb3ffff,4600265515,102.36989741572434,102.36989741572434,170.5166684205626,200.0281000203096
8930e0acdb7ffff,2825886975,177.90735017678506,177.9073501767851,210.4025282275581,230.63994494263076
8930e0acdbbffff,2592246530,276.2397360456065,276.2397360456065,299.7564853870964,381.78323583967705
8930e0acdc3ffff,3804240343,209.8502579513484,209.85025795134837,239.4315973781056,268.5141465697315
8930e0acdc7ffff,3804240419,162.50510056820687,162.50510056820687,226.63516353979713,253.72335011820292
8930e0acdcbffff,4609000872,67.00704257049746,67.00704257049746,130.02771764231758,155.83504405836393
8930e0acdcfffff,4607423323,64.65770247885673,64.65770247885673,100.38691831677187,132.41652353785017
8930e0acdd3ffff,2848435508,98.13383701846544,98.13383701846544,112.86392582173953,241.77216807173113
8930e0acdd7ffff,2849733024,234.51448084311238,234.51448084311238,251.5326713169194,321.10255837347677
8930e0acddbffff,3804240276,147.57218178262644,147.57218178262644,174.3688081790452,185.04575325550013
8930e0ace03ffff,6618679790,206.02387679081912,206.02387679081912,240.0207126888012,252.4509116507181
8930e0ace07ffff,2568446625,255.20050340877344,255.20050340877344,291.3905716517978,311.2463740686239
8930e0ace0bffff,1962337762,131.3772784296466,131.3772784296466,151.973667334467,193.20176683171564
8930e0ace0fffff,3233869075,0.0,0.0,86.7126447489272,190.70283930408561
8930e0ace17ffff,2565900520,212.01937443449378,212.01937443449378,275.8007125318361,300.081015872302
8930e0ace1bffff,4607217248,128.0437152506972,128.0437152506972,148.40141605272646,160.34134554493104
8930e0ace23ffff,2566026068,269.64096496049046,269.64096496049046,289.6746379894116,307.93568694034667
8930e0ace27ffff,2562430441,426.3992544203881,426.3992544203881,441.73388032818536,453.68211495631186
8930e0ace2bffff,2568446793,121.44674960802172,121.44674960802172,148.6515350481614,173.5520382747203
8930e0ace2fffff,4607150970,231.17759883244065,231.17759883244068,235.5544966325579,247.25794323131194
8930e0ace33ffff,10852977453,114.04672924704354,114.04672924704354,205.90971456980992,238.47065720576984
8930e0ace37ffff,2564904425,188.6110646772897,188.6110646772897,216.84391776308604,245.80138373238495
8930e0ace43ffff,2586336872,266.14524002597346,266.14524002597346,285.1492281105882,319.6989687495249
8930e0ace53ffff,1950719067,0.0,0.0,123.39988724337951,174.60761248770677
8930e0ace57ffff,2589253499,67.91129925515902,67.91129925515902,69.29957352550663,103.19945196436595
8930e0ace5bffff,4606569362,119.33667980922672,119.33667980922672,172.885589807425,208.0454547694801
8930e0ace67ffff,2568446816,77.9166482671224,77.9166482671224,107.99063962777996,132.191419724596
8930e0ace6fffff,4606717872,246.06669756597813,246.06669756597813,281.2175809588248,300.1680838094122
8930e0ace83ffff,4606948621,318.38580439623536,318.38580439623536,394.2145716339114,454.60748501908574
8930e0ace87ffff,8452019239,146.36209283558583,146.36209283558583,169.96262783912456,212.85773820652608
8930e0ace8bffff,2565242342,220.1071791513391,220.10717915133912,228.3755058533959,254.7111807603798
8930e0ace8fffff,2562459802,296.99449224162186,296.99449224162186,372.8232594792979,408.1749889196297
8930e0acea3ffff,2564930446,149.17892503420626,149.17892503420626,152.55966756965637,163.8535945164974
8930e0acea7ffff,2562447218,161.1482372250092,161.1482372250092,202.50611144978006,230.853763774587
8930e0aceabffff,2684253265,63.24702223621605,63.24702223621605,100.74792698049326,130.0914882602734
8930e0aceafffff,2566025936,23.588909912911582,23.588909912911582,68.76459650176945,111.70872163395036
8930e0aceb3ffff,2562430427,64.62598478403706,64.62598478403706,133.9609316880596,158.45365742566557
8930e0aceb7ffff,4607226964,270.58862052372143,270.58862052372143,336.02494226111867,368.7133688522926
8930e0acebbffff,4606948608,118.00968070273709,118.00968070273709,128.98637248938203,162.15458646657763
8930e0acec3ffff,4606858780,262.0046602102706,262.0046602102705,317.9390076664581,341.73781937671544
8930e0acec7ffff,4606882098,0.0,0.0,116.39241556014218,160.3439166383844
8930e0acecbffff,4606866195,154.56321959411332,154.56321959411332,203.38595849395242,248.88686724464023
8930e0acecfffff,2565877076,12.12399239352361,12.12399239352361,88.74460563653074,151.92510470241942
8930e0acedbffff,4606489503,141.98235877664843,141.98235877664843,174.60491699768764,211.3276791781916
8930e0adc87ffff,10136657795,1088.563491773712,1088.563491773712,1093.5555341267643,1102.9290597373274
8930e0adc93ffff,7756001175,0.0,0.0,75.5721676574338,152.6126781715155
8930e0adc97ffff,5956373180,265.43059776831774,265.43059776831774,277.75821552746595,282.09680840195404
8930e0adcb3ffff,7045560821,225.55692925429022,225.55692925429022,232.81003468683798,266.92195849695014
8930e0add03ffff,10219546083,186.57493334180674,186.57493334180674,188.4487121960221,259.832437361813
8930e0add13ffff,4646455509,225.25481327733877,225.25481327733874,289.95088252843135,354.80161322423595
8930e0add17ffff,2589332528,104.67440890042354,104.67440890042354,169.37047815151618,207.8612674945568
8930e0add83ffff,4605197943,58.60476765304482,58.60476765304482,167.6565221780884,255.734214704048
8930e0add87ffff,2589332541,0.0,0.0,26.206097056754874,94.63513667801108
8930e0add8bffff,7478422608,126.73549841153934,126.73549841153934,158.8563386954317,234.5654790469697
8930e0add97ffff,8508832818,91.12331457389881,91.12331457389881,151.86881445370284,183.1177188971375
8930e0adda3ffff,6158231028,156.38885913012277,156.38885913012277,264.4406521176055,325.40353755000393
8930e0ae1b7ffff,2697134624,214.8844153013238,214.88441530132383,216.19889807153265,307.7980607973043
8930e0ae807ffff,1792630293,96.94764214894717,96.94764214894717,138.81043363928472,168.65738816658327
8930e0ae80bffff,4688181206,465.6486872530354,465.6486872530354,544.6461910981587,587.9182717815698
8930e0ae80fffff,1791465174,227.92140203140156,227.92140203140156,314.8411478939246,350.62634826224183
8930e0ae813ffff,4643800890,479.7209279105435,479.72092791054354,500.3806829160273,544.6445197749022
8930e0ae817ffff,1791286140,0.0,0.0,56.065877785570486,95.30526762618872
8930e0ae823ffff,4706229358,219.40638241077968,219.40638241077968,282.91905488941154,304.21119913079536
8930e0ae827ffff,1792807689,272.7199583588823,272.71995835888237,287.227230900643,342.4992391810262
8930e0ae82bffff,1792630203,333.6156513822592,333.6156513822592,345.5402959485031,365.39477650460975
8930e0ae82fffff,10651698313,399.8983366110606,399.89833661106053,455.9716399229985,490.4380303551866
8930e0ae833ffff,4640021711,0.0,0.0,9.509902685700169,85.99548774655493
8930e0ae837ffff,1792807737,457.9259022921556,457.92590229215557,461.89516359300995,483.56583878148217
8930e0ae83bffff,1791465257,0.0,0.0,29.098904094254042,81.26157385993314
8930e0ae843ffff,4681573009,309.38022965228055,309.38022965228055,348.19220649344163,364.76329857383183
8930e0ae847ffff,4688180822,145.5946124260132,145.5946124260132,224.59211627113652,298.38077598804745
8930e0ae84bffff,2353088423,214.21169901385687,214.21169901385687,240.40087799466113,260.565534984616
8930e0ae84fffff,2353088447,144.38655253692028,144.3865525369203,161.21059918499938,211.9375473102747
8930e0ae857ffff,4681264082,147.09120164239727,147.09120164239724,323.95249454615555,403.85353422955427
8930e0ae863ffff,5942899555,219.51302308379505,219.51302308379505,237.53506981123314,282.92315743657736
8930e0ae867ffff,2826045269,139.2745068028774,139.2745068028774,151.7922179721698,158.14307703477476
8930e0ae86bffff,5942933120,235.61739769480442,235.6173976948044,294.7614378356393,329.6183000865236
8930e0ae86fffff,1994654317,186.23760359153465,186.23760359153468,210.71734369435,233.6384735233646
8930e0ae873ffff,1791464794,330.9260432282675,330.9260432282675,380.8584175418956,405.2350685515162
8930e0ae877ffff,2826045298,130.08169920788578,130.08169920788578,175.5111209996639,243.3591619068525
8930e0ae87bffff,4681776479,112.59012562309286,112.59012562309286,139.7899808510813,154.81359112961994
8930e0ae883ffff,4603039154,0.0,0.0,78.11767174285313,124.81728976479549
8930e0ae887ffff,4634168003,184.51320535546574,184.51320535546571,203.88210212768803,216.54692737287633
8930e0ae88bffff,2359012480,0.0,0.0,215.98187868382297,292.06807865869894
8930e0ae88fffff,1792630587,349.8851500599153,349.88515005991525,379.7533693485402,417.0372678535864
8930e0ae893ffff,4640190411,309.4172635357009,309.4172635357009,313.4619252406012,319.1670895342781
8930e0ae897ffff,4634699729,0.0,0.0,120.64448079343732,171.37890434837936
8930e0ae89bffff,1791286428,237.07470453226634,237.07470453226637,254.7971713556949,264.53623806120123
8930e0ae8a7ffff,4640021643,191.93238326638007,191.93238326638007,192.73542801144626,198.5899962100757
8930e0ae8abffff,4637972563,434.51024879650964,434.5102487965096,436.07645604413,448.4630438153069
8930e0ae8afffff,436813491,115.82417446626106,115.82417446626106,136.71758286463617,193.90218684839658
8930e0ae8bbffff,4637972223,175.88832558011768,175.8883255801177,224.5704690372492,252.01050099093288
8930e0ae8c7ffff,4635036655,189.56515623697229,189.56515623697229,250.41820494511074,281.0911063580187
8930e0ae8d7ffff,1792630335,94.47182946152401,94.47182946152401,123.83699737430548,152.77061177816344
8930e0ae8dbffff,10981981364,94.1528374119853,94.1528374119853,124.59181967300437,214.5269190756495
8930e0ae903ffff,10650821778,293.71743983616113,293.71743983616113,306.55136774576977,318.48562708211205
8930e0ae907ffff,4602179859,162.64408198960888,162.64408198960888,185.93760840301536,199.3840039376282
8930e0ae90bffff,2826059918,125.28207938119816,125.28207938119816,127.99417815182588,138.82919000304602
8930e0ae90fffff,4602179810,124.23821494128241,124.23821494128241,126.8882066101583,131.9703578274998
8930e0ae913ffff,10650821723,496.29633995410836,496.2963399541084,525.060017236229,563.182319354848
8930e0ae923ffff,2825875091,229.716483535425,229.716483535425,260.44035515553514,319.9396398301986
8930e0ae927ffff,3042643872,143.30201883318588,143.30201883318588,245.4639369435625,293.27172469549606
8930e0ae92fffff,4605022146,200.47277749827714,200.47277749827714,246.48871984909368,276.374839382827
8930e0ae933ffff,5620151512,198.9364605650148,198.93646056501484,217.0392721388124,237.21024411530502
8930e0ae937ffff,10688019493,48.25068111605534,48.25068111605534,178.4809032337338,222.53644486262058
8930e0ae93bffff,13039736065,72.51091083129889,72.51091083129889,96.07025472551047,106.99466685767011
8930e0ae943ffff,4706049115,215.15979096216623,215.15979096216623,218.66971852205432,236.14167802887923
8930e0ae947ffff,2825977165,137.48803996785975,137.48803996785975,144.71609193974257,185.01124797735636
8930e0ae94bffff,8451921559,163.08727299271445,163.08727299271445,176.22295862220415,187.91082137501496
8930e0ae94fffff,2826052986,166.74049552303626,166.74049552303626,193.46973139867686,203.8760304177208
8930e0ae957ffff,2825971923,255.4985773066134,255.4985773066134,296.39650132112854,312.983439083777
8930e0ae95bffff,4706548384,94.0074563612923,94.0074563612923,131.17413015030394,185.96845774366724
8930e0ae963ffff,3076788941,453.2924326307615,453.2924326307614,497.5267187337919,521.7304877315152
8930e0ae973ffff,2456438557,0.0,0.0,103.08725230441618,138.3342484560441
8930e0ae977ffff,4602170650,243.86840911631896,243.868409116319,280.7961738356288,315.7814623812981
8930e0ae97bffff,4602161867,259.7793451373863,259.7793451373863,266.46085467453105,315.2763363511569
8930e0ae983ffff,4654766318,178.09387381118947,178.09387381118944,180.00755842255228,244.02687470529995
8930e0ae987ffff,4636757874,0.0,0.0,52.44482275916598,100.43076984864706
8930e0ae98bffff,4604976343,107.68843880666287,107.68843880666287,118.69398106399191,130.5858373855186
8930e0ae98fffff,5807435072,22.828376370923486,22.828376370923486,40.6801402135441,66.78537386626232
8930e0ae993ffff,4661695698,76.27835597435958,76.27835597435958,214.38790968734355,291.0630984083546
8930e0ae997ffff,10651562640,356.4663845145699,356.4663845145699,369.05524370548704,421.55996731581223
8930e0ae9a3ffff,5356262063,0.0,0.0,100.07819844504483,146.61257854456676
8930e0ae9a7ffff,5356262326,152.6496041949473,152.6496041949473,176.8425994065463,245.9751834227679
8930e0ae9abffff,5807350390,184.3848245283804,184.3848245283804,189.19156940249627,268.49611179283704
8930e0ae9afffff,10688019333,260.56127077769105,260.5612707776911,265.368015651807,301.5198509482431
8930e0ae9b3ffff,10814323694,0.0,0.0,99.45556691541796,151.33973746946415
8930e0ae9b7ffff,10669763554,261.6584846057977,261.65848460579764,302.0904893817741,345.08513243362387
8930e0ae9bbffff,5807350137,93.62187104899834,93.62187104899834,127.89480810084271,141.15445717324906
8930e0ae9c3ffff,10651776174,409.4484037176392,409.4484037176392,453.4288167971439,469.97128564356893
8930e0ae9d3ffff,4639103879,240.484469653218,240.48446965321804,260.21989541209166,280.49206800825783
8930e0ae9d7ffff,2825958979,353.92986670616114,353.9298667061611,360.9349224960692,366.8128964344785
8930e0ae9dbffff,12075114226,113.25027204167112,113.25027204167112,127.40678554452839,157.44823006163162
8930e0aea0fffff,11228836519,475.1048837918986,475.1048837918985,648.3032070699794,706.8440075718055
8930e0aea17ffff,2353040489,274.90599297991014,274.90599297991014,307.4715757592357,318.9793076753122
8930e0aea23ffff,603146280,287.4770192325579,287.4770192325579,327.8881820379827,377.34137943148545
8930e0aea27ffff,2609013749,170.2652095544334,170.2652095544334,178.6331797428217,219.9444331311652
8930e0aea2bffff,10778284035,431.1371435577735,431.1371435577735,562.2068376601717,620.091793363537
8930e0aea2fffff,2614136869,417.28060618417294,417.28060618417294,483.43147136088237,506.3034055545583
8930e0aea33ffff,2353116936,69.56220298748765,69.56220298748765,186.53494691057236,255.46857701566918
8930e0aea37ffff,605037277,131.25423576952429,131.25423576952429,134.83640668274128,177.7429264961419
8930e0aea3bffff,10778284328,370.41185366266427,370.4118536626643,427.30729245405723,515.6130672299086
8930e0aea57ffff,8449746743,87.25917563896023,87.25917563896023,102.57801121660162,148.7875155611961
8930e0aea63ffff,2289450013,0.0,0.0,78.98764201726806,131.4743959301383
8930e0aea67ffff,3805908703,24.282203321116196,24.282203321116196,155.35189742351434,215.67353880597474
8930e0aea6fffff,3805908560,120.47818277979363,120.47818277979363,131.79027419439439,141.89249927619647
8930e0aea73ffff,2352510005,174.40151413366445,174.40151413366442,234.62549108503583,278.66766565583185
8930e0aea7bffff,614560007,279.2536999357769,279.2536999357769,312.0404208507249,401.7852957410005
8930e0aea83ffff,605044099,504.64604192814033,504.6460419281404,566.1433018258186,587.750804538005
8930e0aea87ffff,2353040494,175.02156738651945,175.02156738651945,231.75383278153365,251.77300399283203
8930e0aea8fffff,2353040508,347.99789539992145,347.99789539992145,414.47892078072823,458.3496510938808
8930e0aeaa3ffff,2353116947,266.1483029489337,266.14830294893375,324.3301242427657,353.1420578337249
8930e0aeaa7ffff,606946922,243.7367032947679,243.7367032947679,264.80180266203325,273.38659061125014
8930e0aeaabffff,605037073,161.50020189483803,161.50020189483806,195.04459115861567,227.9364427660919
8930e0aeaafffff,3663484706,347.51693477943525,347.5169347794353,375.5041556510341,391.96680691421426
8930e0aeab3ffff,4688585493,22.98336240606416,22.983362406064163,56.66609973683514,107.02984981495435
8930e0aeab7ffff,605037361,141.59104115202257,141.59104115202257,205.39807295231753,255.7964520891678
8930e0aeabbffff,2353040527,146.9709164157898,146.9709164157898,179.53649919511537,193.9314903314255
8930e0aeb03ffff,605209857,116.62568145393467,116.62568145393467,181.75418526486368,211.64217731530462
8930e0aeb07ffff,4600862946,139.0518017728112,139.0518017728112,167.29234984059684,182.04365113046347
8930e0aeb0bffff,605209992,178.5917140485409,178.59171404854092,187.41263953175252,205.991485946367
8930e0aeb0fffff,2825994979,192.12261550265148,192.1226155026515,227.676663823445,277.7373002997433
8930e0aeb13ffff,4491994196,286.21242698325864,286.2124269832587,351.34093079418767,408.0276113714099
8930e0aeb17ffff,4491994192,189.81396699566568,189.81396699566568,248.31029114366234,281.83946334314413
8930e0aeb1bffff,2826013026,157.98278004194003,157.98278004194006,216.29338533059075,251.3687916803516
8930e0aeb23ffff,1784519503,0.0,0.0,23.32936766626701,58.299841861716835
8930e0aeb27ffff,2825790798,71.79477424601302,71.79477424601302,72.56059890283228,115.40608438417978
8930e0aeb2bffff,2825792483,219.531821365233,219.531821365233,221.5687598201828,231.58576282214617
8930e0aeb2fffff,2825791306,119.44169815159876,119.44169815159876,162.79201372172935,190.32883895365117
8930e0aeb33ffff,661023750,146.9808365459811,146.9808365459811,152.34145404007734,188.80764265712165
8930e0aeb37ffff,10629620426,184.53101872917375,184.53101872917375,214.27674065038153,234.65145022165044
8930e0aeb3bffff,2825792489,55.52135724103436,55.52135724103436,55.59506936626341,82.40403233250065
8930e0aeb43ffff,2602464471,292.1785058029063,292.17850580290633,319.54084218360805,329.25677103557734
8930e0aeb47ffff,2353116895,0.0,0.0,11.887352389102007,29.073101696581357
8930e0aeb4bffff,2891689421,403.2357907251511,403.2357907251511,427.82462560914615,525.3089447931893
8930e0aeb4fffff,2562954570,374.69230980069244,374.6923098006925,386.5796621897945,407.9505308845185
8930e0aeb53ffff,4602541939,224.90532193497467,224.90532193497467,229.85441760206265,268.07162423578035
8930e0aeb57ffff,2614135290,168.49842455781643,168.49842455781643,185.3683759194936,195.38359671914512
8930e0aeb5bffff,2623539535,473.7900188329345,473.7900188329344,479.0585425785371,506.23334983269234
8930e0aeb63ffff,2659647127,97.89312706251634,97.89312706251634,107.1908534435278,110.37846190235473
8930e0aeb67ffff,4311917748,162.33864769933797,162.33864769933797,170.15406460714146,185.01303403670485
8930e0aeb6bffff,4608984020,318.78940196020983,318.78940196020983,372.9107768822089,428.31191981295757
8930e0aeb6fffff,4608981927,296.0355685667584,296.03556856675834,393.68570686529324,448.24101641851183
8930e0aeb73ffff,4600850574,175.3384678205636,175.3384678205636,222.14474670210234,238.61357145848527
8930e0aeb77ffff,661023760,184.67276483208153,184.67276483208155,186.65063235352687,197.50137043883424
8930e0aeb83ffff,2826048166,211.2373442891037,211.2373442891037,249.82622474955988,262.89019977574367
8930e0aeb87ffff,2825987602,116.19958251158074,116.19958251158074,135.1029740344607,153.5573384017973
8930e0aeb8bffff,4600912368,262.59768263701403,262.597682637014,285.4049963722597,318.43788962791916
8930e0aeb8fffff,4600912369,437.03933674438434,437.03933674438434,475.9297395138882,490.7520500929697
8930e0aeb93ffff,12078256211,244.77035522571578,244.77035522571578,252.16574706429887,269.8601796194923
8930e0aeb97ffff,2826050955,112.19518110799558,112.19518110799558,149.7175683301968,167.15529196331929
8930e0aeb9bffff,2353095891,0.0,0.0,68.17400320996832,100.74174123062976
8930e0aebabffff,4600899561,116.15263540265397,116.15263540265397,120.58075639945709,150.73381701098597
8930e0aebb3ffff,4602122417,232.3664025992129,232.3664025992129,248.5098375221563,262.2671706787125
8930e0aebbbffff,2826011996,187.02080735031734,187.02080735031734,204.45250037515527,228.03024016171616
8930e0aebc3ffff,606946966,286.9161305259835,286.9161305259836,314.9033513975824,328.36736022325164
8930e0aebc7ffff,8451638204,664.228592052943,664.2285920529431,703.8529777655673,717.3525845912142
8930e0aebcbffff,606947102,0.0,0.0,79.43586580020595,133.38620728235637
8930e0aebcfffff,606947071,153.86697354171903,153.866973541719,182.45805274194407,223.6878927702081
8930e0aebd3ffff,606947001,0.0,0.0,49.33279281430163,82.78638737435412
8930e0aebd7ffff,1994654253,0.0,0.0,22.807313735245735,94.23175140581333
8930e0aebdbffff,606946973,111.58094721936483,111.58094721936483,139.56816809096364,196.87662760983326
8930e0aec07ffff,4875096513,95.52254109956361,95.52254109956361,105.8769122405098,125.69797809608762
8930e0aec0bffff,4602811593,163.01313709334536,163.01313709334536,180.52980336505925,196.93338722589132
8930e0aec13ffff,11196180179,368.32253720119314,368.32253720119314,375.89772697596186,378.7781552720838
8930e0aec17ffff,4604019450,321.66394627930305,321.66394627930305,325.9342320322278,340.13160106982673
8930e0aec1bffff,4602810474,74.82208564997883,74.82208564997883,106.63367329965658,154.72050482756782
8930e0aec23ffff,4688637835,0.0,0.0,52.0909690490978,90.6052699852757
8930e0aec2fffff,4634424307,146.62437594104702,146.62437594104702,212.04055083134062,242.57036840301862
8930e0aec33ffff,8167145389,399.0846464866328,399.0846464866327,399.3682959441802,431.57126380338826
8930e0aec37ffff,4959217863,340.69939211127604,340.69939211127604,356.9577313866532,394.4855958518045
8930e0aec3bffff,4602818005,239.66255537993064,239.66255537993064,348.92192750846567,420.06903091737587
8930e0aec53ffff,7983746406,487.05160666349497,487.05160666349497,528.040745277912,647.7293667269815
8930e0aec63ffff,4601063962,0.0,0.0,186.86034016586774,295.7273287586257
8930e0aec67ffff,4601063956,357.20838468757483,357.20838468757483,398.13224223745186,415.2457315422586
8930e0aec6bffff,4602704481,78.27375525342606,78.27375525342606,131.63044190815833,189.90121350432358
8930e0aec6fffff,4601063949,117.62589563210828,117.62589563210828,123.29495304103148,164.4440277481449
8930e0aec73ffff,4869565850,88.39361043761025,88.39361043761025,140.10267565869282,224.0221287148072
8930e0aec77ffff,4869565886,47.98022556287165,47.98022556287165,182.14578801261263,261.1691785567563
8930e0aec7bffff,4641608323,165.2255883572566,165.2255883572566,254.66571011874663,286.3091829189469
8930e0aec83ffff,7048881530,427.2534031867452,427.25340318674523,453.08019589424487,471.19352856645656
8930e0aec87ffff,4604596534,0.0,0.0,5.919631647026824,84.01039515955601
8930e0aec8bffff,4603972024,149.34139400568466,149.34139400568466,193.60592078631993,232.4011052098433
8930e0aec8fffff,4603980674,51.113626915953226,51.113626915953226,52.07132611727188,78.47435662487729
8930e0aec93ffff,4603993517,157.07189991838413,157.07189991838413,313.13209969689404,376.9902557481924
8930e0aec97ffff,1327540166,424.89061137748274,424.89061137748274,425.4231980382141,429.5471480231424
8930e0aec9bffff,2356794742,364.0102071235774,364.01020712357746,446.43311710157536,485.6671722036811
8930e0aeca3ffff,4604102194,0.0,0.0,57.48007237748124,94.61708286938534
8930e0aeca7ffff,10814323756,0.0,0.0,120.93239272497576,175.77502354873704
8930e0aecabffff,4875096471,125.57445112451536,125.57445112451536,175.45581115954596,265.5999754994818
8930e0aecb3ffff,1327540700,142.88557540977808,142.88557540977808,159.90944949755573,187.57108661916345
8930e0aecb7ffff,12979240478,0.0,0.0,127.97153116289213,208.9487564688437
8930e0aecbbffff,4604024517,164.66447771544944,164.6644777154494,191.52443624009163,244.68563604818783
8930e0aecc3ffff,2697135323,182.26173153362987,182.26173153362987,449.1994982300704,595.9308071546338
8930e0aecc7ffff,4602990149,117.41953330751682,117.41953330751682,135.70802827765164,171.44743210690524
8930e0aeccbffff,7983746344,437.3750883404619,437.3750883404619,577.1888105110846,636.6098116984741
8930e0aeccfffff,4663083597,518.2164110856328,518.2164110856328,643.2385498453976,694.9915382604728
8930e0aecd3ffff,2697134573,319.0093395777911,319.009339577791,501.3589961989715,566.0614494342561
8930e0aecd7ffff,2294474296,253.80981568227276,253.80981568227276,265.72616748641326,272.87981210251917
8930e0aecdbffff,7983746315,219.89412696801787,219.8941269680179,510.14707818408004,639.3707456741082
8930e0aed0fffff,5975273147,0.0,0.0,36.302950337392225,185.44332022747622
8930e0aed23ffff,2825946966,54.81843351898892,54.81843351898892,111.52877499709214,132.78690485441734
8930e0aed27ffff,2825950823,257.4763413794488,257.4763413794488,261.35008133691474,283.9843104155743
8930e0aed2bffff,4872343771,0.0,0.0,139.09884934163875,185.8558810968285
8930e0aed2fffff,4661459573,198.864537986538,198.864537986538,203.98856769138234,231.38977585445863
8930e0aed37ffff,2825951105,101.97605653256333,101.97605653256333,143.1784009025437,167.25148441126424
8930e0aed3bffff,4603061167,252.50658920667018,252.50658920667018,300.1971938892608,324.10575516205046
8930e0aed43ffff,12469337621,315.80481817517654,315.80481817517654,340.46921123512845,356.48428953536705
8930e0aed47ffff,8842710205,729.3586317405793,729.3586317405793,735.5598901559572,751.3754652096753
8930e0aed4bffff,5824749339,379.01052651592977,379.01052651592977,391.15241172494785,406.3895369530125
8930e0aed4fffff,4872343798,0.0,0.0,135.96988385365296,243.88719063441135
8930e0aed57ffff,9357220794,451.2190357775226,451.2190357775226,549.8820777471774,607.006301057285
8930e0aed5bffff,4690575500,48.48869046879091,48.48869046879091,60.12944988217764,68.37677758026852
8930e0aed63ffff,4603061169,298.117633143976,298.11763314397604,317.10811327496333,329.62917668841334
8930e0aed67ffff,7451000457,214.3147640035578,214.3147640035578,277.47102720621535,301.31189422674515
8930e0aed6fffff,2825946962,30.862469632937728,30.862469632937728,57.75784165007085,69.85903726092222
8930e0aed73ffff,5913843572,147.37234951655,147.37234951655,356.2569214923153,444.63974461070137
8930e0aed7bffff,4603054938,288.30908875647793,288.30908875647793,307.29956888746517,319.8206323009152
8930e0aed83ffff,7122163919,63.248017330479364,63.248017330479364,94.71304217683391,186.36153055149876
8930e0aed87ffff,7122163911,561.5097003017692,561.5097003017692,592.9747251481238,684.6232135227887
8930e0aedafffff,3502081493,94.20345170916733,94.20345170916733,135.1841130232299,178.34581299040897
8930e0aedc3ffff,10814323735,138.8300837446594,138.8300837446594,148.54695057659904,163.104132040876
8930e0aedc7ffff,7226614178,104.74462964450592,104.74462964450592,112.39502361537484,139.4985960324864
8930e0aedcbffff,6612886162,312.93085757907295,312.93085757907295,417.06207345048705,462.1577224126224
8930e0aedd3ffff,4019735087,0.0,0.0,87.2808740346536,119.20167360729242
8930e0aedd7ffff,7226614171,134.6612539502016,134.6612539502016,255.58558524622816,317.66202633604735
8930e0aee2fffff,2826077716,389.2984825792365,389.2984825792365,422.54219185706495,439.00830014076
8930e0aeea7ffff,4641608191,277.9779617838818,277.9779617838818,339.51304050393804,371.77533222932954
8930e1c0003ffff,3739293866,273.6209127966202,273.6209127966202,317.37233025559533,370.8691807535667
8930e1c0007ffff,3739973140,115.17069887213567,115.17069887213567,165.43260611189442,207.9776552817266
8930e1c000bffff,3739976363,355.7244708761594,355.72447087615933,413.86066783924446,439.8972919212296
8930e1c000fffff,3739973177,100.5317879012718,100.5317879012718,184.47463062878532,222.70674543526556
8930e1c0017ffff,3762714867,223.50649173431842,223.5064917343184,316.75762640016046,352.3396807104391
8930e1c002bffff,10115077393,601.4112764350037,601.4112764350039,625.5998135236409,637.479342238403
8930e1c0033ffff,3748161347,164.14501089814542,164.14501089814542,191.88102433475512,253.43688500477768
8930e1c003bffff,3739270903,112.80013151835662,112.80013151835661,127.97699715613611,178.91604142907144
8930e1c0047ffff,13343860010,170.2024908798519,170.20249087985187,230.00498127683392,257.3618984833191
8930e1c004fffff,3740141505,237.36047549417378,237.36047549417378,276.03653960229246,314.4595486314657
8930e1c0053ffff,13016709367,0.0,0.0,75.14369905989112,156.63648887753766
8930e1c005bffff,9776883116,361.34208448002784,361.3420844800279,382.3284375296689,406.49058051424817
8930e1c0063ffff,3740141171,84.38228090136265,84.38228090136265,116.73098014541469,137.9610775726807
8930e1c0067ffff,3797092943,123.51325050690144,123.51325050690144,128.2092972737254,141.2721418336818
8930e1c006bffff,3740141224,154.91021255521912,154.91021255521915,158.04705191109895,179.79318830236764
8930e1c006fffff,10711364662,121.72346651384156,121.72346651384156,125.33638646811622,132.67148610682855
8930e1c0077ffff,7611697822,79.60745115216413,79.60745115216415,103.79598824080114,115.67551695556324
8930e1c007bffff,3740141360,228.81165378905905,228.81165378905902,245.68664406631382,259.6260733596601
8930e1c0083ffff,13011059010,193.4910093180917,193.49100931809173,301.2920502960994,356.78166568625255
8930e1c0093ffff,7579687463,6.8742962071974505,6.8742962071974505,21.18486303073168,44.46699218594198
8930e1c0097ffff,12180164355,139.9183346464236,139.9183346464236,172.713654234094,242.96121553816485
8930e1c009bffff,436856626,165.863864362036,165.863864362036,166.4647562616289,185.1084146321324
8930e1c00a3ffff,7579710624,83.35811934873274,83.35811934873276,93.00926497200078,118.20934981901326
8930e1c00a7ffff,3748161190,83.47569531575819,83.47569531575817,114.73916017319652,131.2423597640416
8930e1c00abffff,7579710681,117.6393005735516,117.63930057355158,140.08576215897028,149.92222228617345
8930e1c00afffff,3748161335,215.8468414501469,215.84684145014694,258.65335730527244,273.1518729196038
8930e1c00b3ffff,7579687410,159.53749220769953,159.53749220769953,174.82169461504122,206.0581854165206
8930e1c00bbffff,3762715060,252.19207401436498,252.19207401436498,262.81103933757674,279.7939596086638
8930e1c00c3ffff,13016709495,79.56258918343178,79.56258918343178,86.40337975386404,160.57887951401605
8930e1c00c7ffff,13026683220,248.2053806831868,248.2053806831868,490.30566927945404,575.450640376867
8930e1c00cbffff,4654985728,368.1749808435634,368.1749808435633,375.01577141399554,401.23390243485665
8930e1c00cfffff,3830772877,750.2497402121021,750.2497402121022,757.0905307825344,763.0890356105341
8930e1c00d3ffff,3830773159,89.17467634707907,89.17467634707907,98.28698258033512,200.0940957331214
8930e1c00d7ffff,13016709001,215.79152482367243,215.79152482367243,245.5119101678907,280.4048699958537
8930e1c00dbffff,7720157744,156.07229934028038,156.07229934028038,256.9134933706594,293.05001383374224
8930e1c0103ffff,10283000750,0.0,0.0,33.230817314822104,72.70261120395752
8930e1c010fffff,13084060704,209.32991247748816,209.32991247748814,217.38251360977998,282.1228158911199
8930e1c0113ffff,3903712526,0.0,0.0,45.836527467059604,74.39845372292677
8930e1c0123ffff,7371285237,151.87167412084938,151.87167412084938,163.32610707088358,203.76815500843483
8930e1c012fffff,9810797065,0.0,0.0,15.826653165781327,38.90423162872916
8930e1c0137ffff,12608970315,554.4828710895925,554.4828710895925,568.9896433576469,581.461522747021
8930e1c014fffff,4000823237,233.77139653764925,233.77139653764925,244.3548382465385,278.48571861028626
8930e1c0163ffff,10069261989,54.57781025980978,54.57781025980978,63.323932479085805,112.40357266520708
8930e1c0167ffff,10178239859,135.98233166096057,135.98233166096057,152.66624522852777,195.81674016499937
8930e1c016bffff,10069261968,79.20983313276537,79.20983313276537,131.62482551576358,167.14634042931834
8930e1c016fffff,9877402288,157.8434866411564,157.84348664115637,176.44575270659914,185.1510294910784
8930e1c0173ffff,10712571135,31.48539804786155,31.48539804786155,71.30006555894929,91.52183874452108
8930e1c0177ffff,9720017489,356.0394242329394,356.0394242329394,358.32239214133534,376.1558360369748
8930e1c017bffff,9877401849,0.0,0.0,45.24149826755063,91.7163883652629
8930e1c0183ffff,10712577798,194.9483755333548,194.9483755333548,268.6261714989402,314.0440169919546
8930e1c018bffff,5787074667,275.2587156765169,275.25871567651683,279.6111173641534,292.0406438819387
8930e1c0193ffff,10716433139,86.189966574278,86.189966574278,121.73533019662325,161.98792469573283
8930e1c0197ffff,10716432981,283.94554561129496,283.94554561129496,320.52875219022036,352.3685475023063
8930e1c019bffff,10716495388,130.78384215551483,130.78384215551483,220.20694663137223,252.49161548815383
8930e1c01c7ffff,13084060195,61.06711030527268,61.06711030527268,142.88370732251985,202.60636214655574
8930e1c01d3ffff,3748161195,181.39387936872797,181.39387936872797,203.53253894031633,252.04448458939973
8930e1c01d7ffff,5787074673,0.0,0.0,52.75713395090235,89.71582064543303
8930e1c0203ffff,3748159952,36.99362996701572,36.99362996701572,71.3493308751365,113.68708047868726
8930e1c0207ffff,10124916546,144.11962605851673,144.11962605851673,162.42443181604528,228.94999643452172
8930e1c020bffff,9921754596,16.429366581978822,16.429366581978822,85.52198869302264,153.25484430019836
8930e1c0217ffff,9915106366,190.26919653094828,190.26919653094825,215.37526476464058,228.0874109340497
8930e1c021bffff,12393170097,138.45011799022132,138.45011799022132,195.9321025430215,231.5332395752806
8930e1c0223ffff,7619327725,157.1984117295987,157.1984117295987,199.72344866403017,215.9242292687815
8930e1c0227ffff,3748160747,331.9063274673531,331.9063274673531,342.3248578969036,346.0783036356551
8930e1c022bffff,11543847031,97.91531241999549,97.91531241999549,155.39701045638563,198.76275770940924
8930e1c022fffff,3748160809,99.04930671515712,99.04930671515712,190.11313854065932,224.9272263423321
8930e1c0233ffff,10126972296,130.9018122771591,130.9018122771591,150.60491856772853,189.98030105535804
8930e1c0237ffff,3748160732,214.66511667109341,214.66511667109341,249.96938836171503,283.9600397284226
8930e1c023bffff,3748160770,151.40491903960756,151.40491903960756,178.52167062812532,191.00451449768073
8930e1c0243ffff,9921786587,189.9292368204733,189.92923682047334,215.94617099933504,229.89941105931652
8930e1c0247ffff,9921785562,255.60641148759962,255.6064114875996,308.7840116192483,335.7601264788599
8930e1c024bffff,3832271040,166.96673649240478,166.96673649240478,245.23964463480058,285.5651697816457
8930e1c024fffff,12393170922,92.79924686724597,92.79924686724597,125.31042234091709,149.4854080070727
8930e1c0257ffff,9921786159,35.490497111474895,35.490497111474895,189.23231942903308,251.1525550441495
8930e1c026fffff,10292060818,192.9804338330665,192.9804338330665,250.88067425487924,289.5058536074974
8930e1c0273ffff,12450941491,0.0,0.0,67.05297235524172,146.41862226900403
8930e1c0277ffff,11591845050,295.5007783756222,295.5007783756222,305.92337184955073,317.1137459368484
8930e1c0283ffff,9796818121,151.0199144310801,151.0199144310801,207.5436672144794,232.799760814573
8930e1c0287ffff,8257555416,4126.189893355233,4126.189893355233,4127.18333945108,4160.453401328915
8930e1c028bffff,12393171044,48.19774897169521,48.19774897169521,68.78174759957696,82.55450618066625
8930e1c0293ffff,9848667618,87.27376434039391,87.27376434039391,136.8543906176049,157.15446820612138
8930e1c0297ffff,13551031280,177.93364752548493,177.93364752548493,188.34437532760649,205.80551996140767
8930e1c029bffff,13550993913,251.528992641218,251.528992641218,268.3414695282688,277.656468197644
8930e1c02a3ffff,9882259408,55.369590654728114,55.369590654728114,78.5896908452182,90.38152797996753
8930e1c02a7ffff,9817496083,197.84186865551177,197.8418686555118,226.59269151664125,253.60089682198193
8930e1c02abffff,3748159966,173.60787177182905,173.60787177182905,226.5075921326512,251.50333094400625
8930e1c02afffff,10138442618,262.2771227322457,262.27712273224574,265.48303610417304,270.67024172865723
8930e1c02b3ffff,3740141658,141.3940262531928,141.39402625319283,146.7943013720299,169.39242413472346
8930e1c02b7ffff,3735406953,38.01926969129152,38.01926969129152,126.57152834662215,197.65992733404062
8930e1c02bbffff,9776883016,89.44322854547569,89.44322854547569,97.39323446058364,120.87375838424214
8930e1c02cfffff,9919482916,309.2267266336082,309.2267266336082,313.4637994460634,371.5108329479196
8930e1c02d3ffff,3831327006,176.80994561621117,176.8099456162112,191.17641936731158,207.8610194769493
8930e1c02d7ffff,9796903091,511.9367882059686,511.9367882059686,526.303261957069,542.9878620667067
8930e1c02dbffff,3831326552,686.1154870328855,686.1154870328854,700.4819607839859,712.5799379482123
8930e1c0303ffff,13059694453,216.61972732999095,216.61972732999095,254.69355811642419,276.14963949044704
8930e1c0307ffff,9611030175,198.5448272885674,198.5448272885674,211.20166688379305,223.41097136382436
8930e1c030bffff,2475035692,204.44678225093847,204.44678225093847,243.98262469409372,260.4440326098065
8930e1c030fffff,4426354931,63.286204921076184,63.286204921076184,114.50724237532708,149.08680451188243
8930e1c0313ffff,3298400975,172.22121735131503,172.22121735131503,184.17600518097484,198.62933920826404
8930e1c0317ffff,7115173227,55.26141668333037,55.26141668333037,110.66668647874617,145.21726958340733
8930e1c031bffff,7115152813,165.51703841231168,165.51703841231165,197.3080752671675,225.68600495357524
8930e1c0323ffff,10580841638,0.0,0.0,128.3414383165196,176.2071680812481
8930e1c032bffff,7609509489,184.42924956381634,184.42924956381634,196.813871761413,221.81626851028554
8930e1c032fffff,2474906000,296.9645356762269,296.96453567622694,374.5467609990435,431.44931963236314
8930e1c0333ffff,9759792198,270.7129625506717,270.7129625506717,293.6070958128173,301.68686158696374
8930e1c0337ffff,2460114805,145.28510481742737,145.28510481742737,194.993174682092,223.9081600724481
8930e1c033bffff,2460137704,126.91079275326872,126.91079275326872,138.4117141582379,157.44603058780265
8930e1c0343ffff,5527658268,0.0,0.0,29.579853445876953,53.058065727438866
8930e1c0347ffff,10304663479,41.07664368502258,41.07664368502258,63.19226686903123,145.56161165744857
8930e1c034bffff,3748160963,113.03537948257724,113.03537948257724,113.51777575101427,127.57859535192198
8930e1c034fffff,11451015181,276.4069380359636,276.40693803596366,278.4912975601536,324.72678863875007
8930e1c0353ffff,2475040338,115.95775381700801,115.95775381700801,116.37865721035995,165.01491946352044
8930e1c0357ffff,2475036852,287.7356528013401,287.7356528013401,301.7094917867696,309.0805660421215
8930e1c035bffff,10240133284,136.3762597208391,136.3762597208391,166.72116712832155,177.99420138489538
8930e1c0363ffff,13013239534,61.469963386398646,61.469963386398646,69.02967186491163,81.47961472311403
8930e1c0367ffff,2475009387,248.29491651407872,248.29491651407875,249.51378238119938,252.5798962857788
8930e1c036bffff,7609503589,96.49913613122509,96.49913613122509,167.25853315876273,210.0891672175031
8930e1c0373ffff,8437142711,28.456627174846123,28.456627174846123,98.9159385632993,127.85094753498349
8930e1c0377ffff,2460137699,221.2920923867103,221.2920923867103,225.80435224622005,233.29566724890705
8930e1c037bffff,11451015194,103.14326849547032,103.14326849547032,170.4235961870704,208.19929914513315
8930e1c0383ffff,10199809897,194.36530624187225,194.36530624187225,204.06399317693422,217.0189896230623
8930e1c0387ffff,2470981935,237.49140827214302,237.49140827214302,249.13695477668193,263.75663894459564
8930e1c038bffff,10124028115,324.640526114081,324.640526114081,330.7504662396725,334.75890972564315
8930e1c038fffff,9760987663,368.95703219671384,368.9570321967138,378.4363549342969,383.4940781298944
8930e1c0393ffff,10115078064,203.717925944812,203.717925944812,214.87853265694554,246.01442332243883
8930e1c039bffff,4684520962,169.77435198157931,169.77435198157931,212.0559193342504,246.48108317229045
8930e1c03a3ffff,7590017733,273.75710709616385,273.7571070961639,315.1972262182011,348.6029564051517
8930e1c03a7ffff,9448623253,132.4313628410632,132.4313628410632,154.87663828941646,192.21267408326813
8930e1c03abffff,9555189965,167.06434685204277,167.06434685204277,204.19060064719076,216.90182070952744
8930e1c03afffff,10176309317,75.25952787982534,75.25952787982534,76.40336849494723,92.7363194083433
8930e1c03b3ffff,9544038253,457.4853376393536,457.4853376393536,457.5467051645494,458.2537282049872
8930e1c03b7ffff,9701489029,292.9428569652794,292.94285696527936,322.3313926846867,368.1993099204115
8930e1c03bbffff,9700561047,473.45863175268124,473.45863175268124,496.93468553637774,508.9011648998107
8930e1c03c3ffff,13118182917,187.3590893440467,187.3590893440467,198.13125265969092,229.03686446110365
8930e1c03c7ffff,9609546781,148.1681071268422,148.1681071268422,190.78910475722023,206.5393028511073
8930e1c03cbffff,436848267,278.01465065082635,278.01465065082635,313.318922341448,347.30957370815554
8930e1c03cfffff,9789543762,72.57615036883216,72.57615036883216,109.9059854450687,132.81781245219165
8930e1c03d3ffff,9739984703,508.31112696717474,508.31112696717474,535.3168578463816,556.7281952257777
8930e1c03d7ffff,9610208317,426.998221182387,426.99822118238694,430.6808577603946,461.81427497608047
8930e1c03dbffff,9718172182,224.7381535103541,224.7381535103541,256.51765260244986,291.68322816866606
8930e1c0403ffff,3836444872,88.41003622131696,88.41003622131696,168.35594408188814,220.79999929560032
8930e1c0407ffff,3836444957,209.1700282617351,209.17002826173507,234.46046345431924,297.65217080017
8930e1c040fffff,1795720426,75.2536641458428,75.2536641458428,138.59731522654823,170.6591589546013
8930e1c0417ffff,3836445021,346.47753315283336,346.47753315283336,399.0717638051301,436.3019158693539
8930e1c041bffff,3836122064,0.0,0.0,80.74621287731372,121.1292783188897
8930e1c042bffff,13011470061,38.4420091700723,38.4420091700723,43.45100375137467,97.28231224414681
8930e1c042fffff,12628419647,638.3454489126239,638.3454489126239,644.8200715988713,696.3549110707703
8930e1c0433ffff,8502115864,234.10943162569632,234.1094316256963,252.7631535308896,263.5870632635142
8930e1c0437ffff,10929156286,395.5822029951982,395.58220299519826,449.77171881005063,497.4891459903791
8930e1c044bffff,3836213814,331.5434270712394,331.5434270712394,335.2221123936125,342.2414275174226
8930e1c044fffff,4159879498,55.1851575374689,55.1851575374689,73.80564456364098,82.44570918083419
8930e1c0453ffff,3836139310,214.53150734673955,214.53150734673952,226.1363697636158,232.668659454391
8930e1c0457ffff,3836121505,105.73728777095454,105.73728777095455,130.74417946794358,147.82213457250438
8930e1c0463ffff,5427331419,0.0,0.0,20.986901660274018,39.15386019374199
8930e1c0467ffff,1936512219,59.540563108619416,59.540563108619416,78.7597577101617,87.7833641546794
8930e1c046bffff,436810703,196.70331729716878,196.7033172971688,238.50806652312758,264.6399833842372
8930e1c046fffff,3830773436,108.49669837291775,108.49669837291775,124.1661440889678,163.41593979995545
8930e1c047bffff,6270613221,60.888712130251314,60.88871213025131,70.4933964925173,124.58153722632069
8930e1c0483ffff,436866397,91.11176477126087,91.11176477126087,105.61687208412681,149.75079240682848
8930e1c0487ffff,12628419466,325.44936343974985,325.44936343974985,452.9004651638105,500.3221922233306
8930e1c048fffff,4156740619,463.0126959536839,463.0126959536839,483.30463806425416,503.2765410380104
8930e1c0497ffff,7572358464,150.93605409043897,150.93605409043897,169.81815596141735,196.45608665982556
8930e1c04a3ffff,436855614,322.8244009103643,322.8244009103643,370.06875608126416,398.92725266673204
8930e1c04abffff,4641963300,104.39291654330245,104.39291654330243,149.40123612288107,181.44582635042968
8930e1c04afffff,12690193002,464.9185606955835,464.91856069558344,468.70330224173165,471.1002415259956
8930e1c04b7ffff,11227690524,447.15740691645664,447.1574069164567,466.20337429366907,475.90656773427526
8930e1c04cbffff,3836139381,0.0,0.0,17.365105248487865,77.09007428563721
8930e1c04cfffff,3836121982,135.09960329375315,135.09960329375315,143.33304885716802,169.5753939305727
8930e1c04d3ffff,8508645365,163.4919608491723,163.4919608491723,172.96481780834995,192.8452551147453
8930e1c04d7ffff,3835971376,173.36372951573827,173.36372951573827,194.86411597542605,238.15001521996496
8930e1c04dbffff,3836347001,262.0093561279825,262.0093561279825,279.5342418550474,291.39810099738855
8930e1c0503ffff,2649773830,33.452447479308816,33.452447479308816,100.22533723470158,129.61019727206371
8930e1c0507ffff,10597261817,122.20877664758751,122.20877664758751,138.21403359830748,157.28848638126598
8930e1c050bffff,2634543914,235.20252364348187,235.20252364348187,246.28679714168655,272.1556177191307
8930e1c050fffff,4156706706,234.15283994841639,234.15283994841639,256.9859582950552,268.83358156978187
8930e1c0513ffff,3469321391,23.366663677890585,23.366663677890585,105.06549098822958,142.40405302278415
8930e1c0517ffff,2931503807,65.88221736746698,65.88221736746698,69.90353231485622,111.27850259514145
8930e1c051bffff,7577451252,35.494521147855544,35.494521147855544,45.8694482590664,63.01428794444765
8930e1c052bffff,10716433194,309.4896337987759,309.4896337987759,406.07764954962767,439.04837448913077
8930e1c0533ffff,5546736798,559.4859878513599,559.4859878513602,575.4587752949035,585.243830373543
8930e1c053bffff,10597261368,203.05043637462222,203.05043637462222,230.5104588850501,300.9274489063477
8930e1c0543ffff,2633852591,113.1426388185038,113.1426388185038,150.9672101638782,164.66725446055753
8930e1c0547ffff,4156715924,203.52536482764344,203.52536482764344,252.94081067558076,291.3340641249888
8930e1c054bffff,436855371,0.0,0.0,80.22264864313566,134.14371414263329
8930e1c054fffff,7579683643,182.05104014625212,182.05104014625212,184.81690907071697,187.9567994489083
8930e1c0557ffff,2633852615,80.86337033311085,80.86337033311085,119.15978405003781,146.2699664287002
8930e1c055bffff,1936512373,75.48514932949475,75.48514932949475,219.40247476716846,286.5724691106732
8930e1c0563ffff,2911443654,274.0381019453631,274.0381019453631,282.5655938577728,287.8312036453273
8930e1c0567ffff,1943132520,289.7138834935315,289.71388349353145,301.87604413106806,320.4000296503397
8930e1c056bffff,3748161153,81.64551094767069,81.64551094767069,96.2730897286917,153.75216024536175
8930e1c056fffff,13084060185,176.29617778958178,176.29617778958175,271.6744470306852,310.6372526477648
8930e1c0573ffff,3843154711,171.18146657465172,171.18146657465172,208.23850640420787,275.84689474139765
8930e1c0577ffff,3842089470,152.26413587305035,152.26413587305035,245.98822221501598,328.9580642464653
8930e1c057bffff,10301311520,115.0960881493284,115.0960881493284,143.2409130584341,168.0865944332934
8930e1c0583ffff,3842051103,183.70417068438582,183.70417068438582,218.04289781052114,252.61916238401705
8930e1c058bffff,5198301164,23.82162726568736,23.82162726568736,81.84065632201437,106.39265999757795
8930e1c0593ffff,5527293081,0.0,0.0,81.06944626990827,133.30079565587525
8930e1c0597ffff,5529725498,76.82827587272577,76.82827587272577,160.0181506479763,200.779038255794
8930e1c059bffff,5527293095,0.0,0.0,80.77892852688193,128.05244933758584
8930e1c05b3ffff,5549312532,384.13391637748805,384.133916377488,422.65156789464174,479.4587099888029
8930e1c05b7ffff,4156311902,417.14820037134143,417.14820037134143,580.2465774912556,637.866924055777
8930e1c05c7ffff,436845768,0.0,0.0,44.17826919670441,92.08445530032189
8930e1c05cbffff,12628419642,0.0,0.0,156.90692921051206,210.90820080438843
8930e1c05d7ffff,5068829501,0.0,0.0,105.25520269079571,149.67922453908275
8930e1c0603ffff,3369302130,278.50941569648114,278.50941569648114,332.1018969988228,357.425048218692
8930e1c0607ffff,3830873477,45.93702739036516,45.93702739036516,117.43422278847872,152.73501618156476
8930e1c060bffff,2899160919,364.24050791091713,364.2405079109172,385.9931489552539,397.3826324299686
8930e1c061bffff,3356235197,779.8932087427287,779.8932087427289,791.081694921362,828.968595146493
8930e1c0627ffff,3831106804,188.06688563049966,188.06688563049968,253.63364873477616,294.5340703632607
8930e1c062fffff,3831106461,76.04216002321834,76.04216002321834,111.27717035532545,142.24063538159984
8930e1c0637ffff,436867949,163.03219555541233,163.03219555541233,173.50247505550846,250.134337994513
8930e1c0643ffff,3369302112,117.68726316156892,117.68726316156892,178.7163018985686,211.5027913866442
8930e1c0647ffff,5624688326,283.4224604681107,283.4224604681107,360.94948898671623,437.71015231180644
8930e1c064bffff,10742944695,432.9845151058002,432.9845151058002,474.12386908861333,492.1433110199135
8930e1c064fffff,3375132845,202.66825649697256,202.66825649697256,210.58569460021238,221.91541847182967
8930e1c0663ffff,13011506828,218.66157160812847,218.66157160812844,251.66651340236635,264.27410792053496
8930e1c0667ffff,10297490044,119.22497197969085,119.22497197969084,189.53591167477794,219.83379445994606
8930e1c066bffff,3831193192,244.21646012787346,244.21646012787346,266.2061597066969,282.22663740350873
8930e1c066fffff,9797018723,160.59174692693944,160.59174692693944,178.43541021584582,193.96094714621486
8930e1c0673ffff,3830945693,142.3087256605715,142.3087256605715,160.79488451979435,169.62711965910964
8930e1c0677ffff,11037629775,97.01915401738846,97.01915401738846,118.76286461516966,129.30277676091023
8930e1c067bffff,3830942639,64.83500772840611,64.83500772840611,96.13668044302683,124.86106488970889
8930e1c0683ffff,7286409060,207.49955736673684,207.49955736673684,230.7014917232455,247.05033504688632
8930e1c0687ffff,7025759596,210.72226433726786,210.72226433726786,217.63807555143353,346.8341230800774
8930e1c0693ffff,3836213586,84.11859369995403,84.11859369995403,101.98885900340771,130.45547577901493
8930e1c0697ffff,2655579443,331.958622378497,331.958622378497,335.3492675196125,341.0900233760948
8930e1c06a3ffff,3830873956,206.751430937524,206.751430937524,222.77158223672842,263.9656834642858
8930e1c06a7ffff,3830773022,0.0,0.0,16.020151299204432,82.02323038670296
8930e1c06afffff,3830873692,187.4492000941483,187.44920009414827,208.54256186926978,228.4359303604955
8930e1c06b3ffff,3830773113,332.86902704660474,332.8690270466047,361.4744360772296,379.43994109991127
8930e1c06b7ffff,3830874306,53.37700268899867,53.37700268899867,79.57290916439896,92.87367969641063
8930e1c06cfffff,5235900640,967.0873082772007,967.0873082772005,1049.6193943372377,1108.9961633776877
8930e1c0c43ffff,5544507939,377.9295344630981,377.9295344630981,463.423792883955,494.44690147103523
8930e1c0c47ffff,5544473399,372.1803951713778,372.1803951713778,376.295448648135,431.91993643645384
8930e1c0c53ffff,7870585600,318.69214845690993,318.69214845690993,348.71931574028264,361.32195028761976
8930e1c0c5bffff,9810804323,566.4238987862321,566.423898786232,675.1048735883697,726.8639302548082
8930e1c0ccbffff,7126122513,34.819600968209876,34.819600968209876,119.32756347795619,165.91323562555286
8930e1c0e03ffff,7114961764,139.32459519343396,139.32459519343396,241.37897409403706,296.90661217784896
8930e1c0e13ffff,10178242155,184.01957026582596,184.01957026582596,194.80911830505977,249.02363076181825
8930e1c0e1bffff,9495673004,52.397941829620905,52.397941829620905,72.06302048435828,81.03880372141849
8930e1c0e53ffff,9446312853,440.9476970825456,440.9476970825456,528.9924362437637,568.8572162948109
8930e1c0e83ffff,9877401666,157.06333014710097,157.06333014710097,172.1575108438528,189.17156700411132
8930e1c0e87ffff,10794702896,430.2949240509024,430.29492405090247,436.2785855108668,444.34681882204654
8930e1c0e8bffff,5141276824,87.91582186440515,87.91582186440515,88.42075891430152,99.54637679710005
8930e1c0e8fffff,10794702869,417.4671492750465,417.4671492750465,423.46293961021604,437.54101922291056
8930e1c0e97ffff,2470948000,0.0,0.0,14.56854029640468,90.84882503419277
8930e1c0ea7ffff,5141276693,1384.4874118001533,1384.4874118001533,1399.055952096558,1427.0757589884063
8930e1c0eabffff,2470948002,633.2838869076987,633.2838869076987,710.4062753893407,738.8302555232872
8930e1c0ec3ffff,9445704697,99.0140414921031,99.0140414921031,162.35630504743526,199.94178038107512
8930e1c0ec7ffff,12608846770,255.79656779808664,255.79656779808667,257.01434812661194,264.69610521442854
8930e1c0ecbffff,2460108283,160.69994893643198,160.699948936432,201.9136743673725,229.76779331066112
8930e1c0ecfffff,9391482348,213.98424931493577,213.98424931493574,234.93144770750683,243.99966214435585
8930e1c0edbffff,4000825045,118.0657193359917,118.0657193359917,131.64834774251145,171.9943679545086
8930e1c1007ffff,4173466344,455.84887293765024,455.8488729376502,495.8395488886586,546.8565062455243
8930e1c100fffff,3800707799,577.0837353448117,577.0837353448117,675.27821645099,745.4343111396093
8930e1c1017ffff,3800707930,216.19000218668378,216.19000218668378,304.0838558003053,358.06499355652437
8930e1c101bffff,4115387180,401.61708291517414,401.61708291517425,405.0397027688472,411.67475488469853
8930e1c1023ffff,4935224417,370.1174935486016,370.1174935486016,388.94278080002454,408.266813398447
8930e1c1027ffff,9925220556,191.71672445847048,191.7167244584705,191.84999765256237,204.85451010247994
8930e1c102bffff,4935224412,863.3014676336243,863.3014676336246,900.0785256099464,929.2807358598166
8930e1c1033ffff,3785302806,0.0,0.0,98.19448110617836,197.00699471617978
8930e1c1037ffff,3800707965,195.03907924795612,195.03907924795612,245.98604996064253,266.00025001399405
8930e1c103bffff,4946570016,468.42490140054485,468.42490140054485,566.6193825067232,665.4318961167246
8930e1c104bffff,3856575582,221.3758976431002,221.37589764310016,232.31603747098853,240.14579374076743
8930e1c1053ffff,1979127164,302.6529892706085,302.6529892706085,332.5966710369645,349.0899985879891
8930e1c105bffff,436808715,270.6597505661524,270.6597505661524,314.3399978638626,356.1507844127812
8930e1c1063ffff,10096782593,1248.2652145620232,1248.2652145620234,1267.0905018134463,1286.4145344118688
8930e1c1067ffff,4935194954,947.589233585475,947.589233585475,966.414520836898,985.7385534353203
8930e1c1077ffff,8399238982,875.4161045165757,875.4161045165757,914.5411807306641,940.631809649975
8930e1c108bffff,3832903587,461.52626570126563,461.52626570126563,500.36268728154363,520.1892553348815
8930e1c108fffff,3832604892,349.29761203702543,349.2976120370254,396.4533922008352,422.25157388010683
8930e1c1093ffff,4197387951,103.09488804225495,103.09488804225495,130.63675513851746,142.24468847215346
8930e1c1097ffff,12389288182,183.63114853763483,183.63114853763483,215.66146377952546,249.34760188516046
8930e1c109bffff,3832676320,145.2648767642726,145.2648767642726,192.43470631023112,211.30454421159388
8930e1c10a3ffff,12452390568,106.57941392390863,106.57941392390863,134.378322824207,143.8763125447328
8930e1c10a7ffff,4173501593,156.14567865704805,156.14567865704802,185.98192691112533,228.79240644954734
8930e1c10abffff,3800707998,224.24397240026585,224.24397240026582,261.2687522277837,283.7529010822239
8930e1c10afffff,12451310080,66.17866314167675,66.17866314167675,82.92749279613611,139.80994566470972
8930e1c10b3ffff,4634599281,173.58512927574296,173.58512927574296,244.38175236478304,276.0332105698516
8930e1c10bbffff,3832604922,146.05423286997356,146.05423286997356,175.40767522101348,216.3397748766803
8930e1c10c3ffff,1979137815,85.83048512980261,85.83048512980261,147.10884577011024,173.79204010882677
8930e1c10c7ffff,3832902807,111.34504574439453,111.34504574439453,114.72212821414195,145.0535366307388
8930e1c10cbffff,13637818771,85.79607629110642,85.79607629110642,162.41282167021623,204.4673905011185
8930e1c10d3ffff,6315571556,96.1309476738397,96.1309476738397,107.15784241099611,126.09383073373203
8930e1c1103ffff,11639928741,193.65187326777644,193.65187326777647,199.5268294004187,223.71743998865364
8930e1c1107ffff,12458635349,163.80067431345313,163.80067431345316,185.00288459890822,195.98692544915477
8930e1c110bffff,12458635029,24.870604586014476,24.87060458601448,63.84031061502866,132.46349952401354
8930e1c110fffff,12452956129,15.808195303907663,15.808195303907663,197.41277819297417,269.48030395058714
8930e1c1113ffff,3832415884,172.45835844561083,172.45835844561083,264.44337896393733,296.5266478457335
8930e1c1117ffff,12458609169,152.0713238239945,152.0713238239945,224.38076136820712,258.6671663489356
8930e1c111bffff,3832415601,448.95085408823894,448.95085408823894,546.6899682972831,602.5194512898779
8930e1c1123ffff,7625690285,221.88842708542222,221.88842708542222,240.49935445991193,247.6455994040883
8930e1c1127ffff,12874792882,145.53141250098466,145.53141250098466,197.4269407613587,236.34153746738025
8930e1c112bffff,3840713067,164.88802169734464,164.8880216973446,166.26044817677024,181.4510775850031
8930e1c112fffff,4175101632,0.0,0.0,96.2780849599181,148.6400267684319
8930e1c1143ffff,10708182310,0.0,0.0,56.834504485492666,178.36128329651694
8930e1c1147ffff,3832415304,306.723852369037,306.723852369037,344.0627925922628,390.1920888488764
8930e1c1153ffff,12459940894,0.0,0.0,83.42714651976482,123.6077087544097
8930e1c1157ffff,4173760836,214.86675976951466,214.86675976951463,236.13400971039664,276.897552875317
8930e1c115bffff,4935195273,348.5342625566144,348.5342625566144,385.3113205329364,414.5135307828065
8930e1c1163ffff,10309480834,0.0,0.0,53.34584231585073,148.49851079008792
8930e1c1167ffff,3840739110,124.25362963921519,124.25362963921519,165.86931272726866,196.31907089308547
8930e1c116bffff,4676719585,31.411131252738322,31.411131252738322,136.4225447908022,179.53228617007724
8930e1c1183ffff,3807501190,222.66938136640636,222.66938136640636,242.39087514400333,281.9183479501348
8930e1c1187ffff,3832270952,252.38076114592388,252.38076114592397,270.59905299885446,290.9894673632827
8930e1c118bffff,3832416076,102.63280794213938,102.63280794213938,177.23881561291037,207.07266032945907
8930e1c118fffff,12435755911,61.772553144938925,61.772553144938925,85.7172236866391,118.50978249484712
8930e1c1197ffff,11780843381,155.00917819712942,155.00917819712942,181.13830709285804,221.88406559513965
8930e1c119bffff,12435792885,63.790586643502905,63.790586643502905,159.95563418426087,194.3938990845131
8930e1c11a3ffff,12452940139,272.637290067486,272.63729006748605,278.54248729319926,289.8534093484055
8930e1c11abffff,3832416082,79.02943059654817,79.02943059654817,102.15807867717686,140.2321763445759
8930e1c11afffff,10255727447,24.973491467657357,24.973491467657357,161.72292902736154,214.86294592816338
8930e1c11b3ffff,12393170388,146.52841949135237,146.5284194913524,146.7327117852562,156.07338160720187
8930e1c11b7ffff,12452956367,238.6570084546595,238.65700845465955,249.89861178727006,254.74132879654283
8930e1c11bbffff,3832270875,62.00958262410556,62.00958262410556,81.62545458241547,96.07112939318093
8930e1c11c3ffff,3832415692,225.45081155799568,225.4508115579957,304.78233715082877,362.3415706121036
8930e1c11c7ffff,3785302842,285.16734121344086,285.16734121344086,325.7263116208764,370.4728127854241
8930e1c11cbffff,3800708027,309.9539415409819,309.9539415409819,314.50175626466597,329.0666313538422
8930e1c11cfffff,3832415558,450.05250838063995,450.05250838064,487.6400810171082,523.0403155276389
8930e1c11d3ffff,3832415797,395.9074225604693,395.9074225604693,425.7436708145466,468.55415035296863
8930e1c11d7ffff,8502787026,316.6361735647273,316.6361735647273,347.60983236577226,384.75362633996764
8930e1c11dbffff,3832415586,266.845657321772,266.845657321772,370.59454635944564,425.0683415413884
8930e1c1203ffff,2436216385,0.0,0.0,18.6263068665297,40.056566564748664
8930e1c1207ffff,2442109153,73.47402702564702,73.47402702564702,153.54713127521774,198.58041010136785
8930e1c120bffff,3854893950,179.3187710921532,179.3187710921532,202.87193516385537,211.6961756437669
8930e1c120fffff,4179354308,108.0574921602082,108.0574921602082,109.51727084422444,143.99910111934744
8930e1c1213ffff,4179011705,159.8898980526948,159.88989805269478,170.13092614137707,189.3230898339954
8930e1c1217ffff,3856575435,171.19764601344352,171.19764601344352,204.41976023515457,240.14989902299308
8930e1c121bffff,4179354316,139.31580734731853,139.31580734731853,175.16665300148816,187.12795353854463
8930e1c1223ffff,3714679342,278.3182143833117,278.3182143833117,288.4015955822923,312.93489832161094
8930e1c1227ffff,4179354386,160.44522698904032,160.44522698904032,171.2895995150658,207.8229889153455
8930e1c122bffff,10236589280,78.46953056836402,78.46953056836402,84.7352102705101,111.93262931985765
8930e1c122fffff,9561832600,222.354592785252,222.354592785252,233.36682120384071,268.05521115452837
8930e1c1233ffff,4179354387,248.33452657114745,248.33452657114745,251.4600095617713,253.44450901421806
8930e1c1237ffff,3785495812,117.88775193601701,117.88775193601701,123.8885810557106,132.04274963912184
8930e1c123bffff,3846729633,0.0,0.0,24.137281711203624,53.524497917922105
8930e1c1267ffff,3846729644,165.9957618956882,165.9957618956882,170.38693688466796,204.85321708515525
8930e1c1273ffff,8499098859,243.31829321668445,243.31829321668448,244.77807190070072,298.0320281137095
8930e1c1277ffff,4179264032,135.82639181016435,135.82639181016435,138.9071811491986,148.20208112934992
8930e1c1283ffff,4179009475,135.9731214932043,135.9731214932043,158.88160683869313,212.50463594819033
8930e1c1287ffff,8498915641,294.6952508796586,294.6952508796586,332.2900514609065,365.4661596239287
8930e1c128fffff,4179009460,200.7819673707655,200.7819673707655,253.85020729150494,272.3266755373056
8930e1c1293ffff,3856575248,329.7792222507378,329.77922225073786,356.5951372945359,385.96469783728304
8930e1c1297ffff,3856575611,234.927087531295,234.92708753129503,250.29399861924492,259.5597197679776
8930e1c129bffff,4011204259,217.06008752347265,217.06008752347265,229.16909455995105,272.19807067593666
8930e1c12a3ffff,3846108101,378.894698133367,378.894698133367,445.7948141518955,469.79918752517443
8930e1c12a7ffff,3846108094,409.9620931350886,409.96209313508865,415.0979510977261,417.4754272971827
8930e1c12abffff,3856575400,241.66730353712325,241.66730353712327,290.3003017563444,311.1379527433799
8930e1c12afffff,3846108092,81.10548596812194,81.10548596812194,128.20495600699806,156.1517870945971
8930e1c12b3ffff,5856100565,304.30491062190714,304.30491062190714,324.13838743870474,336.6626383617322
8930e1c12b7ffff,4678808101,172.3610958326039,172.3610958326039,256.1559956736131,287.1637929115728
8930e1c12bbffff,4752138028,66.04082220126782,66.04082220126782,80.47309373447749,112.75706125263305
8930e1c12c7ffff,9081846578,182.251844775647,182.251844775647,183.6426140750879,197.17725676734463
8930e1c12cfffff,614825743,468.3560396973396,468.3560396973396,512.3132256464687,527.0025121677686
8930e1c1303ffff,7856245607,33.978353401520934,33.978353401520934,43.00799405088004,106.22582943876323
8930e1c1307ffff,3846712469,114.72610535493455,114.72610535493455,195.7225193903317,249.64626810493144
8930e1c130bffff,3846107152,353.3751696010889,353.3751696010889,360.52800060319873,364.7934154401287
8930e1c130fffff,10696426396,369.89360618108236,369.8936061810824,377.9661920778776,386.4056685778874
8930e1c1313ffff,4177446423,0.0,0.0,58.660078797878484,87.51360132793188
8930e1c1317ffff,3846712479,134.03486936574797,134.03486936574797,135.4902345655658,159.44743037031944
8930e1c131bffff,7856245626,57.255011768459,57.255011768459,74.09971360968981,79.74612446708582
8930e1c132bffff,3996936274,215.36838380780603,215.36838380780603,224.68016534804076,231.4306444264978
8930e1c1337ffff,1859287474,120.02634671604594,120.02634671604594,276.97600204678383,397.4739849309038
8930e1c133bffff,9579639851,89.1308425826296,89.13084258262961,119.45822955387396,137.61457236504248
8930e1c1343ffff,11328905670,137.42664085219107,137.42664085219107,165.7483145541018,218.36784241778753
8930e1c1347ffff,10155961056,185.6132655183113,185.61326551831127,250.12608288964205,290.5030462463521
8930e1c134bffff,5725972839,389.33548580394665,389.33548580394665,394.0779557223499,411.71249522332187
8930e1c134fffff,5725971964,224.13585535414995,224.13585535414995,224.9905030375325,233.29029359571805
8930e1c1353ffff,3846107085,57.48585705048566,57.48585705048566,92.76061416738563,120.38250021327651
8930e1c1357ffff,3846108152,103.31461360789189,103.31461360789189,138.4907339944521,173.56705311861177
8930e1c135bffff,9577014090,101.09863775381675,101.09863775381675,111.05925719122794,139.9525909130077
8930e1c1363ffff,3711965332,409.12810800450103,409.128108004501,417.07316705615824,432.9414131708495
8930e1c136bffff,3711965331,106.63047549710302,106.63047549710302,128.56477851142128,237.62188271772456
8930e1c1373ffff,3846108122,195.91234707916072,195.91234707916075,242.94669005995507,275.14094186126084
8930e1c137bffff,2613069963,81.70073185188463,81.70073185188463,126.56005361143698,150.95544565379825
8930e1c1383ffff,4935195301,1180.58741957581,1180.58741957581,1217.364477552132,1246.566687802002
8930e1c139bffff,4935195299,1372.3413525688056,1372.3413525688056,1409.1184105451275,1438.3206207949977
8930e1c13a3ffff,3846712660,94.21983587780412,94.21983587780414,104.51936895056889,134.4739256668357
8930e1c13a7ffff,3846713066,241.76507822163487,241.76507822163487,268.08575153551783,298.0884058208403
8930e1c13abffff,4630953078,256.81726516354854,256.81726516354854,268.1697465263842,276.7379874600381
8930e1c13afffff,3846713108,123.92436347437112,123.92436347437112,158.90314986386392,187.58393929120652
8930e1c13b3ffff,2135106296,312.6070102982801,312.6070102982801,324.57381472323334,329.9582383541803
8930e1c13b7ffff,9604691751,11.475543066344153,11.475543066344153,167.26973425633508,234.01525212526508
8930e1c13bbffff,7856245583,217.20197601654928,217.20197601654928,221.32752825213151,224.5856223950575
8930e1c13c3ffff,3785500758,283.83322402483395,283.83322402483395,295.7596731090698,343.4799345499364
8930e1c13c7ffff,4177453089,165.75660627786766,165.75660627786766,207.6020346253721,229.27615921587514
8930e1c13cbffff,3846107091,181.7853918523943,181.7853918523943,187.92013884486903,221.88116033072455
8930e1c13cfffff,3846107082,92.00123507250989,92.00123507250989,201.5161485364068,239.3897764523941
8930e1c13dbffff,3846107077,243.19129206929745,243.19129206929745,309.08461906636705,336.6951486855122
8930e1c1403ffff,11874068757,179.10739462122788,179.10739462122788,338.59172860495204,392.73535542907365
8930e1c1407ffff,7617559840,355.22042037213566,355.2204203721356,355.55964295912736,379.66070587707145
8930e1c140bffff,3832952850,121.71078591724262,121.71078591724263,246.8310824182335,307.73173041587035
8930e1c140fffff,3832677257,63.98661719682755,63.98661719682755,117.18209991847435,161.26144239752247
8930e1c1413ffff,3252770281,0.0,0.0,34.26931877092136,70.28780205548289
8930e1c141bffff,3832952895,143.89569835827768,143.89569835827768,161.24312648127113,196.36844859959453
8930e1c1423ffff,1939143735,389.44251865455647,389.44251865455647,408.4403343230758,466.036121216201
8930e1c1427ffff,12389250462,25.152945806822753,25.152945806822753,44.15076147534207,72.31270738490592
8930e1c142bffff,3832677260,27.125337688490518,27.125337688490518,122.39606588146538,225.1191048509966
8930e1c1433ffff,3830519402,104.97281091076432,104.97281091076434,187.55121696688786,222.45745924348913
8930e1c1437ffff,3830519658,438.5613245904738,438.56132459047376,441.3553379985822,454.9518862469645
8930e1c143bffff,3832677295,269.81064142510587,269.8106414251058,306.22875361034744,322.84189254990514
8930e1c1443ffff,9481693035,203.41982505017168,203.4198250501717,224.2861738386288,236.7371626574376
8930e1c1447ffff,3832952796,113.7410025677058,113.7410025677058,123.5057447410766,182.22912959664063
8930e1c144bffff,3832951956,265.6410198729383,265.6410198729382,282.1853764233421,302.15276848427817
8930e1c144fffff,9525455031,227.12765684702228,227.12765684702228,231.65998644974138,239.8800444125856
8930e1c1453ffff,8451950552,279.5690678296645,279.56906782966456,291.74794781457865,320.83744430663927
8930e1c1457ffff,9739851483,167.80369269113476,167.80369269113473,184.9235503229263,252.9138311404176
8930e1c145bffff,8615050134,8.49654375117512,8.49654375117512,69.83769062309337,96.17427642019975
8930e1c1463ffff,10857081045,111.69835383912522,111.6983538391252,129.3504323749388,154.31045598544145
8930e1c1467ffff,3832676342,74.2969660616296,74.2969660616296,124.33646905929251,150.49599537588674
8930e1c146bffff,4628909765,22.072606697125572,22.072606697125572,74.7279740434872,145.18363917634872
8930e1c146fffff,4197413309,109.27176606053031,109.27176606053031,120.12828236158617,125.77645949393896
8930e1c1473ffff,7838649221,74.80713789745919,74.80713789745919,99.1470794644023,114.83302557827729
8930e1c1477ffff,3832677128,354.657005265331,354.65700526533107,399.74552919549694,438.24770668669225
8930e1c147bffff,7838649493,222.58662084531147,222.5866208453115,233.09833004927378,252.66797728019048
8930e1c1483ffff,3829134665,163.14827692588008,163.14827692588008,169.56076592465655,179.26193700297836
8930e1c1487ffff,3828659065,353.5111399511057,353.5111399511057,385.3315792754509,398.6624832191831
8930e1c148bffff,3252770300,62.68125300697112,62.68125300697112,113.22849858255083,165.23544261819413
8930e1c148fffff,3252764046,216.6667720427057,216.6667720427057,260.3497294365608,279.16053887955974
8930e1c1493ffff,3828659099,286.2957388424894,286.2957388424894,292.5195577842317,320.1849803429929
8930e1c1497ffff,8149311008,76.98062776781086,76.98062776781086,122.63599138163562,154.0824390563339
8930e1c149bffff,3829133034,260.5317483907437,260.5317483907437,262.06531410837556,279.9674782735721
8930e1c14a3ffff,3829107178,112.55268391713116,112.55268391713116,124.34388116523007,170.10996505557034
8930e1c14a7ffff,3830520069,205.05729080115353,205.05729080115356,227.77595677590853,248.86900121025795
8930e1c14abffff,3830519673,131.59913072669858,131.59913072669858,140.75731651923894,151.14576633946027
8930e1c14afffff,3830519836,243.97776974779458,243.97776974779455,245.0784071102712,247.27918339192328
8930e1c14b3ffff,3829120928,321.5347186015275,321.5347186015275,355.6275316008035,414.034798639151
8930e1c14b7ffff,3829107207,56.06892097500901,56.06892097500901,70.46431689844843,96.90226208585239
8930e1c14bbffff,5321180887,10.770116959396825,10.770116959396825,82.96689879202866,123.62806740632736
8930e1c14c3ffff,4173042505,222.3085176220177,222.3085176220177,235.5452831297426,276.54742473844124
8930e1c14c7ffff,8624527513,119.663583575418,119.663583575418,178.17395078956957,208.75073430502928
8930e1c14cbffff,8374423622,11.027680260790937,11.027680260790937,78.60433262778784,124.12721858976647
8930e1c14d3ffff,13202101934,216.38628534699575,216.38628534699575,217.20686431965393,223.5747708784654
8930e1c14d7ffff,3829262394,174.0083385766286,174.0083385766286,233.5622747504322,264.1281726556655
8930e1c14dbffff,3440220393,270.386437912817,270.386437912817,293.44701275861775,318.53803870814085
8930e1c1503ffff,3830520073,185.98456829721567,185.98456829721567,204.18960267694112,225.16734094083142
8930e1c1507ffff,12449558299,342.8537876842997,342.8537876842997,347.4010906608935,352.9634554192733
8930e1c150bffff,12467036327,363.18560397921385,363.1856039792139,381.73579394866573,417.2928958173074
8930e1c150fffff,3832323868,98.82961437241556,98.82961437241556,158.16269880579978,210.2669168156685
8930e1c1513ffff,3830520197,111.71918643242248,111.71918643242248,117.62090854783787,131.72483883945998
8930e1c1517ffff,13525478135,0.0,0.0,48.57764085745334,68.97309143569966
8930e1c151bffff,3830519988,106.28268077518408,106.28268077518408,117.89425794508179,178.7036293392565
8930e1c1523ffff,10031985513,493.2231577898239,493.2231577898238,494.61757505903773,497.2038741935177
8930e1c152bffff,8500293053,63.99456173647035,63.99456173647035,96.03934361595368,134.75456803076227
8930e1c1533ffff,11271008665,608.8851807957069,608.8851807957069,639.7148406347121,663.1351837653798
8930e1c153bffff,3831374510,294.3013087562606,294.30130875626054,314.01699353275944,323.2955455495333
8930e1c1543ffff,3830519368,130.27586422789904,130.27586422789904,154.76804652709913,170.02985701460332
8930e1c1547ffff,12389415247,33.674938610511894,33.674938610511894,37.1991383243236,123.4894372385652
8930e1c154bffff,12389319295,202.88472968599064,202.88472968599066,226.98500268901057,256.76306407024657
8930e1c154fffff,11391459496,255.66094470431676,255.6609447043168,278.42573696253015,356.9685878570233
8930e1c1553ffff,3830519467,308.6839782680076,308.6839782680076,317.99778353463023,324.28511968955445
8930e1c1557ffff,12389415112,206.2886645321685,206.2886645321685,292.66689973224334,327.18185235337694
8930e1c155bffff,12389288245,183.11524459277135,183.11524459277138,185.1692386886544,248.55575621592837
8930e1c1563ffff,3807500756,166.62348311892242,166.62348311892242,185.47431580918538,198.09797235662504
8930e1c1567ffff,8500246286,232.70394291989595,232.70394291989592,329.0022317330198,385.5436518736001
8930e1c156bffff,4174560601,80.99037645462418,80.99037645462418,125.33466702879451,174.86140578891136
8930e1c1573ffff,12389366121,138.61160946306285,138.61160946306285,217.80709400740972,248.80147337695487
8930e1c1577ffff,3807501250,138.514367487013,138.51436748701298,179.85844330410455,224.90087949304902
8930e1c1583ffff,10228727287,75.35560408854235,75.35560408854236,83.81210565519407,110.64706640859782
8930e1c158bffff,3829083175,209.81877254864975,209.81877254864972,231.3337406922772,248.02401797247308
8930e1c158fffff,4173391976,128.10177887090936,128.10177887090936,188.8556852339656,227.53193683359768
8930e1c1597ffff,3830680225,443.8339383480268,443.8339383480268,501.1807560208269,524.6522573191739
8930e1c159bffff,10017701948,423.7889639903822,423.7889639903822,470.05175423327483,491.52966916230093
8930e1c15a3ffff,3830680054,254.5283465394918,254.52834653949182,274.4528940359523,341.00896895142074
8930e1c15a7ffff,3831326927,326.79309068016755,326.79309068016744,358.3491476745942,383.4379437549999
8930e1c15afffff,4873767248,711.3500157932596,711.3500157932597,715.4130129129449,731.4874180648759
8930e1c15b3ffff,12393171389,52.395660603621494,52.395660603621494,88.99404832665488,105.49983483802849
8930e1c15b7ffff,12578760454,143.3971535783698,143.3971535783698,160.78663937512374,174.69115677517675
8930e1c15bbffff,3830679985,202.22198518744625,202.22198518744622,247.56389371074113,271.98944320670444
8930e1c15c3ffff,10017702426,109.1189028476208,109.1189028476208,112.30694694269802,124.18225082934025
8930e1c15cbffff,12389250474,79.38717723714538,79.38717723714538,134.5632264567684,167.44248146290894
8930e1c15cfffff,3830519889,240.45679000815406,240.45679000815403,249.03475647058858,254.7309269875209
8930e1c15d3ffff,3830520172,224.64991464704286,224.6499146470429,228.64082613004624,252.95642294229614
8930e1c15d7ffff,10017701805,325.1016145088385,325.10161450883845,330.9140650182891,342.0270837941245
8930e1c15dbffff,436833512,66.3695780857464,66.3695780857464,139.89178423268513,194.88728557376135
8930e1c1603ffff,1708192432,262.5535233292159,262.5535233292159,346.37277749491165,375.58108964118424
8930e1c1607ffff,4697491760,251.38276061087848,251.3827606108785,256.67160887916066,277.06322839829403
8930e1c160bffff,1708149496,100.11556430504423,100.11556430504423,153.70025792601712,172.64251583769567
8930e1c1617ffff,4697491482,134.72168774903844,134.72168774903844,141.7708608253129,177.6185406290258
8930e1c161bffff,1717112160,261.2787814990605,261.2787814990606,278.2817446930728,294.1260734840823
8930e1c1633ffff,4636760142,126.07825857144141,126.07825857144141,186.95382716703028,217.9363149527443
8930e1c1637ffff,9083521284,193.4314342724316,193.4314342724316,277.6342493664613,309.35690574661436
8930e1c163bffff,7613988478,737.8311108287814,737.8311108287814,802.4134840994752,842.802886677024
8930e1c164bffff,732065564,1352.5622552798345,1352.5622552798347,1381.5324294695079,1414.0382078519372
8930e1c1653ffff,6122919356,141.44388400583873,141.44388400583873,242.26730066283693,293.78307513792225
8930e1c1657ffff,1665606099,521.4189208511877,521.4189208511877,528.1595708846439,540.2273433420079
8930e1c1667ffff,3856575173,566.4944821273054,566.4944821273056,582.7087601371129,605.3261708793116
8930e1c1677ffff,9040007313,418.9119511924155,418.9119511924155,507.9833325643896,567.5933896218847
8930e1c1683ffff,4640923217,422.77165447971686,422.77165447971686,473.08312322089847,511.5104498197652
8930e1c1687ffff,3833114123,342.7233460502034,342.7233460502034,359.3334259528739,382.8382134797471
8930e1c168bffff,8214317373,326.68516287399757,326.68516287399757,329.73149894522896,372.2459223579261
8930e1c168fffff,1717116289,48.79727918490241,48.79727918490241,71.54606843003609,137.7030995510705
8930e1c169bffff,4639723022,109.33404191708435,109.33404191708435,141.8192974447936,177.76594517277044
8930e1c16a3ffff,8495285978,184.84300362646457,184.84300362646457,238.44140000657333,257.3566813266628
8930e1c16a7ffff,1988003966,269.1087019343538,269.10870193435386,269.21247630048134,285.6335024869744
8930e1c16b3ffff,3833114314,125.56935091689203,125.56935091689203,228.97206111244066,264.63472239017705
8930e1c16b7ffff,7838649497,162.05586275476924,162.05586275476924,167.22631368623613,175.26589599028213
8930e1c16bbffff,1717116637,0.0,0.0,46.392068205182895,66.65739477460608
8930e1c16c3ffff,8489939568,20.559995073395275,20.559995073395275,55.04242887603592,71.04358920077512
8930e1c16cbffff,3848967849,240.2606588273261,240.2606588273261,286.9940270072376,316.33311438826115
8930e1c16d7ffff,4646012770,0.0,0.0,37.83929030085647,61.277667362570355
8930e1c16dbffff,4200916204,373.3774150210804,373.3774150210804,379.28343591661167,394.2928968368954
8930e1c1863ffff,7858055071,1141.496269900692,1141.496269900692,1235.7411888164925,1273.5913400413417
8930e1c1967ffff,3968949914,1239.503725378579,1239.503725378579,1530.0097292385149,1680.99921628597
8930e1c1a03ffff,4659949322,291.51271338266366,291.5127133826637,299.2487136359134,385.83492823491844
8930e1c1a13ffff,11182352101,88.56712828916733,88.56712828916733,141.1475682836347,181.33090958216098
8930e1c1a17ffff,5072309740,123.8605163004176,123.8605163004176,126.76091434458665,147.316958340034
8930e1c1a6fffff,436846127,0.0,0.0,106.64358956484152,146.78445818284783
8930e1c1a8fffff,12475116064,279.63937019088087,279.63937019088087,299.88448788847575,339.6401602371621
8930e1c1a9bffff,12830461157,514.3037105984668,514.3037105984669,660.6909935250308,715.5465250770525
8930e1c1aa3ffff,11036984907,104.47261421737667,104.47261421737667,198.71753313317714,243.35391162436804
8930e1c1aa7ffff,2494370246,177.05440019046415,177.05440019046415,271.29931910626465,343.4209258091359
8930e1c1aabffff,4178882183,92.86194571993214,92.86194571993214,138.12530328833483,159.5622803866188
8930e1c1ab7ffff,2037932654,642.8444702025415,642.8444702025414,832.8027225215459,918.4080675500533
8930e1c1ac3ffff,13043012557,165.32583287152949,165.3258328715295,178.2488446645927,231.46087795034975
8930e1c1ac7ffff,7875146539,312.74928545833694,312.74928545833694,323.7148083672404,335.88600450322025
8930e1c1acfffff,9075203119,41.195217585406745,41.195217585406745,114.31479544260552,187.5923507497411
8930e1c1ad3ffff,13043012777,477.2906925862487,477.2906925862488,481.3523076144206,558.8228334116772
8930e1c1ad7ffff,368702043,0.0,0.0,169.75986978694675,282.2839546236166
8930e1c1adbffff,7875146579,0.0,0.0,139.24218463354896,190.58051697906544
8930e1c1b03ffff,3844539314,362.8544946784788,362.85449467847883,390.46560766100606,415.9407966407962
8930e1c1b07ffff,1977404128,259.43482587197576,259.4348258719757,262.3715608172747,287.2308354697704
8930e1c1b0bffff,3844538995,419.09903958739267,419.09903958739267,468.22320076561164,503.00532981336937
8930e1c1b0fffff,3844538980,125.10986241681019,125.10986241681019,152.7209753993374,182.26668206202507
8930e1c1b17ffff,3011984695,476.466464931665,476.46646493166503,517.1403770924909,535.1939411301374
8930e1c1b23ffff,3847012442,489.62641261483566,489.6264126148357,494.6833005627654,499.20772967654096
8930e1c1b27ffff,3847013378,298.042648525332,298.042648525332,355.3849312397565,388.97702321874976
8930e1c1b2bffff,3847013561,255.2261073392299,255.2261073392299,266.13202795252533,280.48988177229484
8930e1c1b2fffff,3847013687,196.45015845933688,196.45015845933685,199.85742645545722,229.34185817953752
8930e1c1b33ffff,3847013707,163.40193878331758,163.40193878331758,205.4979078087208,227.7000382683112
8930e1c1b37ffff,3847013609,219.52869518572209,219.52869518572209,257.1227160317535,284.02623751364786
8930e1c1b3bffff,436843576,205.98101761748745,205.98101761748745,210.2392173141859,212.42470409223395
8930e1c1b43ffff,2494937609,441.1962964265314,441.19629642653143,444.50208025128103,496.76081382716774
8930e1c1b47ffff,12286715633,316.80819986615245,316.8081998661525,376.0694367904723,408.5860241054409
8930e1c1b4bffff,3844539054,336.25378408695764,336.25378408695764,372.71466496342646,389.58821097305736
8930e1c1b4fffff,3844539284,136.29928824554378,136.29928824554378,143.75316322507095,199.76620615320334
8930e1c1b63ffff,436873028,98.31537261116891,98.31537261116891,126.45274639775874,170.1276519312342
8930e1c1b67ffff,3847013319,162.25542685288713,162.2554268528871,176.87887663848483,185.18853694361442
8930e1c1b6bffff,3853896732,130.66249553727295,130.66249553727295,206.43087313048144,253.91932546446614
8930e1c1b6fffff,436825110,0.0,0.0,33.3484897043728,109.13731391262296
8930e1c1b73ffff,3847013382,106.36882223454936,106.36882223454936,197.23844144432536,280.3701001653682
8930e1c1b77ffff,3847013269,127.29302109267357,127.29302109267357,143.37684151568004,189.24779890942395
8930e1c1ba3ffff,3011984679,282.52842047744707,282.52842047744707,326.08244643444317,391.8206153992653
8930e1c1babffff,436817456,192.49910152433893,192.49910152433895,233.17301368516485,251.22657772281147
8930e1c1bafffff,13712790030,256.1228334550352,256.1228334550352,272.63523956717086,291.11032781728113
8930e1c1bbbffff,8702024003,770.9849311492633,770.9849311492633,811.6588433100892,829.7124073477358
8930e1c1c13ffff,3823777513,239.2574861056094,239.25748610560942,277.2205013051,305.29566234247716
8930e1c1c17ffff,10177594655,323.3796057083703,323.3796057083704,329.8909481995738,336.6846986952683
8930e1c1c1bffff,3823777521,171.86497297075627,171.86497297075627,215.88093872705366,266.4353053210904
8930e1c1c43ffff,4176800270,127.82541682363464,127.82541682363464,153.44326660941618,164.5350643659835
8930e1c1c4bffff,12495329750,28.139785847909096,28.139785847909096,47.38071584023447,60.011221577811625
8930e1c1c4fffff,3840461196,451.5137850259198,451.51378502591984,477.1316348117014,488.2234325682687
8930e1c1c53ffff,3840461097,68.93828933947084,68.93828933947084,89.56942972298907,119.83006295798937
8930e1c1c57ffff,2461176935,191.54343158766966,191.54343158766966,221.57253745364335,268.6202307961951
8930e1c1c83ffff,5527678464,123.7524896039047,123.7524896039047,173.983975396765,207.70385924435334
8930e1c1c87ffff,3748160985,60.70268434785765,60.70268434785765,82.53892761164963,134.79483657621543
8930e1c1c8bffff,10621313556,180.93203391883833,180.93203391883833,195.43083968572523,236.28569650445357
8930e1c1c8fffff,11676538810,147.71346589682207,147.71346589682204,157.38752322248587,160.8024952863859
8930e1c1c93ffff,9701245636,260.7118124846368,260.7118124846369,265.4145494359494,274.51891339587854
8930e1c1c97ffff,3748160933,253.18277246018238,253.1827724601824,257.2771447572616,274.35217638158
8930e1c1c9bffff,7619327983,123.81103365139495,123.81103365139495,173.27620972048578,207.07505834768244
8930e1c1ca3ffff,10170686416,202.38876104522632,202.38876104522632,227.2598297064764,237.0858743452969
8930e1c1ca7ffff,2474961928,396.54371871534124,396.54371871534124,422.03336500952196,440.17930741926784
8930e1c1cabffff,10170762965,190.83697504514961,190.83697504514964,209.21270746795108,253.58944401915394
8930e1c1cb3ffff,11451015167,219.27342864730954,219.27342864730957,249.88753201288543,285.32163271489395
8930e1c1cb7ffff,3748161130,165.65372719316633,165.6537271931663,182.44106258258273,208.49470667686793
8930e1c1cbbffff,2461144989,121.24588582003996,121.24588582003994,130.834342181622,160.48741106780196
8930e1c1cc3ffff,11450861263,347.0798769337452,347.07987693374514,376.6990716591352,396.9083639944275
8930e1c1cc7ffff,11450861214,192.59401764962334,192.5940176496233,269.75048864339436,324.568242419643
8930e1c1ccbffff,3823778046,58.10395979411133,58.10395979411133,84.8690137215657,141.2224556440311
8930e1c1ccfffff,4175100048,0.0,0.0,110.18747173795049,170.30021542442822
8930e1c1cd3ffff,436840976,247.88814226981756,247.88814226981756,293.29692701336955,319.4825665281858
8930e1c1cd7ffff,3823777549,144.01577640002586,144.01577640002589,238.67421282617119,302.0512557992385
8930e1c1cdbffff,7625681425,119.66600111448969,119.6660011144897,134.3083724643868,189.6810087050294
8930e1c1d93ffff,2474989436,389.02838295604465,389.0283829560446,397.19663062279085,418.18627212230285
8930e1c1d9bffff,13013239016,213.40335901380075,213.40335901380075,231.37288046078777,266.36862159484593
8930e1c1e03ffff,436872419,0.0,0.0,55.720734521650506,144.43280214416174
8930e1c1e07ffff,3846073328,129.8896378633479,129.8896378633479,131.40616953172886,170.68789964898076
8930e1c1e0bffff,1859287542,167.48910964409458,167.48910964409458,193.69402858089563,222.10621194972896
8930e1c1e0fffff,2461167279,273.7448941487485,273.74489414874853,292.8149891968121,300.6025538013193
8930e1c1e13ffff,8768916963,226.31782040604332,226.31782040604332,261.22947642871054,278.79491080920434
8930e1c1e17ffff,13137330430,96.42523631786199,96.42523631786199,101.56069406870853,107.62549298159963
8930e1c1e1bffff,8743773118,36.76251317091379,36.76251317091379,79.42216809703561,98.79326011510541
8930e1c1e2bffff,3846074001,315.3481936001613,315.3481936001613,373.1545040031235,402.89879168732267
8930e1c1e33ffff,13137330444,202.6907298062726,202.6907298062726,216.5071472526049,254.21192532214548
8930e1c1e3bffff,4176923870,7.287339195093048,7.287339195093048,73.51958672777974,139.31441430452858
8930e1c1e47ffff,1859287428,194.4720736909187,194.4720736909187,247.15170577834044,267.85131599134434
8930e1c1e4bffff,10815444429,88.33796461041487,88.33796461041487,107.73489279150263,128.56780293397705
8930e1c1e4fffff,436538597,257.2388396133382,257.2388396133382,274.43941579353475,322.19063099845437
8930e1c1e63ffff,8743771947,0.0,0.0,148.21170654753394,218.26950631378818
8930e1c1e67ffff,3846074019,523.6169309386715,523.6169309386715,561.5312445439774,590.9015771590103
8930e1c1e6bffff,13043012785,702.8278058554262,702.827805855426,706.889420883598,784.3599466808545
8930e1c1e6fffff,5820510528,306.5273910788201,306.5273910788201,362.0648652923725,399.89330088475475
8930e1c1e73ffff,3846074040,48.36540445413855,48.36540445413855,136.01746893571004,169.9029622232961
8930e1c1e77ffff,2461167273,109.94661454709257,109.94661454709257,156.8912486345017,204.3458853868086
8930e1c1e7bffff,1859287345,66.05918871506924,66.05918871506924,123.44842007828595,157.8034168888655
8930e1c1e83ffff,3840713101,92.44806623400002,92.44806623400001,96.97948511898994,108.83225011031533
8930e1c1e87ffff,3840713113,167.96992306673204,167.969923066732,210.33168954609803,231.7094599167756
8930e1c1e8bffff,8613759473,333.93533694212715,333.93533694212715,340.2884485115876,346.2357748055353
8930e1c1e8fffff,10725986651,48.81776210639758,48.81776210639758,59.84947884761676,119.58629881834777
8930e1c1e93ffff,3840713079,199.67436439543053,199.67436439543053,204.8057352468906,209.8769275224952
8930e1c1e97ffff,13014814493,75.79277611843489,75.79277611843489,103.11286970717236,140.43300784479726
8930e1c1e9bffff,3840739123,177.15426566300246,177.15426566300246,203.33890650499328,216.0300810307501
8930e1c1eabffff,2461173826,170.46139956997132,170.46139956997132,177.13913806268374,182.8818054629627
8930e1c1eb3ffff,13172343851,413.8047883401938,413.8047883401938,467.0523271358931,486.8479631246078
8930e1c1ebbffff,3840713120,194.46151070539622,194.46151070539622,196.5925842759168,220.02218755965455
8930e1c1ec3ffff,4676523025,93.35255675801503,93.35255675801503,192.19620564182736,227.42975378776387
8930e1c1ec7ffff,8613792815,217.4998975420733,217.4998975420733,227.35309891388454,239.28375286326772
8930e1c1ecbffff,10122978472,411.16226516668235,411.16226516668235,416.04837055219576,469.65993845478016
8930e1c1ecfffff,4676523036,397.219656980056,397.219656980056,411.5346242543411,419.8847343874772
8930e1c1ed3ffff,3846713269,120.33135402439608,120.33135402439608,129.34727289478988,143.087471762185
8930e1c1ed7ffff,8420346191,106.98076471816253,106.98076471816253,159.3051103813844,178.95660006127937
8930e1c1edbffff,3846713133,396.32322736073996,396.32322736073996,400.1522712848521,414.77121283752416
8930e1c2007ffff,3844000061,123.56047087270713,123.56047087270713,203.98153520399055,233.17624270897133
8930e1c200bffff,4778281443,302.58871444200923,302.5887144420092,323.9381895243446,333.76043409902076
8930e1c2013ffff,3844021793,190.0721562065138,190.0721562065138,198.57813374551728,203.04549005666271
8930e1c2017ffff,3844000104,29.502185411638962,29.502185411638962,52.62163334655482,107.24885291781925
8930e1c201bffff,3834405982,95.13909777351434,95.13909777351435,120.73565660542282,133.36491920943243
8930e1c2023ffff,3835654612,257.618049066162,257.618049066162,257.91063808879187,261.5850544143535
8930e1c2027ffff,7558527351,45.827647214497844,45.827647214497844,65.24980030924684,80.26297344731778
8930e1c2033ffff,11942111576,214.0036170850931,214.0036170850931,239.1672550241791,287.8143444796419
8930e1c2043ffff,3834438244,188.40295078678832,188.40295078678832,192.77151945905098,233.43757183265453
8930e1c204bffff,8497095580,147.24887274869553,147.24887274869553,211.68517521531382,263.8324146365899
8930e1c204fffff,3834438180,0.0,0.0,70.57384345140441,103.22679971813939
8930e1c2053ffff,3834405762,197.30078303520025,197.30078303520025,228.27358939972405,240.0562878110599
8930e1c2057ffff,3834405811,225.36844181804688,225.3684418180469,266.82780009156943,298.1822695356039
8930e1c205bffff,5651364257,222.56122601307607,222.56122601307607,266.5003077071749,304.78259978634895
8930e1c2067ffff,4744411403,198.55286540323186,198.55286540323186,209.55422380342202,231.04562171514502
8930e1c2083ffff,3845255249,98.16591739367614,98.16591739367614,117.08725607264648,124.06563869830642
8930e1c2087ffff,3845642267,187.6560300050286,187.6560300050286,213.3438999434281,222.53957044580784
8930e1c208bffff,3845571337,240.40730308053926,240.4073030805393,240.4938451170109,242.6574033092529
8930e1c208fffff,3844021808,157.12363975639528,157.12363975639528,178.03286497159985,190.40977606956017
8930e1c2093ffff,3845256073,143.24565967228418,143.24565967228418,163.17390295025925,172.92446247679632
8930e1c2097ffff,4772237835,224.30941653268002,224.30941653268002,271.62116490695007,305.83247676947417
8930e1c209bffff,3845571496,193.9458180598099,193.9458180598099,265.31137458834485,301.1902161187604
8930e1c20a3ffff,11162245311,451.16167658448137,451.16167658448137,521.488192698262,553.5573809467
8930e1c20a7ffff,8496954364,206.58184825584658,206.58184825584658,220.4937480485432,267.80965036564504
8930e1c20abffff,3844000077,235.57022951725284,235.57022951725284,337.6483168113459,385.25631556626314
8930e1c20afffff,3844021822,605.1987234090618,605.1987234090617,614.8452737629809,622.2166887667275
8930e1c20b3ffff,7062580890,77.06319254175915,77.06319254175915,98.37139602550798,126.09925985719606
8930e1c20b7ffff,11853819752,203.82908307310134,203.82908307310134,279.04453477347874,306.2934648185688
8930e1c20bbffff,3844021815,161.04005001572676,161.04005001572676,180.53466514800363,193.4968228455767
8930e1c20c3ffff,6603691581,35.72547830061037,35.72547830061037,40.65093136426396,96.3589966136865
8930e1c20c7ffff,4774472967,84.36306181207273,84.36306181207273,122.78497606009094,140.96120043308323
8930e1c20cbffff,3834386419,71.33009304492548,71.33009304492548,121.58998125325033,145.27896992631543
8930e1c20cfffff,3834405961,151.68193499669422,151.68193499669422,162.06199118567585,165.53766505963878
8930e1c20d3ffff,3845571236,232.8037077590682,232.8037077590682,245.76592609881055,254.36756031345624
8930e1c20dbffff,3834386529,280.72969681214147,280.72969681214147,292.3554606577777,297.0459934761996
8930e1c2103ffff,4662875021,361.0242789979032,361.02427899790325,394.7597732755092,410.00965766053054
8930e1c2107ffff,4665207792,67.39889345018742,67.39889345018742,233.2096487997204,289.0956981869074
8930e1c210fffff,5706189830,192.48442714269413,192.48442714269413,198.80685676800232,203.01610094180558
8930e1c2113ffff,4658197309,359.16753757625156,359.16753757625156,363.9638497562543,402.20796008444887
8930e1c2117ffff,3839543957,190.16285339734986,190.16285339734986,230.94456835344351,284.08771746078287
8930e1c2123ffff,3839569054,234.13948430048134,234.13948430048134,257.8268735418915,266.4271678918482
8930e1c2127ffff,3839573886,167.56616687048395,167.56616687048395,184.09280589379443,207.10558549541483
8930e1c212bffff,3839586086,79.24490385162733,79.24490385162733,89.8550332273658,100.90464622448953
8930e1c212fffff,4011473464,125.91819121510024,125.91819121510024,142.03506906020687,163.41568946310352
8930e1c2137ffff,8499777683,181.48470893250783,181.48470893250786,249.46270052933124,280.4800387733338
8930e1c213bffff,3839415406,60.016799034093864,60.016799034093864,86.85241942846454,98.95156311040508
8930e1c2147ffff,3835706988,85.5269074519718,85.5269074519718,123.35613485795797,137.27390850532137
8930e1c214bffff,436761910,186.5278611433244,186.5278611433244,302.5089510226271,393.2642820774101
8930e1c214fffff,8499393982,55.451783260545255,55.451783260545255,130.78090579482708,161.66571952742444
8930e1c2157ffff,2473591241,73.03264998818236,73.03264998818236,153.67200909585807,205.77128040240743
8930e1c2163ffff,3840005754,275.1568701413988,275.15687014139877,292.4532221401182,310.1013478624082
8930e1c2167ffff,3669387910,111.95233065503042,111.95233065503042,122.87405363295954,185.4970607897432
8930e1c216bffff,4682732673,298.00758239892525,298.00758239892525,359.12246610208047,384.59186831640505
8930e1c216fffff,1835332030,272.64878284137416,272.64878284137416,319.56331301641046,366.2331512594638
8930e1c2173ffff,5072342295,0.0,0.0,63.12744312616982,92.05566982317237
8930e1c2177ffff,3669403288,85.52260522292862,85.52260522292862,86.4024950491021,129.01644084327415
8930e1c217bffff,3835706846,62.685087826496684,62.685087826496684,79.9814398252161,120.87949373144723
8930e1c2183ffff,9497675031,384.9874748753394,384.9874748753394,404.7196218269115,413.7053190316849
8930e1c2187ffff,4675659286,0.0,0.0,201.56847480580274,285.4907301306675
8930e1c218bffff,6695804805,269.10625484068726,269.10625484068726,275.79711541486904,279.294407262035
8930e1c2193ffff,4658178996,180.77355251557668,180.77355251557668,209.66803918185724,274.0982612991948
8930e1c2197ffff,4675710641,98.52211989224153,98.52211989224153,113.16416566778076,172.84357415487122
8930e1c219bffff,4675726158,90.31928714368534,90.31928714368534,252.48755804424707,320.4652481388816
8930e1c21a3ffff,3988395759,129.26802048762374,129.26802048762374,180.86784882368448,203.7563719429567
8930e1c21a7ffff,8552304112,64.3473715069749,64.3473715069749,143.60726201926963,196.81668677112975
8930e1c21afffff,436863672,49.69080371689939,49.69080371689939,59.887428723828606,63.70298755522646
8930e1c21b3ffff,4701037707,391.06447090154256,391.06447090154256,397.52620039493,403.8461706600462
8930e1c21bbffff,4705121111,40.75726506821884,40.75726506821884,59.2796557736603,69.76160567106575
8930e1c21cbffff,3848370163,283.85017335344736,283.85017335344736,307.55471164186713,342.638469195457
8930e1c21d3ffff,4677544401,99.48011795339649,99.48011795339649,107.87430177049188,114.3508403599245
8930e1c21dbffff,8496992398,0.0,0.0,102.36696596997128,149.14654859027894
8930e1c2207ffff,3834716660,145.4949547131247,145.4949547131247,150.9205014735459,155.3028785305447
8930e1c220bffff,414687841,0.0,0.0,13.019652528892992,20.472017014490508
8930e1c220fffff,414687854,0.0,0.0,53.833792916623125,80.94009011271
8930e1c2217ffff,3834716807,146.06153308832768,146.06153308832768,179.8372209544801,197.45130989255702
8930e1c223bffff,3834716531,90.83654239395783,90.83654239395783,117.39364987454303,167.01156479141517
8930e1c2243ffff,4782460106,170.67859519988434,170.67859519988434,231.55267259324808,270.50741674803027
8930e1c2253ffff,3835838932,163.9255850666966,163.9255850666966,177.57200859142324,197.21843847104154
8930e1c2257ffff,3835839234,0.0,0.0,72.65076192565955,114.38750299290871
8930e1c2267ffff,3835932372,0.0,0.0,150.8201622523193,225.26628644441553
8930e1c2287ffff,3834437980,123.21190961673256,123.21190961673254,149.7541124943338,167.5501893020568
8930e1c228bffff,8495500798,72.26600859781581,72.26600859781581,73.77918661351083,83.05607062302848
8930e1c228fffff,3834717099,178.7140983440612,178.7140983440612,184.30397182241418,205.70705573388486
8930e1c2293ffff,3834346691,306.6699135712055,306.66991357120554,329.90603410327697,359.66259274982104
8930e1c2297ffff,3834438028,162.8614797656007,162.8614797656007,186.40016176405172,242.34899714945414
8930e1c229bffff,3834288274,39.80302335338078,39.80302335338078,130.4473697303403,166.6181823760617
8930e1c22a3ffff,3834717257,518.9149645763946,518.9149645763946,526.5933567062269,548.2572239680214
8930e1c22abffff,3834717033,216.34945953784765,216.34945953784762,263.13143537339647,284.69698433205764
8930e1c22b3ffff,3834717358,69.40350269684052,69.40350269684052,127.68960651540769,164.81310970666425
8930e1c22bbffff,3834717181,307.34991247003165,307.34991247003165,332.5642119637423,342.4217657116633
8930e1c22c7ffff,3834716594,162.65186676327028,162.65186676327025,175.0322203462393,192.66034838703777
8930e1c22cbffff,3835839316,62.90432120871292,62.90432120871292,87.5520364261625,103.15748152989984
8930e1c22d7ffff,3835839538,177.07583496429933,177.07583496429933,186.57927686978948,194.6861558188381
8930e1c2303ffff,4682732874,887.6268772018587,887.6268772018587,906.4573649374047,932.1291938483452
8930e1c2307ffff,7155640642,282.6795760784321,282.6795760784321,315.4272280478833,338.0559815835467
8930e1c230fffff,7153105661,468.315147491614,468.3151474916141,481.5682186188059,491.3154051213426
8930e1c2327ffff,436819961,0.0,0.0,73.9449108750859,101.96972963863156
8930e1c232bffff,4642398210,0.0,0.0,77.32344111280045,136.03264471263574
8930e1c232fffff,7153105655,120.76165587215928,120.76165587215928,192.40251342590486,222.3792422111353
8930e1c2333ffff,7155640652,256.6467751912471,256.6467751912471,264.83635926127624,275.8184721208149
8930e1c2337ffff,7153105653,388.6397346615837,388.6397346615837,395.98822267291195,404.89166313385687
8930e1c233bffff,7153095877,209.83260243676978,209.83260243676978,231.65091305373318,293.3782032992264
8930e1c2347ffff,3834716721,80.8368393299369,80.8368393299369,94.07966511461657,132.73552947181255
8930e1c234bffff,13573019437,166.45183985916884,166.4518398591689,229.54467142898335,263.16368319957377
8930e1c234fffff,3834716545,262.0123113172547,262.01231131725467,262.53299069558636,283.5490743092081
8930e1c2367ffff,13253228661,0.0,0.0,49.40208484335273,67.72097294708296
8930e1c236bffff,12839182217,277.2689324175468,277.26893241754686,334.67976741536063,354.2630163504138
8930e1c2377ffff,7153105641,118.86594571071625,118.86594571071625,144.17499053046603,187.28760299908308
8930e1c237bffff,4658714376,0.0,0.0,40.5809253255978,122.85399169824291
8930e1c2383ffff,4684846546,0.0,0.0,77.16360116119986,105.56627269452967
8930e1c23abffff,414687982,0.0,0.0,111.03494282819436,161.9759285301526
8930e1c23afffff,7577427836,0.0,0.0,28.005099802516586,92.07764998695903
8930e1c23b3ffff,436852338,0.0,0.0,115.9810898793027,171.2086024687787
8930e1c23b7ffff,7569368467,38.00065949821153,38.00065949821153,99.58309824364983,121.0529974655894
8930e1c23c3ffff,12832935348,753.3448320400499,753.34483204005,856.2960454140828,953.4416487981479
8930e1c23c7ffff,3834717319,583.040471615082,583.040471615082,585.194268954279,632.466235061688
8930e1c240bffff,3845342772,98.80402964800223,98.80402964800223,163.8641070861201,246.65797531558698
8930e1c241bffff,10208812585,471.2614839254993,471.2614839254993,583.4898169111027,682.0064369897315
8930e1c2423ffff,8491093536,246.8036992655531,246.8036992655531,248.30980824038608,272.22152662603725
8930e1c2427ffff,8494724638,313.0723498845057,313.0723498845057,318.807658575984,324.1542971738732
8930e1c242bffff,8491139393,127.592780273802,127.59278027380199,147.73006311677267,214.58968188866822
8930e1c242fffff,11162323424,0.0,0.0,37.40888688572794,68.50552561091631
8930e1c2437ffff,3846064569,70.28430771412549,70.28430771412549,116.44129014684441,175.85413015991654
8930e1c243bffff,3849211424,110.9056655136151,110.9056655136151,125.57075529913422,140.2104952706595
8930e1c2447ffff,4690929249,36.08755912993069,36.08755912993069,111.3239276740951,154.15855734508224
8930e1c245bffff,4139539402,284.04418720652166,284.0441872065217,299.759706240279,307.43021826123373
8930e1c2463ffff,4690027973,243.36398289496267,243.36398289496265,306.69343901338505,350.6155774798464
8930e1c2467ffff,4690025621,215.80512969075497,215.805129690755,237.9506237582729,252.39244936274693
8930e1c246bffff,13668825826,514.5254125259423,514.5254125259423,570.6632917165063,591.8052690059636
8930e1c246fffff,3845571463,350.40583538503773,350.40583538503773,383.2564312595017,404.64301581709174
8930e1c2477ffff,4776237056,354.94157937484306,354.94157937484306,359.83871385214576,364.3919008287456
8930e1c24afffff,8491059639,186.98560767436106,186.98560767436106,242.06535086135935,293.0563364232849
8930e1c24cbffff,3844068778,513.2345844540198,513.2345844540198,514.5430569466274,527.8882328097038
8930e1c24dbffff,11664599376,20.349726311574862,20.349726311574862,68.14051594983293,92.19526439470413
8930e1c2503ffff,3840136485,0.0,0.0,128.5434976876633,180.16358397495893
8930e1c2507ffff,6468467443,96.31986178697345,96.31986178697345,103.3648309655629,109.16635414328384
8930e1c250bffff,3848346770,135.0857633054312,135.08576330543121,178.79377178448988,201.3314993278599
8930e1c250fffff,3846919901,99.22045068483172,99.2204506848317,108.33167294144516,131.03586794055502
8930e1c2513ffff,3848346782,169.1888778606231,169.1888778606231,172.2996982332385,217.8484581323436
8930e1c2517ffff,3840136488,62.80602421644497,62.80602421644497,85.09331209431687,95.09103686350403
8930e1c251bffff,3846060089,50.94226623682244,50.94226623682244,82.10994719837305,175.46089889017875
8930e1c2523ffff,3840147220,10.067038377363435,10.067038377363435,98.0618407538502,139.00081523818395
8930e1c2527ffff,3840147219,103.85051056684566,103.85051056684566,179.83800108852236,213.1720391656213
8930e1c252fffff,4678576523,282.96207865028657,282.96207865028657,365.953025060268,410.31058446018295
8930e1c2533ffff,6586520014,493.67553749048193,493.67553749048193,531.8701946653904,547.1374596836653
8930e1c2537ffff,3840152614,337.1219585050526,337.12195850505265,354.89267038533217,390.4680970994271
8930e1c253bffff,6586520008,164.99841566938167,164.99841566938167,203.19307284429013,218.460337862565
8930e1c2543ffff,3845343377,279.91542729305945,279.91542729305945,287.25321131514215,293.5353214152063
8930e1c2547ffff,4133735779,134.12628675479357,134.1262867547936,180.73018199695804,200.29266560813343
8930e1c254bffff,3845642872,263.7956643214637,263.7956643214637,277.3963278664447,286.4001415587649
8930e1c254fffff,5189390051,89.8913879113176,89.8913879113176,97.65920817182379,110.89534972155793
8930e1c2553ffff,3960447731,136.5423534509025,136.5423534509025,138.58599617184836,159.2803781576921
8930e1c2557ffff,12872616797,109.94119584695387,109.94119584695389,150.05344203614922,228.33067868777684
8930e1c255bffff,3845808770,46.68100858123763,46.68100858123763,100.58984659945955,123.2206953805778
8930e1c256bffff,6696503601,16.66288561115454,16.66288561115454,56.09871144887575,88.41792232587655
8930e1c2573ffff,3846919912,85.85373496122803,85.85373496122803,143.10090850591862,192.12625074290895
8930e1c2577ffff,7952541821,323.80736582156504,323.807365821565,346.3468078444788,392.0247375485771
8930e1c257bffff,3845127222,169.54811829291276,169.54811829291276,175.78315899841738,209.62919020638537
8930e1c25a7ffff,6651686769,11.041554485363138,11.041554485363138,23.64375104479524,50.34042675634958
8930e1c25abffff,3846919894,205.79616739728377,205.7961673972838,207.38384574653276,211.82997522372784
8930e1c25afffff,3846919949,0.0,0.0,37.81132826540836,58.676116025356606
8930e1c25b3ffff,4139134418,0.0,0.0,62.32017877037549,83.82107956367379
8930e1c25bbffff,3848373523,60.0916008535589,60.0916008535589,125.49321160909767,154.1897666450278
8930e1c25cbffff,436858132,28.425645828767287,28.425645828767287,124.88551027207896,174.13190985580323
8930e1c25cfffff,3846060085,111.93108364527748,111.93108364527748,206.55253425530628,251.72288771663375
8930e1c25dbffff,3848340651,136.32821692354568,136.32821692354568,208.5256439851321,241.4548394702424
8930e1c2603ffff,3847023807,42.987946034199695,42.987946034199695,51.106203809221526,64.67627030143414
8930e1c2607ffff,4149648180,124.91223858826004,124.91223858826007,151.98886748619333,163.29080479931181
8930e1c260bffff,3840832398,144.89158227046318,144.89158227046318,170.22584606889018,184.45292755133028
8930e1c260fffff,3834347042,156.7767121472775,156.7767121472775,179.6198780152341,229.56428457887537
8930e1c2613ffff,3840906464,108.31539066107734,108.31539066107734,167.83844016644474,188.12659605423573
8930e1c2617ffff,3848318188,234.28720598403154,234.28720598403152,261.36383488196475,284.8763639403399
8930e1c261bffff,4635076596,324.1832866454092,324.1832866454092,434.787717580656,472.4570390144808
8930e1c2623ffff,3834386061,165.80734444926594,165.80734444926597,189.29463211583519,230.50168187081758
8930e1c2627ffff,3834438280,0.0,0.0,38.98439164888871,84.60582574652177
8930e1c262bffff,7569362980,121.6485047188033,121.6485047188033,140.6365291581639,191.53292542056633
8930e1c262fffff,8495417824,0.0,0.0,187.40303359959805,273.56229167802235
8930e1c2633ffff,3834386097,200.73929853785114,200.73929853785114,221.8170110528792,230.44929865891598
8930e1c263bffff,3834347286,256.84135231860057,256.84135231860057,269.20515976428794,280.7420823934383
8930e1c2643ffff,4163696458,251.30646548486794,251.30646548486797,329.9630607572888,364.63688547378706
8930e1c2647ffff,4163696414,318.46516528371455,318.46516528371455,341.0051803573269,354.157769053528
8930e1c264bffff,3840831821,15.73451965685238,15.73451965685238,56.63159829535635,78.68925947828922
8930e1c264fffff,3840831854,113.299392613293,113.299392613293,184.12055290528923,224.3198897750439
8930e1c2653ffff,3840882825,256.32436964390934,256.32436964390934,276.1161869727795,297.38011909921664
8930e1c2657ffff,3840832362,174.0446960694847,174.0446960694847,248.00159519686298,286.5368053743043
8930e1c265bffff,3840882392,193.8334451798094,193.83344517980936,233.47401320651684,264.48300781883535
8930e1c2663ffff,3834288310,107.76859517981377,107.76859517981377,119.4492654084811,125.67720529410754
8930e1c2667ffff,3834346327,335.06863731502364,335.06863731502364,342.28698604555177,345.039084351226
8930e1c266bffff,3835839610,94.88528822321106,94.88528822321106,107.3348408171911,129.40730845904432
8930e1c266fffff,3834288205,177.11638695099228,177.11638695099228,207.1228395138337,226.79483986580033
8930e1c2673ffff,3834244090,230.10752805137787,230.10752805137787,233.77428828992151,250.94686088387326
8930e1c2677ffff,3834346728,50.46179357627986,50.46179357627986,105.18645716255406,125.24418642482199
8930e1c267bffff,436836161,0.0,0.0,59.07500550137977,99.06686630833805
8930e1c268bffff,3847023817,129.28089560894946,129.28089560894946,222.89487280269816,274.01501382452676
8930e1c268fffff,3847023820,269.28889143361306,269.28889143361306,275.0721109179458,320.6188240251806
8930e1c2693ffff,3628088063,199.85588810824444,199.85588810824444,229.51726635421505,278.7480733750406
8930e1c269bffff,4149632989,117.288577259735,117.28857725973502,121.21433355853134,128.57306284704262
8930e1c26a3ffff,8488768984,8.38318051951501,8.38318051951501,52.49252924497934,74.51373304462915
8930e1c26a7ffff,3848336067,207.52434248035917,207.52434248035917,251.3516221052474,273.6690408573771
8930e1c26abffff,3848336050,0.0,0.0,28.09989905262594,42.452103137709535
8930e1c26afffff,3834386468,143.95176017557142,143.95176017557142,162.31347149437613,171.84908209209098
8930e1c26b3ffff,3848336029,111.1950892324507,111.1950892324507,137.2299255595902,189.3358975866917
8930e1c26bbffff,3845062188,0.0,0.0,25.949450464033596,42.07325606346354
8930e1c26c3ffff,4162097628,312.138365537902,312.138365537902,348.45138191990003,366.7831133196781
8930e1c26c7ffff,4161844139,129.57800351854596,129.57800351854596,149.41291652986519,205.00624571424973
8930e1c26cbffff,3840882965,41.414149498179235,41.414149498179235,116.39944198240195,152.60738305339598
8930e1c26cfffff,3840906196,0.0,0.0,17.05297003895787,67.67881069136037
8930e1c26d3ffff,4162097612,213.92572537751565,213.92572537751562,236.4388354804904,271.13232764425436
8930e1c26d7ffff,3840936551,250.6156581707363,250.61565817073634,265.3076922945204,270.9164515228617
8930e1c26dbffff,3840936113,68.59825396388737,68.59825396388737,77.93934287255541,107.92745701918314
8930e1c2a37ffff,8856577441,402.9334298477423,402.9334298477423,418.8597061303757,532.699930094126
8930e1c2a47ffff,3843481066,319.31691109590054,319.31691109590054,325.959317619363,394.64873643907475
8930e1c2a4bffff,11172483220,245.66666821598827,245.6666682159883,264.70546156686106,353.110679018608
8930e1c2a5bffff,8959033083,859.3743495626131,859.3743495626131,865.9242027914614,934.644472709378
8930e1c2a7bffff,3843481061,0.0,0.0,6.642406523462427,77.16821785108786
8930e1c2bc3ffff,8958925358,616.4596145510407,616.4596145510408,654.8994787200372,732.2784708328358
8930e1c2bc7ffff,8958904393,858.4816861380847,858.4816861380849,896.9215503070814,974.3005424198799
8930e1c2bcfffff,8958925253,551.4252449785849,551.4252449785849,589.8651091475814,667.2441012603799
8930e1c2bd7ffff,8958904387,1072.9337664239722,1072.9337664239722,1111.3736305929688,1188.7526227057672
8930e1c2c03ffff,3841393050,169.97928168924827,169.97928168924827,182.48867947921144,227.30000735286956
8930e1c2c07ffff,3841778860,306.9403001287784,306.94030012877846,314.3328807921837,329.39021670684104
8930e1c2c13ffff,3841392959,160.71967040855472,160.71967040855472,178.82206011454315,199.04928530639015
8930e1c2c17ffff,3841778907,123.73261949944616,123.73261949944614,132.59984785067212,142.10104863742853
8930e1c2c1bffff,3841213244,122.82628715126282,122.82628715126282,201.3160011703531,230.74239335987485
8930e1c2c43ffff,4634213719,322.1437720204988,322.1437720204988,328.9737088164908,334.35959499297365
8930e1c2c47ffff,3839663719,577.4664920154179,577.4664920154179,618.7415592507582,637.0532061931996
8930e1c2c4bffff,4639444227,381.0722539984981,381.07225399849824,482.3738982223212,518.7343876258548
8930e1c2c53ffff,436852389,0.0,0.0,66.30000508126346,108.71580773721062
8930e1c2c57ffff,3839683048,120.49356319373649,120.49356319373649,132.56540950273512,173.62937503393778
8930e1c2c5bffff,3839586109,0.0,0.0,9.009688770815172,47.2412809403225
8930e1c2c8fffff,3841597645,376.5736017076531,376.5736017076531,377.52846903846466,404.2917402643423
8930e1c2ca3ffff,3841812291,191.79823345447753,191.79823345447755,199.1954236955707,267.8101747430398
8930e1c2ca7ffff,3841812250,337.65290775617876,337.65290775617876,444.2736294479289,504.2871449405745
8930e1c2cabffff,3841553286,51.92887152884996,51.92887152884996,112.38253685506929,149.45218355537065
8930e1c2cafffff,3841779125,246.98051788936345,246.98051788936343,270.94633705065723,353.856634674468
8930e1c2cb3ffff,3803846102,594.2776284866136,594.2776284866136,652.6169582629302,675.1542900956227
8930e1c2cb7ffff,3841598247,566.1415318613134,566.1415318613134,599.9684472774375,682.3245668773123
8930e1c2cbbffff,3841598060,337.35739530188886,337.35739530188886,338.3122626327004,374.01288286178055
8930e1c2ccbffff,3839762099,226.52800888660283,226.5280088866028,251.0263172652654,259.58732247094514
8930e1c2ccfffff,3841128331,88.21717672799893,88.21717672799892,138.8216417443922,176.34556297197264
8930e1c2cdbffff,4700931652,326.16547788267883,326.16547788267883,336.9871286332402,354.79971223305364
8930e1c2e07ffff,436842522,0.0,0.0,14.54115029570895,106.22519160772195
8930e1c2e13ffff,4634548975,151.56870530846913,151.56870530846913,161.9193536755459,193.5980076054672
8930e1c2e1bffff,436875608,0.0,0.0,78.89404443408938,130.47310269298555
8930e1c2e33ffff,4661436928,167.0853964374223,167.0853964374223,212.04887635249275,273.84566975096436
8930e1c2e3bffff,3842007441,15.617303091811122,15.617303091811122,51.32879756772636,119.5422136682131
8930e1c2e43ffff,3842037153,0.0,0.0,71.51259668010343,156.6681510138972
8930e1c2e4fffff,3842051296,0.0,0.0,167.97970840673912,271.6480089957211
8930e1c2e53ffff,3842033492,0.0,0.0,90.88026060541422,121.9048625107021
8930e1c2e5bffff,6521269282,286.57808562615503,286.57808562615503,316.9517834706836,354.5877892250044
8930e1c2e67ffff,3843481079,556.4198348426116,556.4198348426115,562.1491529857576,640.430943314756
8930e1c2e83ffff,3841496864,92.48199104288643,92.48199104288643,215.39234747408096,279.7192116085458
8930e1c2e8fffff,4639742637,281.54617894433846,281.54617894433846,421.3651190052658,469.7623567386922
8930e1c2e93ffff,3841496769,290.9855355297863,290.9855355297864,341.76754840609703,361.5687288910614
8930e1c2e9bffff,4381390678,261.52740256851973,261.5274025685197,263.77498125099,297.2684176217947
8930e1c2eabffff,436842530,0.0,0.0,77.4413073216008,108.56434156605917
8930e1c2eafffff,3842007087,310.25681739107563,310.2568173910756,332.78810936567186,378.9776960647843
8930e1c2eb3ffff,436866103,0.0,0.0,105.75096719334432,171.17094737332116
8930e1c2ebbffff,2125866029,0.0,0.0,63.738561429475425,106.6232058884696
8930e1c2ec7ffff,4695000081,178.80872823017455,178.80872823017455,230.085062048038,258.8757877071146
8930e1c2ed7ffff,2279755237,184.78388389056036,184.78388389056036,188.76598841317858,191.03747170781205
8930e1c3003ffff,8163266545,308.7205146146415,308.72051461464156,321.21256020554335,342.2935367003245
8930e1c3007ffff,8166111397,182.96901219718828,182.96901219718828,245.85724771783987,270.3643343866324
8930e1c300bffff,3828480914,147.95873926415828,147.95873926415828,172.28461235804775,199.19258305715778
8930e1c300fffff,4166609729,187.39851100640382,187.39851100640382,191.957528223718,210.39416192730326
8930e1c3013ffff,3836538434,324.9012559803591,324.9012559803591,329.88502001053723,337.5208808773493
8930e1c301bffff,5209069999,77.81319090459948,77.81319090459948,103.88154255682824,123.62667203591116
8930e1c3023ffff,3836498789,87.91533546940737,87.91533546940737,89.91459442535599,128.54056015594708
8930e1c3027ffff,3836498811,221.24218626844637,221.24218626844637,230.82594827789094,242.37156685266896
8930e1c302bffff,4655048510,437.4648205517226,437.46482055172254,448.399309786862,459.7077352246617
8930e1c302fffff,7018938278,205.72926133295695,205.72926133295692,223.28681404350783,258.03288367216163
8930e1c3033ffff,3838817006,183.5920179181178,183.5920179181178,285.77150667305983,323.93263282930326
8930e1c303bffff,7097423915,14.71787620251136,14.71787620251136,15.138489156895906,17.164240920466966
8930e1c3043ffff,3828480760,138.06726850845985,138.06726850845985,143.88874630196585,174.70099104928354
8930e1c3047ffff,4652752118,78.23353241410278,78.23353241410278,148.639333527765,199.52509474928203
8930e1c304bffff,3829451541,230.74993364078074,230.74993364078074,256.754490320634,269.30366107625576
8930e1c304fffff,3828480707,393.18716409134294,393.187164091343,399.2714066353014,411.9033768900256
8930e1c3053ffff,5762654187,114.67098378828311,114.67098378828311,251.72942179752897,298.9615968615066
8930e1c3057ffff,436849168,0.0,0.0,41.125741275444454,101.77152244303409
8930e1c305bffff,5400357571,149.24603643560508,149.24603643560508,179.58451857376966,195.5012260931071
8930e1c3063ffff,8165004867,174.0181689541592,174.0181689541592,268.98871038424784,354.34042535431763
8930e1c306fffff,3828636428,337.88343068226516,337.8834306822652,404.93951678055964,475.00746956044196
8930e1c3073ffff,3828480839,181.02092082423025,181.02092082423027,238.61972023742652,273.11498825973473
8930e1c307bffff,6235904192,348.00234348609695,348.00234348609695,349.2293660806149,364.1829270158626
8930e1c3083ffff,3841557156,167.6989325674225,167.6989325674225,201.00121617497638,218.53384376917646
8930e1c3087ffff,4554905435,63.81307263963298,63.81307263963298,93.41342781775356,134.59996216049288
8930e1c308bffff,3841556987,470.0866377723797,470.0866377723797,482.30602696543633,492.7386194508434
8930e1c3093ffff,8488125908,293.67487987685695,293.67487987685695,324.4381462324087,344.6636355842398
8930e1c3097ffff,3841557376,369.3288569341313,369.3288569341313,378.9766565216545,428.9935034206132
8930e1c309bffff,3841557120,337.5564402051815,337.5564402051815,389.35581677899626,407.4553844728338
8930e1c30a3ffff,3836538763,0.0,0.0,25.819539771235817,50.79959261628179
8930e1c30a7ffff,12444690662,14.455041661431741,14.455041661431741,60.73052193235645,133.62508072977286
8930e1c30afffff,4634076665,336.79946336083617,336.79946336083617,349.35649260264995,357.9869293588684
8930e1c30b3ffff,10698522237,420.7625499596197,420.7625499596197,441.0865283042218,455.32900739937287
8930e1c30b7ffff,3838818274,212.85362063423935,212.85362063423938,287.3390042732839,323.86981896681107
8930e1c30bbffff,4166609705,270.23582049463823,270.23582049463823,274.76339182292463,364.5260629866625
8930e1c30c3ffff,4167877160,37.851489625987405,37.851489625987405,51.651682424506646,89.56167319460894
8930e1c30c7ffff,3841556867,259.88087764667307,259.88087764667307,260.52840316677253,272.6773633806772
8930e1c30cbffff,3841733101,97.51725623206707,97.51725623206707,104.05820280611721,107.99828862316106
8930e1c30cfffff,3841733131,196.34378965469298,196.34378965469298,197.00342012572605,209.8089527676519
8930e1c30d7ffff,3841556928,125.61248008250456,125.61248008250458,144.15968316341136,171.28720864037163
8930e1c30dbffff,9022840250,144.8055868009704,144.8055868009704,222.27598975665168,267.826359436848
8930e1c3103ffff,7021309250,349.2739397890717,349.27393978907173,372.42438457750256,381.76985702297344
8930e1c3107ffff,3836302669,182.97172418000218,182.97172418000218,247.53452847564333,272.4814389643126
8930e1c310bffff,7023760762,302.39574562626024,302.3957456262602,328.44573456382386,345.5273420906705
8930e1c3113ffff,3835923288,194.7890896208636,194.7890896208636,210.59323327675423,285.2946214110348
8930e1c3117ffff,3835923593,47.510863009936806,47.510863009936806,103.67936697700692,123.77830480554167
8930e1c311bffff,4166037559,119.24078856193869,119.24078856193867,131.83820538342678,157.69383453301077
8930e1c3123ffff,3836302587,135.16193417732836,135.1619341773284,167.35758869179523,201.96025624419858
8930e1c3127ffff,3836302706,45.60381017525562,45.60381017525562,121.42687600087876,159.94068186971398
8930e1c312fffff,3836213835,119.86359255288004,119.86359255288004,121.69217227289388,178.5169973833596
8930e1c3133ffff,3836302746,0.0,0.0,11.863368196530676,76.76037384883674
8930e1c3137ffff,3836346575,330.9309867186026,330.9309867186025,338.0037440125792,341.558984596586
8930e1c3143ffff,3836381179,289.1135640381114,289.1135640381114,296.9594111073901,311.6810466940363
8930e1c3147ffff,7018598595,267.78584837317084,267.78584837317084,309.4959549551378,329.30247544365034
8930e1c314bffff,2147578788,0.0,0.0,620.7627376334165,885.70763220364
8930e1c314fffff,3836379199,165.35283951555297,165.35283951555294,179.188558075755,196.15342488992977
8930e1c3153ffff,3836381242,94.3377635725773,94.33776357257732,114.16754143415244,163.76906921835769
8930e1c3157ffff,3836381301,182.2009058726963,182.2009058726963,212.60643998514843,227.17064614629749
8930e1c315bffff,436872039,180.08090677935047,180.08090677935047,204.93582785720787,224.70368087714837
8930e1c3163ffff,3836301852,231.60911536803602,231.60911536803602,260.1089056645603,273.04294602967207
8930e1c3167ffff,7016246175,274.38201945019694,274.38201945019694,316.0419321207253,356.83672893787553
8930e1c316bffff,11227690487,124.61608472921941,124.61608472921941,132.04775304144914,139.19257048170638
8930e1c3173ffff,7018595892,272.4248517593278,272.4248517593278,317.78786682912926,367.3147203827751
8930e1c3177ffff,2655579386,577.4782184289387,577.4782184289388,620.74134178645,647.0758931079229
8930e1c317bffff,10693149588,50.66305906351187,50.66305906351187,136.9138559315633,174.88793392771512
8930e1c3183ffff,3835883201,0.0,0.0,111.89646622529699,198.3127306820579
8930e1c318bffff,4166037537,125.25806061284644,125.25806061284644,159.7954898609226,196.10681641677056
8930e1c318fffff,3835883075,93.55635769306144,93.55635769306144,120.0427783064307,170.57550118539208
8930e1c3193ffff,3835883265,204.5047388405471,204.50473884054713,211.57752961835905,273.54806813106137
8930e1c319bffff,7576453349,114.6820890387656,114.6820890387656,158.16224300459245,178.49768329643243
8930e1c31abffff,3836346616,136.08677864960856,136.08677864960856,182.79355678354693,210.12877664120833
8930e1c31afffff,3836346823,43.9448134828782,43.9448134828782,155.4129707120663,220.70351112778954
8930e1c31c3ffff,7106150355,128.6914677772003,128.6914677772003,133.58241884679785,149.09090271493102
8930e1c31c7ffff,3835922991,173.33689439529022,173.3368943952902,175.57915652089775,178.74291898900796
8930e1c31cbffff,9816151253,149.0168703396069,149.0168703396069,151.94863954893094,160.064247222987
8930e1c31cfffff,3836381439,84.63696281708481,84.63696281708481,137.99516886002294,165.67465654527382
8930e1c31d3ffff,3838818269,99.82351233826526,99.82351233826526,225.13905239294246,271.8247528917652
8930e1c31d7ffff,7106150346,0.0,0.0,50.39566489695991,82.65546929089062
8930e1c3207ffff,956047746,0.0,0.0,28.841517007381114,85.47501562020193
8930e1c320fffff,3829360805,177.94125932251563,177.94125932251563,298.7580140234285,358.2579435953201
8930e1c3213ffff,436816117,0.0,0.0,62.732413208900645,109.6602435508421
8930e1c3217ffff,3809204211,65.81520067912747,65.81520067912747,129.15750380388724,173.36935765798776
8930e1c321bffff,4170617173,108.23970570928083,108.23970570928083,165.77677467612875,227.62474638809704
8930e1c3223ffff,7377635763,283.27593194646226,283.27593194646226,303.8370099541396,311.094194136774
8930e1c3227ffff,13398088054,48.96466985454737,48.96466985454737,86.57417195865466,106.52511019172107
8930e1c322fffff,13420442381,295.2864185488532,295.2864185488532,310.3753977762215,333.06905185250014
8930e1c3233ffff,436868689,0.0,0.0,30.98142662810739,83.0943898555836
8930e1c3237ffff,3829451053,172.5412276376187,172.5412276376187,172.64029990227573,185.11233454498043
8930e1c323bffff,3828659351,286.1056808772528,286.1056808772527,296.70811757151625,320.5671720617534
8930e1c3247ffff,3829360393,376.5023372603624,376.5023372603624,393.928095011623,419.76799236523
8930e1c324bffff,3830591978,267.8780348710144,267.8780348710144,294.66905624616174,303.71279069580277
8930e1c324fffff,3164160565,95.44224443449916,95.44224443449916,128.41589176799332,148.80816658495988
8930e1c3253ffff,4690811293,328.93214739880176,328.9321473988018,450.47263945017824,526.1036042101335
8930e1c3257ffff,8488438999,391.77889704650244,391.77889704650244,419.27703081535503,461.30536582998684
8930e1c325bffff,4170211317,724.817670984748,724.817670984748,769.792721248313,799.0012092319402
8930e1c3263ffff,3829174537,272.87202272617446,272.8720227261745,315.9096022102141,340.89403662015064
8930e1c3267ffff,1906215104,90.64678676126667,90.64678676126667,208.9435520156846,300.30995826459645
8930e1c326bffff,2692178280,179.97279780176643,179.97279780176643,181.3603265923992,200.29471169885957
8930e1c326fffff,3829132987,58.02049063171368,58.02049063171368,82.23438780361107,100.92763569501581
8930e1c3277ffff,3829360649,147.04359854111834,147.04359854111834,205.82315716454875,285.0515987399726
8930e1c327bffff,4171946049,502.69395717697535,502.69395717697535,521.4942522774129,533.6261405569508
8930e1c3283ffff,7279041808,28.99001962248796,28.99001962248796,111.07849358933953,155.61433079302086
8930e1c3287ffff,3809204478,153.13681204381072,153.13681204381072,170.79003615530297,178.89120226572413
8930e1c328bffff,3809204294,145.32071521335206,145.32071521335206,214.85091637975145,244.36079875598878
8930e1c328fffff,3809204352,93.0873372926306,93.0873372926306,171.1651540624173,218.84572684229852
8930e1c3293ffff,3809204491,272.0472027502691,272.04720275026904,279.6949388199858,326.7773044995012
8930e1c3297ffff,3841732890,310.0677246181193,310.0677246181193,339.2767432546721,385.46650452659446
8930e1c329bffff,4170659963,55.21745408175581,55.21745408175581,69.91956244624431,109.87998004300216
8930e1c32a3ffff,287699971,114.02708001320886,114.02708001320886,183.6674421876142,235.44797854713366
8930e1c32abffff,3829451390,150.85850945098724,150.85850945098724,164.6781576243802,177.0265929430038
8930e1c32afffff,3829451453,88.29014074243982,88.29014074243982,175.65312302036736,206.84995882684484
8930e1c32b3ffff,3828635944,169.5950827358423,169.5950827358423,171.61087128821572,182.772724026409
8930e1c32b7ffff,4172034437,393.0282356587571,393.0282356587571,416.42477530521523,426.54343079286286
8930e1c32bbffff,436860295,0.0,0.0,20.342786474422546,84.35709990237713
8930e1c32c3ffff,3829504981,474.200852024269,474.20085202426907,500.27568689569944,511.8993709225938
8930e1c32cbffff,2817773370,153.25689274336676,153.25689274336676,225.22751361540514,254.75920438666603
8930e1c32cfffff,10794869221,101.7207683843345,101.7207683843345,132.1937118603913,211.97352870460796
8930e1c32d3ffff,3829505054,340.59706397843195,340.5970639784319,398.6645573421449,428.3734013753804
8930e1c32d7ffff,1791305452,167.88546065155663,167.88546065155663,170.10409619905857,176.7243630689056
8930e1c3303ffff,13721003531,108.24832115298952,108.24832115298952,113.84098736994879,141.27427396231846
8930e1c3307ffff,5576443078,232.49017153150595,232.49017153150595,288.31001418819505,313.3811143891747
8930e1c330bffff,7579130705,105.7994895349593,105.7994895349593,108.86820642155624,124.56139731444989
8930e1c3313ffff,3828636293,99.52507159869086,99.52507159869086,156.712520394362,191.9710985655065
8930e1c3317ffff,3828636324,46.52018754996369,46.52018754996369,56.36204584564922,79.98079180246192
8930e1c331bffff,7607340485,88.44627574540428,88.44627574540428,90.53321989092561,190.57748323326436
8930e1c3343ffff,3817459522,142.92788303924573,142.92788303924573,198.27332528221936,237.1436818704116
8930e1c3347ffff,7625662409,124.3775197136247,124.37751971362471,143.2847849117947,152.29996230265706
8930e1c334bffff,3828659322,159.78272489652807,159.78272489652807,208.13305606792207,242.8230320909802
8930e1c334fffff,3972977112,212.60443910125124,212.60443910125124,301.9712590641925,334.8309074589619
8930e1c3353ffff,7891595841,132.14159869988964,132.14159869988964,135.65887604206,168.97571752732793
8930e1c3357ffff,7646197916,202.97102097519908,202.97102097519905,204.90970022093614,259.47477183073266
8930e1c335bffff,3817459454,199.36716296588455,199.36716296588457,213.57866132566508,226.56248004856798
8930e1c3363ffff,11612969361,275.25499930306523,275.2549993030653,314.47984838456125,329.78342359190896
8930e1c3367ffff,436871394,67.89856941816271,67.89856941816271,108.19732417318501,156.7723671077163
8930e1c336bffff,1936511670,120.5830458857314,120.5830458857314,157.25556676066668,182.62260012543413
8930e1c336fffff,4172491674,70.96260090562342,70.96260090562342,105.87191555498339,141.95670102139357
8930e1c3373ffff,11612969891,93.05170673647908,93.05170673647908,124.08131273465645,158.49241161715037
8930e1c3377ffff,4172505012,266.81069854266184,266.8106985426619,310.4491934770537,334.1585114533015
8930e1c337bffff,3829008038,122.80084180150712,122.80084180150712,165.36862915327663,185.31489850782359
8930e1c3383ffff,3828636696,71.741685970254,71.741685970254,105.64053868312025,141.17123276055509
8930e1c3387ffff,436872034,0.0,0.0,50.13240083866623,93.35879477672938
8930e1c338fffff,3828636449,179.73146428291247,179.7314642829125,203.4748962051337,214.12551602890758
8930e1c3393ffff,3828636815,59.62320501781756,59.62320501781756,97.75899411376251,131.8181990251643
8930e1c3397ffff,3828636996,192.85356093104676,192.85356093104673,194.49187682661244,200.1214708895237
8930e1c33a3ffff,7018937831,121.90701423898923,121.90701423898923,246.147320238696,288.04468436527947
8930e1c33a7ffff,7018577922,179.4397578319988,179.4397578319988,221.04551617645186,237.02619034626764
8930e1c33abffff,3828636433,0.0,0.0,133.05647732118535,221.39369428164787
8930e1c33afffff,1936511756,106.75345424087065,106.75345424087065,121.94906575554305,168.35809479122065
8930e1c33b3ffff,7018937873,399.75221665637747,399.75221665637747,443.520181299774,470.33714709118476
8930e1c33b7ffff,2147578840,650.4276296984107,650.4276296984108,669.2477098824534,684.7448823172689
8930e1c33bbffff,3828636595,208.96587666348287,208.96587666348285,259.2173226758177,290.2455053045774
8930e1c33cbffff,13609872062,530.5651717443208,530.5651717443208,534.7582765817185,536.7927302427016
8930e1c33cfffff,13408470390,600.8163384633618,600.8163384633618,609.1341252727553,618.3207360238922
8930e1c33d3ffff,4456958534,347.12722980196213,347.1272298019622,352.24895876628756,448.038909407549
8930e1c3407ffff,3841490891,118.2642374132739,118.2642374132739,126.75287329783009,234.37930012671356
8930e1c3413ffff,11449802646,123.78996292936131,123.78996292936131,184.58686943866954,315.30847706550776
8930e1c3423ffff,4634639582,45.51450734149688,45.51450734149688,82.2326193715803,105.29573434090555
8930e1c3427ffff,4630064921,293.3988237075773,293.3988237075774,340.3679937308324,388.98454517291844
8930e1c342bffff,3841557432,222.97414976807448,222.97414976807448,239.71643317043444,258.020900324059
8930e1c342fffff,13113467556,153.1015207200349,153.1015207200349,210.63448101326134,248.13381194249686
8930e1c3433ffff,3841491001,0.0,0.0,47.99592436685147,122.00890467362937
8930e1c3437ffff,8488871535,372.8877814398629,372.8877814398629,469.2971936146196,519.3340525002799
8930e1c344bffff,3841701540,693.3222821098749,693.322282109875,696.3702570664962,731.8461995392821
8930e1c344fffff,1939144204,261.706383801101,261.706383801101,268.59547855026335,305.3517942872297
8930e1c3453ffff,4313800306,89.38561016802365,89.38561016802365,113.03150332906668,123.56563159921812
8930e1c3463ffff,3841490350,139.78347272251193,139.78347272251193,142.42572061515472,155.7205614520678
8930e1c3467ffff,3841557216,56.653547402528616,56.653547402528616,57.14952741593487,73.52413788789774
8930e1c346bffff,3841489738,219.10786672326566,219.10786672326566,223.4710528298978,230.09146519339288
8930e1c346fffff,3841639089,77.60562808606392,77.60562808606392,114.30545526851557,155.34998248390784
8930e1c3473ffff,3841490537,109.9121654652583,109.9121654652583,147.82860680396445,187.16383866319885
8930e1c347bffff,3841490285,207.88707160693596,207.88707160693596,224.0542526940139,244.1725711623591
8930e1c3503ffff,3839369340,177.2953927757394,177.2953927757394,188.41808415676033,215.72994975874155
8930e1c3507ffff,3839369416,105.86574206529107,105.86574206529107,147.37273543204742,168.62352747498016
8930e1c350bffff,4166596311,44.13938597881995,44.13938597881995,66.66199505645618,146.85380107469493
8930e1c350fffff,3839369226,341.0684461790002,341.06844617900026,363.5910552566365,384.695273172206
8930e1c3513ffff,436852041,0.0,0.0,71.91682205281401,103.52684450330064
8930e1c351bffff,3841343131,154.21287033109718,154.21287033109718,259.13862473819177,303.047954428376
8930e1c3523ffff,3835883455,200.3221782199594,200.3221782199594,219.5805734100265,247.8060448073244
8930e1c3527ffff,8495745252,302.5887792333117,302.58877923331175,380.1555245122744,412.9684012063935
8930e1c352bffff,5198597911,288.1929043811432,288.19290438114314,308.6588219266279,326.92136769057703
8930e1c352fffff,3835883370,175.37030708161566,175.37030708161566,182.9510824854333,219.9704587435465
8930e1c3533ffff,7576438260,58.176596533295026,58.176596533295026,63.96402447137051,68.74932507118392
8930e1c3537ffff,3835839145,63.66366257424261,63.66366257424261,142.78733179105237,174.70291481853982
8930e1c353bffff,4166289806,281.6038116326531,281.60381163265316,300.73122984392035,344.7744011463563
8930e1c3543ffff,3955416831,235.88878955633305,235.88878955633305,263.1975701738111,321.70657584038526
8930e1c3547ffff,7983213694,212.81965832060558,212.81965832060558,239.88521070486811,263.3792483299903
8930e1c354bffff,3841557659,50.25998854271209,50.25998854271209,179.02996011362308,235.5026028669948
8930e1c3553ffff,4630064993,324.48136813753587,324.48136813753587,331.2138161356338,359.54463218356204
8930e1c3557ffff,3841342858,85.02203571623039,85.0220357162304,88.55753217313033,97.31705595795408
8930e1c355bffff,4630064967,489.5128853772163,489.5128853772163,527.9315901023558,567.0209062097433
8930e1c3563ffff,3838818947,99.4962014154426,99.4962014154426,133.90580126930902,196.48871810222172
8930e1c3567ffff,3839368984,121.64045144271368,121.6404514427137,144.01600258369353,191.02038293721748
8930e1c356bffff,3838818557,315.8381936635886,315.83819366358864,336.9518678141467,373.52735384664373
8930e1c356fffff,3838818783,215.13889414895723,215.1388941489572,257.3933410158395,278.81005831024095
8930e1c3573ffff,3839369009,149.7063422262263,149.7063422262263,184.24224390979683,205.24616510181627
8930e1c3577ffff,3839369107,345.7672223839441,345.76722238394404,355.41386564677737,395.98695142718424
8930e1c357bffff,3838818878,47.39320084801204,47.39320084801204,111.99993255782238,159.88607917935158
8930e1c3583ffff,3841316287,224.53619489866668,224.53619489866668,262.3517385679602,277.7093809038652
8930e1c3587ffff,8489163244,87.43889603489316,87.43889603489316,91.24501622404465,100.59012145586188
8930e1c358bffff,4166412697,169.8919019975381,169.8919019975381,196.61271181341613,220.82983052602412
8930e1c358fffff,3841316160,141.9881863137878,141.9881863137878,160.27293869917628,173.2834690527693
8930e1c3593ffff,8487921066,96.03436843289359,96.03436843289359,119.83859152875029,152.4097565229063
8930e1c3597ffff,6310399006,109.85462807178345,109.85462807178345,141.32064345392064,155.30488453590695
8930e1c359bffff,3841316210,0.0,0.0,99.41615294911503,137.456866531734
8930e1c35a3ffff,3840742035,68.31205367248214,68.31205367248214,92.82530469998278,103.0096376531676
8930e1c35a7ffff,3835839419,222.35367351151558,222.3536735115156,258.1861174354005,272.14351468738005
8930e1c35abffff,3840741851,319.53063112991106,319.53063112991106,324.5737613789568,348.05919124015196
8930e1c35afffff,3835839341,283.4665478256553,283.46654782565537,283.85171864489155,285.7352083946427
8930e1c35b3ffff,3840742125,253.64490909558373,253.6449090955837,283.8176830423435,302.9969350377403
8930e1c35b7ffff,7569371782,178.22269271873716,178.2226927187372,191.73564111988037,220.3484788991957
8930e1c35bbffff,3840741960,399.5598064862653,399.55980648626536,408.9782678386941,413.7257671580972
8930e1c35c3ffff,3841343296,76.30785933679228,76.30785933679228,76.40488353196628,104.72145236900782
8930e1c35c7ffff,3841343519,186.4826297989778,186.48262979897777,211.87670903361112,240.79228552095006
8930e1c35cbffff,3841342910,95.54058809417369,95.54058809417369,97.35887538755321,161.02572107293113
8930e1c35cfffff,3841343016,348.1936776671955,348.1936776671955,410.65443678311146,440.77077276578365
8930e1c35d7ffff,3841315921,40.2875917893636,40.2875917893636,86.12013398451299,110.23332333635274
8930e1c360bffff,10680981464,568.9330594477493,568.9330594477493,571.711828577131,606.9185615427738
8930e1c360fffff,3843314329,473.6687574559312,473.66875745593114,489.524596310608,528.9717986787277
8930e1c361bffff,3843314520,85.2697657030018,85.2697657030018,155.34621690890592,196.8438256994074
8930e1c3627ffff,3521151895,0.0,0.0,87.46548196213595,140.73976995341704
8930e1c362bffff,11046966469,0.0,0.0,163.13310467101243,265.7675132788495
8930e1c362fffff,4656391918,169.75981372624025,169.75981372624025,193.12595416755863,212.6214179980963
8930e1c3633ffff,307937584,0.0,0.0,86.20791210521382,121.50190194152496
8930e1c3637ffff,3841733073,172.11024883425176,172.11024883425176,188.83157898002582,246.7387543637867
8930e1c3643ffff,3843312753,175.62149060724317,175.62149060724317,186.57405365866686,241.38289570029602
8930e1c364bffff,7377398985,126.93574532262086,126.93574532262086,139.44875623450542,183.7680421677304
8930e1c364fffff,3844428105,133.39425627618198,133.394256276182,152.03770981248763,181.95533408467884
8930e1c3653ffff,3549329432,259.40546758633053,259.40546758633053,303.8327786765792,328.1974190872519
8930e1c3657ffff,3843313762,143.90910756009828,143.90910756009828,161.78646481112918,172.2052633161877
8930e1c365bffff,3843312491,175.6929165019865,175.69291650198653,192.71662011640976,215.9166744358604
8930e1c3663ffff,3843313121,140.68155388567322,140.68155388567322,145.93780838650082,148.62100658898282
8930e1c3667ffff,3841732857,109.19243350507139,109.19243350507139,191.34245943965604,288.8659658076178
8930e1c366bffff,5973684157,247.30819233996758,247.30819233996758,261.53498170040547,277.74245992439137
8930e1c366fffff,5194568310,0.0,0.0,31.424612016197784,46.47352917687477
8930e1c3673ffff,4642077887,175.0245100433803,175.0245100433803,206.07583358619218,273.59253123022205
8930e1c3677ffff,3843313841,494.4214474136271,494.42144741362716,545.8421622974006,564.8349133449128
8930e1c367bffff,3809237958,388.17398836321485,388.1739883632149,393.59242238716917,397.14638501757173
8930e1c368bffff,3843315685,426.63840104410815,426.63840104410815,459.9318464478296,533.9753185898184
8930e1c368fffff,3843315738,689.0718129673439,689.0718129673438,722.3652583710652,757.0167034279643
8930e1c36b3ffff,3841700731,655.5137903097894,655.5137903097896,690.5506123797351,713.3316225103322
8930e1c36b7ffff,5127675716,327.7971160227401,327.7971160227401,341.15465562928864,348.5159595692262
8930e1c36c3ffff,3843314930,403.78594083809963,403.78594083809963,424.9665359000569,502.81179500315494
8930e1c36c7ffff,3843315265,67.88425286744362,67.88425286744362,171.59850745347143,222.50365729517117
8930e1c36cbffff,3844428433,168.34952792131853,168.34952792131855,189.38529708191527,196.60430367364816
8930e1c36cfffff,3843314295,66.1010949777606,66.1010949777606,87.28169003971786,131.47364078624207
8930e1c36d3ffff,3844428626,403.17015152387563,403.17015152387563,508.0504110309997,565.2061278025221
8930e1c36dbffff,3844428497,343.2293683883813,343.22936838838126,454.52770129398573,505.7475423038254
8930e1c8093ffff,8255537793,104.49536873929686,104.49536873929686,182.1190195099142,251.74921862335682
8930e1c8097ffff,3660661465,55.307034113154884,55.307034113154884,153.53725365177675,231.20203777878604
8930e1c809bffff,12816115235,114.58297803489953,114.58297803489953,269.50113623474004,370.6744780501262
8930e1c8137ffff,8563318734,844.4002836232198,844.4002836232198,1018.6475337412585,1127.7920267626814
8930e1c8167ffff,12324884793,496.23875647796785,496.2387564779678,586.1390634960993,715.135843000623
8930e1c8187ffff,3828439199,106.28751875992592,106.28751875992592,138.24013935391346,254.06661158619895
8930e1c81a3ffff,3828439196,0.0,0.0,99.46387565028408,158.20901909595094
8930e1c81a7ffff,6630819825,265.9507917277799,265.9507917277799,365.414667378064,424.1598108237308
8930e1c81b3ffff,9454279405,49.46911508949155,49.46911508949155,160.21902878365273,211.25778197254382
8930e1c81bbffff,6522556735,166.65096352529707,166.65096352529707,342.04821967417513,430.851975457726
8930e1c821bffff,4313280564,370.5448697648508,370.5448697648508,408.4046879009218,429.07468382526014
8930e1c8233ffff,4314705341,569.9778974733432,569.9778974733432,638.8783585857617,688.8148937006562
8930e1c8247ffff,4313280419,477.7217972158317,477.7217972158317,490.1322132260417,605.4426686826232
8930e1c824fffff,4313280563,533.9474903018116,533.9474903018116,534.847283435308,535.8789035294466
8930e1c8257ffff,4313280736,103.20874961914163,103.20874961914161,113.56809365330824,182.58012699682558
8930e1c8283ffff,8764039391,2468.6152768583365,2468.6152768583365,2478.9746208925035,2518.793488064166
8930e1c8287ffff,3547282742,0.0,0.0,108.93940610090135,162.5645687358667
8930e1c828bffff,6820551809,0.0,0.0,168.689864850749,228.68782914988637
8930e1c829bffff,4633730866,0.0,0.0,145.1705596976795,209.24028303228565
8930e1c82a3ffff,4314723246,75.03140832535661,75.03140832535661,90.39626035152904,146.9693563077065
8930e1c82abffff,4632181940,196.26470707912938,196.26470707912935,219.0880101786209,303.22635629658663
8930e1c82afffff,4314705375,258.067140156936,258.067140156936,326.96760126935453,360.6177681855832
8930e1c82bbffff,5092061497,0.0,0.0,25.968040901997316,107.25032526993066
8930e1c82cfffff,11744211956,16.3677243594212,16.3677243594212,104.69233732277296,167.96720846201345
8930e1c8373ffff,4313330491,810.7878956174956,810.7878956174957,954.1317663509782,1126.0371386973086
8930e1c840bffff,3011682731,0.0,0.0,81.5534179279106,124.39599863183123
8930e1c840fffff,3011692175,117.69606195890631,117.69606195890631,134.29367131866636,144.36977805830182
8930e1c8413ffff,4184383145,51.54587991278763,51.54587991278763,88.74296442578687,104.76771153282779
8930e1c8417ffff,4184375339,100.35177005182274,100.35177005182274,151.7416203815128,196.74692902721733
8930e1c841bffff,4184424787,94.45773194962729,94.45773194962729,120.14814989218091,135.19531533239754
8930e1c8423ffff,4632202155,94.67940901498861,94.67940901498861,143.4976342785223,199.5076197661656
8930e1c8427ffff,3011699116,80.29328180115178,80.29328180115178,185.74928912012166,222.88001392261955
8930e1c842fffff,8256547474,288.7537683286233,288.75376832862327,308.0482706087517,348.9948665814574
8930e1c8433ffff,3011699093,411.4611510926828,411.4611510926828,532.0388101512974,575.2768686246909
8930e1c8437ffff,3674308771,505.6992748020877,505.6992748020877,554.5175000656214,610.5274855532647
8930e1c8443ffff,4184618632,185.568831017217,185.568831017217,266.59861243037744,323.1707900597532
8930e1c8447ffff,3011650433,206.7667069319449,206.76670693194487,228.7266989454413,250.28288495970196
8930e1c844bffff,3560195923,129.0431253285144,129.0431253285144,170.20602238256123,195.77397758840172
8930e1c844fffff,4184618648,143.67663132982494,143.67663132982494,151.8199387250064,177.24761313383638
8930e1c8453ffff,2932859113,313.3547103525979,313.3547103525979,351.1100375316986,365.5110708478858
8930e1c845bffff,4184618629,210.5734157792836,210.57341577928364,212.44626411871843,223.27895425432212
8930e1c8463ffff,3559120456,176.65611627901646,176.65611627901646,217.3338263492999,236.97277659709894
8930e1c8467ffff,3733159826,269.8721848112528,269.8721848112528,328.05641262492543,357.7774798236639
8930e1c846bffff,927740143,38.300219504423595,38.300219504423595,155.79642122915325,199.56807776494853
8930e1c846fffff,3559120461,0.0,0.0,204.0102064541412,288.8195321847605
8930e1c8473ffff,1940828905,142.10403955124207,142.10403955124207,197.50790569197056,223.58350079562933
8930e1c8477ffff,3559125093,206.1805428139486,206.1805428139486,208.8246503904852,229.6131309510049
8930e1c847bffff,3011650451,90.23461974736917,90.23461974736917,184.7356255223308,236.17234737471543
8930e1c8483ffff,8587100495,285.28422728907606,285.28422728907606,316.45662076016646,396.17812383768387
8930e1c848bffff,1694783965,216.5703719425614,216.57037194256137,227.56363956810083,255.87700545499197
8930e1c848fffff,4184375365,310.84911775724095,310.84911775724095,321.75430941757946,326.4746966282607
8930e1c8493ffff,8227589908,354.78625906254695,354.78625906254695,380.0538326683926,394.9454652718529
8930e1c8497ffff,8227589879,346.38668424980403,346.3866842498041,357.1779075329966,367.1944839311346
8930e1c849bffff,7508825227,147.1618092137804,147.1618092137804,192.8217873305175,233.70002559825093
8930e1c84a3ffff,5406340291,111.12875132336414,111.12875132336414,139.93488442213126,162.18075263229062
8930e1c84a7ffff,5403582159,0.0,0.0,103.64680839257618,143.08992669044667
8930e1c84abffff,3741376627,385.6811985873745,385.68119858737447,400.88676307309095,442.71668487605507
8930e1c84afffff,5406340315,80.9139315248778,80.9139315248778,178.5803061146486,226.05717720765438
8930e1c84bbffff,436840768,69.01944087874408,69.01944087874408,96.60911975443301,115.70860281346302
8930e1c84c7ffff,8496702793,286.5424738528572,286.5424738528572,318.33567610910336,333.8771267721526
8930e1c84cbffff,1925498978,144.95881104933463,144.95881104933463,157.35594409380582,180.2753975338882
8930e1c84cfffff,1925499060,76.57047232253774,76.57047232253774,121.3929504403736,136.4569014251932
8930e1c84d3ffff,1859565565,195.39831888028016,195.39831888028016,220.41722015994208,247.5612536309327
8930e1c84d7ffff,1694783154,228.29282067041066,228.29282067041063,232.90535167514813,242.97594303207765
8930e1c850bffff,3605306024,292.53843108798077,292.53843108798077,373.9627123444568,430.9877301170772
8930e1c850fffff,3605321010,46.16798819722768,46.16798819722768,155.41073970635648,213.2221672962306
8930e1c8513ffff,436861059,544.0158375368708,544.0158375368708,559.845344361571,576.2473071479462
8930e1c8517ffff,4027543048,199.06899499868,199.06899499868,267.3362573728207,295.27001426924954
8930e1c851bffff,3740394434,59.31244350799801,59.31244350799801,153.52491035349354,219.46396560281354
8930e1c8523ffff,8218990589,227.55889109679183,227.5588910967918,251.95072816107455,285.2106224464426
8930e1c8527ffff,10243849038,234.85269600720724,234.85269600720727,267.8053083949021,314.8579176791937
8930e1c8537ffff,12364278718,70.39728070709575,70.39728070709575,174.84132677255707,215.4500356264982
8930e1c853bffff,4639683989,331.123480093195,331.123480093195,348.3668398371851,364.32884015805166
8930e1c8543ffff,3739448758,0.0,0.0,29.768739704034548,58.27384395715192
8930e1c8547ffff,3739448754,0.0,0.0,152.62661300224192,217.66321298891054
8930e1c854fffff,3745725325,0.0,0.0,94.50914361595657,148.25700903438005
8930e1c8553ffff,3739448740,152.6064937022908,152.6064937022908,210.24851993398414,229.5468184330073
8930e1c8557ffff,3739448772,285.70955133229734,285.70955133229734,291.33891717167,331.64338993925645
8930e1c8573ffff,7186929211,64.58266781790209,64.58266781790209,213.7739039906283,279.9556295871355
8930e1c8577ffff,9906972578,342.97980400090063,342.9798040009006,356.23842886263634,389.7417741768006
8930e1c8583ffff,5999765420,305.9271544940751,305.9271544940751,338.2780990067474,377.30700676800865
8930e1c8587ffff,8502691651,23.48316828795724,23.48316828795724,116.8813237383624,161.20752251790228
8930e1c858bffff,8502781092,0.0,0.0,105.59463022589921,199.29424744133885
8930e1c858fffff,1433695957,172.48798314972947,172.48798314972947,204.83892766240174,229.8655153893757
8930e1c8593ffff,4406703963,218.76762409684528,218.76762409684528,274.4942510473493,294.57780929208224
8930e1c8597ffff,8359238781,229.6390749255536,229.63907492555362,242.6704312546672,286.96743851000537
8930e1c859bffff,894391778,300.5646249358397,300.5646249358397,386.9720530387758,431.4593480831639
8930e1c85a3ffff,2509095938,0.0,0.0,108.81600408235278,236.6601403743955
8930e1c85a7ffff,5403582144,57.37626206182125,57.37626206182125,134.04875249191164,173.206383679106
8930e1c85b3ffff,7236467875,424.5903519430474,424.59035194304744,433.54721816185133,447.31721771306024
8930e1c85b7ffff,3828399186,108.335018983384,108.335018983384,117.79845816397219,200.2712208416771
8930e1c85bbffff,5403582139,106.62292311285385,106.62292311285385,137.35820239688766,178.45823391028568
8930e1c85c3ffff,3989642805,210.41533283137832,210.41533283137832,284.0505282447496,312.7399970396273
8930e1c85cbffff,3011699119,120.17909298903206,120.17909298903206,138.95344544688336,173.45335474024264
8930e1c85d7ffff,1930543958,37.99795438342502,37.99795438342502,98.34816336236172,144.9342989659906
8930e1c85dbffff,3989642814,413.50420367911966,413.50420367911966,435.4324956249018,488.4878078359586
8930e1c8607ffff,3790603221,130.1046517888354,130.1046517888354,165.23639883988534,251.92966840790598
8930e1c860bffff,13088459151,481.6507556668116,481.6507556668116,540.542950666932,564.8878983811272
8930e1c860fffff,13068287608,300.8179194453766,300.8179194453766,341.7885612292413,413.8078511919704
8930e1c8617ffff,4314799379,71.77103684642545,71.77103684642545,141.16268757891447,192.64919227127007
8930e1c8627ffff,4314799351,562.0010928411085,562.0010928411084,567.6972369924472,596.7004237887082
8930e1c8663ffff,12864454086,382.6149963159568,382.6149963159568,430.9046152061521,478.52702970392676
8930e1c8687ffff,4184585520,103.7359221102723,103.7359221102723,162.6693034460564,209.63857470695538
8930e1c868bffff,4658457645,562.6938651011369,562.6938651011369,586.5049226877265,632.1315014342208
8930e1c868fffff,9693971093,327.0308043898048,327.0308043898048,349.42652974212893,372.8659490894101
8930e1c8697ffff,10206893823,52.492727597383286,52.492727597383286,65.77656179808638,70.54627332255642
8930e1c86b3ffff,4184585271,267.51008067824245,267.51008067824245,295.7795201998716,308.5413361758014
8930e1c86b7ffff,2863407022,177.68685653067664,177.68685653067664,181.3480996464474,205.2817526288071
8930e1c86bbffff,4184585499,420.031539317623,420.031539317623,429.03383569872193,451.1499078130742
8930e1c86c3ffff,10713663043,133.0000913484733,133.00009134847332,152.37349649232237,160.07551855288747
8930e1c86cfffff,2921723146,82.31180217676533,82.31180217676533,224.46909055554903,306.192582026713
8930e1c86d7ffff,8496390616,59.96352136629028,59.96352136629028,163.0772679524298,231.8158603080307
8930e1c8823ffff,10261728629,490.0821595751961,490.0821595751961,625.6490610440718,677.3442931094493
8930e1c882bffff,11830834934,122.89780206125718,122.89780206125718,277.7813947610021,347.46383061696633
8930e1c882fffff,10261715061,0.0,0.0,56.59889211958367,91.4035319425709
8930e1c8847ffff,8718153379,89.62481459966818,89.62481459966818,196.2648349928071,259.717740021918
8930e1c8873ffff,8718089415,417.2868186164013,417.2868186164012,466.2814477894933,510.51922241192204
8930e1c8883ffff,9457035610,0.0,0.0,168.58972741854177,236.16266235098055
8930e1c888bffff,8748078787,809.670451898718,809.670451898718,825.9570890171406,841.0855859588943
8930e1c8893ffff,9457035594,450.10413075051696,450.1041307505169,467.1686694399042,510.96147092397797
8930e1c88a7ffff,4683043172,168.63406922706025,168.63406922706025,187.46129339687863,201.91682304674967
8930e1c88abffff,11229097921,828.344441659588,828.344441659588,877.3025464732757,894.8304406530287
8930e1c88afffff,12149794163,331.1227284757584,331.1227284757584,370.2160604628682,383.47252544723943
8930e1c88b3ffff,12149829604,151.07594225579325,151.07594225579325,179.92497486921351,249.67736174340598
8930e1c88b7ffff,12149829616,75.19681400170774,75.19681400170774,113.49775465137587,178.8760179872685
8930e1c88bbffff,1811986328,516.0349826807193,516.0349826807193,564.9930874944071,642.1137275856689
8930e1c88c3ffff,3854309167,391.19083950713787,391.19083950713787,398.97067363089553,403.2777421087367
8930e1c88d3ffff,4633789978,169.50798025980546,169.50798025980544,231.90228916060914,272.1182614158567
8930e1c88d7ffff,13439952351,267.4070243959053,267.40702439590524,337.6186936012623,375.22887908832536
8930e1c88dbffff,4674008560,188.0210397669846,188.0210397669846,190.09517060729956,229.3482279852418
8930e1c8907ffff,6605232170,143.67071091457643,143.6707109145764,174.46240827571566,235.38481374984076
8930e1c890bffff,6579945919,184.73589258480084,184.73589258480078,298.4901374363825,369.60038620798423
8930e1c890fffff,6215730682,189.45112806360976,189.4511280636097,246.83385212225872,267.1713179563669
8930e1c8913ffff,9969331042,71.92009258796791,71.92009258796791,183.69229381222118,226.62240829071925
8930e1c8917ffff,9526357693,335.668648353388,335.668648353388,342.78103835293683,410.0017525125706
8930e1c891bffff,11189509713,285.1346042757352,285.1346042757352,317.74931771956005,357.6199974867779
8930e1c8923ffff,8375758034,145.02873377352788,145.02873377352788,171.97163585134058,230.87196250984502
8930e1c8933ffff,6588979215,96.56482417858683,96.56482417858683,118.19687614238302,162.0040143519553
8930e1c893bffff,6605421740,81.60003869729142,81.60003869729142,129.400811381725,151.76574818473884
8930e1c8957ffff,6579945846,197.06271188590563,197.06271188590563,418.81308499427143,562.6544813842335
8930e1c8973ffff,6640732194,414.6386329279246,414.6386329279247,491.953499603948,519.8818981228552
8930e1c8977ffff,8456613538,174.55107520368017,174.5510752036802,186.61325023486359,206.49095907709838
8930e1c8983ffff,4190666545,0.0,0.0,34.96608869555362,58.61376876620986
8930e1c8987ffff,9512775962,164.7111505942688,164.71115059426876,193.33656108885472,221.76642458068167
8930e1c898bffff,6590642261,132.13384583806865,132.13384583806865,200.27793873047835,231.7478228099269
8930e1c899bffff,11696333969,249.56777536974784,249.56777536974784,305.6937298026324,342.733426133817
8930e1c89a7ffff,8447544825,59.23410742735726,59.234107427357245,154.61628881626092,243.8132780145702
8930e1c89afffff,9526433841,217.83913975755343,217.83913975755348,301.88914967355197,330.5192634904801
8930e1c89bbffff,9533915205,388.3371715900575,388.3371715900575,396.7456570397919,399.9709977181438
8930e1c89c3ffff,9971401729,205.55780967229475,205.55780967229475,223.38210822593288,251.6274445059959
8930e1c89c7ffff,9969331614,134.32350294556093,134.32350294556093,162.41773214925513,199.04531026881082
8930e1c89cfffff,9979222042,301.44279041953627,301.44279041953627,420.09339790386116,460.63874512585835
8930e1c89d3ffff,9987914552,129.53532523218811,129.53532523218811,145.65753305549626,194.9508498846676
8930e1c89d7ffff,9411623413,271.95825813488887,271.95825813488887,283.21059664056116,289.56602961633416
8930e1c89dbffff,4711097575,0.0,0.0,48.631139325247396,77.67096800254195
8930e1c8b97ffff,13504618409,779.4955694793962,779.4955694793962,782.9484592840231,788.7277645321079
8930e1c8c0bffff,10703726952,653.876120524595,653.8761205245951,814.8656473421547,886.5891361936345
8930e1c8c13ffff,3828439380,90.41430376779935,90.41430376779934,223.57099512059972,285.2367785499725
8930e1c8c17ffff,3828439415,82.92559001378835,82.92559001378835,108.84591948144731,135.61452280581435
8930e1c8c2fffff,9457035656,836.3137897549311,836.3137897549311,853.3783284443184,897.1711299283921
8930e1c8c33ffff,5359377851,359.9747114833131,359.9747114833131,378.2121556270255,396.75530066318925
8930e1c8c67ffff,13003882384,771.0716423437188,771.0716423437188,774.2573257999097,780.798464029593
8930e1c8c6bffff,4642195115,0.0,0.0,46.10152997159433,73.4671853037747
8930e1c8c6fffff,4658570332,0.0,0.0,8.218865616429436,37.63262209781751
8930e1c8c83ffff,12873455844,872.425827725851,872.425827725851,898.34615719351,925.114760517877
8930e1c8c93ffff,845976193,596.9501641103456,596.9501641103457,624.7873386508762,685.7130038335808
8930e1c8c97ffff,845976275,724.3426610175309,724.3426610175309,731.7455761201467,771.9552719156745
8930e1c8ca3ffff,732066513,1819.4386443545618,1819.4386443545618,1847.2758188950925,1933.775078935673
8930e1c8cabffff,3828439448,117.53379833523557,117.53379833523557,134.70139457949554,154.6690222792669
8930e1c8cbbffff,4677813407,170.57324654644427,170.57324654644427,268.84549034413374,306.53818167844076
8930e1c8ccbffff,10703726935,0.0,0.0,174.2472501180386,283.3917431394616
8930e1c8ccfffff,8563318751,64.09402541523559,64.09402541523559,76.5931144731152,188.59158486584772
8930e1c8cd3ffff,3828439376,346.4463841063814,346.4463841063814,543.2920212859797,637.3246155344801
8930e1c8d03ffff,1811980628,143.8821569183327,143.88215691833267,153.63257397325958,183.47132259824025
8930e1c8d07ffff,1811992706,335.39803111696233,335.3980311169624,348.46876125878214,353.43789799839305
8930e1c8d0bffff,1811981987,497.9516390346048,497.95163903460474,503.7468650176241,516.8391270173919
8930e1c8d0fffff,1811992372,244.54230428652755,244.54230428652752,244.8784308571677,252.4038182109364
8930e1c8d13ffff,11298359335,0.0,0.0,50.54851248556799,76.12470674673291
8930e1c8d17ffff,1810741924,230.86127338052898,230.86127338052898,269.1514754647976,294.8402363844831
8930e1c8d1bffff,1811981992,270.76276192466463,270.76276192466463,312.4490751447689,334.4795374314312
8930e1c8d23ffff,1811997749,76.23514275627544,76.23514275627544,123.80511450648368,176.79337023803703
8930e1c8d2bffff,2911261232,252.3710809845404,252.3710809845404,257.05113753782973,279.46980447120046
8930e1c8d2fffff,11760250235,238.23162248564856,238.23162248564856,260.9169075962038,281.1962524270128
8930e1c8d33ffff,4190445332,185.04010315427587,185.04010315427587,242.85328076186323,272.4357157040022
8930e1c8d37ffff,4488310276,285.90421956152335,285.90421956152335,325.89443069738707,365.9695733473498
8930e1c8d3bffff,1812025079,95.84771286197108,95.84771286197108,196.1015825085131,247.83772038429285
8930e1c8d43ffff,4654898362,88.14052920530044,88.14052920530044,136.73744271526334,153.96649884338197
8930e1c8d47ffff,4654898365,130.47324793557573,130.47324793557573,155.41227386442893,167.91534947540944
8930e1c8d53ffff,1811980632,114.36253715383535,114.36253715383536,206.07860245180112,258.23704501123075
8930e1c8d57ffff,1811980634,373.47484635026166,373.4748463502616,465.19091164822737,513.60800916471
8930e1c8d63ffff,2911195488,158.85942139629427,158.85942139629427,217.7924600378788,249.1656120597431
8930e1c8d67ffff,436815015,0.0,0.0,46.22469348846684,122.77372506653607
8930e1c8d6bffff,11202611388,135.29297032292283,135.29297032292283,203.68794055511424,235.3354257831999
8930e1c8d6fffff,1812033003,57.08867607647354,57.08867607647354,82.9041974819661,123.12065590558707
8930e1c8d73ffff,436538538,240.5105174305607,240.5105174305607,257.3041006275241,263.34900373480474
8930e1c8d77ffff,12044916818,351.96102656715743,351.96102656715743,361.597489833665,393.7576466528626
8930e1c8d7bffff,4654882065,0.0,0.0,56.616459605008934,92.11463009258073
8930e1c8d83ffff,13640675959,356.6585915552168,356.6585915552168,369.0606558846398,501.7554532057339
8930e1c8d87ffff,1810741900,55.49725171300614,55.49725171300614,67.89931604242915,166.14440108024456
8930e1c8d8bffff,4655595419,294.10732978104346,294.10732978104346,304.36974678198067,309.6756312143105
8930e1c8d93ffff,2280491847,0.0,0.0,16.375516157341774,31.49703169636963
8930e1c8d97ffff,1809635690,216.05345381298986,216.05345381298986,220.00924861088595,254.73142523439947
8930e1c8d9bffff,3782871900,298.61679977375513,298.61679977375513,399.85788903017266,444.521929553873
8930e1c8da3ffff,1810748949,175.00929337201615,175.00929337201615,199.17881808968573,246.721039838274
8930e1c8da7ffff,4190105904,95.77252912093189,95.77252912093189,109.72148964425816,200.3672510130715
8930e1c8dabffff,1677928215,125.33215428371068,125.33215428371068,150.31411651582815,188.53354087525952
8930e1c8dafffff,13660459157,133.79991531916062,133.79991531916062,246.29283719912044,290.0065227108501
8930e1c8db7ffff,1810748356,152.82739996358873,152.82739996358873,207.5257361969156,252.22081602681382
8930e1c8dbbffff,1810741861,44.295470258173374,44.295470258173374,121.18469208519481,179.54957503617516
8930e1c8dc3ffff,9105388307,115.60974133459104,115.60974133459104,125.04510022684225,212.95456977125943
8930e1c8dc7ffff,4309921517,240.01624811304697,240.01624811304697,298.61385485568815,333.50267822490986
8930e1c8dcbffff,1811981997,472.3140949562709,472.3140949562709,475.7563897613984,480.8991974211901
8930e1c8dcfffff,1811981994,513.0214139371471,513.0214139371471,519.3507897320976,523.5312370619482
8930e1c8dd7ffff,4655595409,471.3832081577792,471.3832081577792,544.4972057886382,574.6012118085682
8930e1c8ddbffff,10918274953,393.1227092721721,393.1227092721721,449.41077382521337,552.8813130327962
8930e1c8e07ffff,5299428771,32.42324963672617,32.42324963672617,35.68707737477935,66.00934106763886
8930e1c8e0fffff,4313501312,210.0175110335348,210.0175110335348,215.77033381839408,235.44834325218048
8930e1c8e17ffff,11941914913,143.06153747333423,143.06153747333423,154.47662722305273,187.86861892155204
8930e1c8e23ffff,13680915577,0.0,0.0,29.20500861102227,41.79473819259787
8930e1c8e27ffff,3854308963,196.81706607164858,196.81706607164855,211.9265618833776,240.05319113496355
8930e1c8e3bffff,2501609159,60.879092731271044,60.879092731271044,122.1249764039989,164.13588799031433
8930e1c8e73ffff,4313490339,146.94605156873314,146.94605156873314,251.61353726266347,360.57126457694943
8930e1c8e77ffff,4313501337,0.0,0.0,112.00987082967937,158.95750576824113
8930e1c8e8bffff,3854308989,0.0,0.0,121.72532186624291,167.71559654579713
8930e1c8e93ffff,12324884674,806.8963269473529,806.8963269473528,898.3705303829713,1020.3216911873437
8930e1c8e97ffff,12324884835,323.88799036743865,323.88799036743865,420.2055990959052,481.59868614539863
8930e1c8ea7ffff,3854309198,197.34991594491098,197.34991594491098,229.08965983327573,302.86432131721944
8930e1c8eafffff,4633647725,90.86774401919071,90.86774401919071,199.93657790692959,276.23729019422314
8930e1c8eb3ffff,4642273596,135.66541348176193,135.66541348176193,174.77410346631888,298.0241644153286
8930e1c9137ffff,6205230902,726.358679575276,726.358679575276,728.3560062832321,857.134969820397
8930e1ca003ffff,1326184402,158.67619475220312,158.67619475220312,210.53818424580257,250.94905007594852
8930e1ca007ffff,13392312380,143.91657625115556,143.91657625115556,235.36182372289625,270.3674949514702
8930e1ca00bffff,1326184386,374.4704047509586,374.47040475095855,390.811007711305,438.1396526904245
8930e1ca00fffff,3828357073,0.0,0.0,107.11936115995026,221.1015874682246
8930e1ca013ffff,4182117381,347.48476528304127,347.48476528304127,369.46634050107286,389.52317995099475
8930e1ca017ffff,13388021466,48.91582057425361,48.91582057425361,79.11128593828502,113.28966688153997
8930e1ca01bffff,1326184409,356.7071814814268,356.7071814814268,369.3013281120412,398.16998578012516
8930e1ca023ffff,2049605114,346.45065332345285,346.4506533234529,398.2476268524472,421.38293738583087
8930e1ca027ffff,2049605109,199.56180884785397,199.561808847854,232.89818106069174,248.880236133149
8930e1ca02bffff,5034061176,50.113063655027496,50.113063655027496,61.0800306382786,169.6341619991754
8930e1ca02fffff,2049605112,358.1643142195507,358.1643142195507,364.8109826249659,375.5881726611802
8930e1ca033ffff,8495853347,95.19171124499265,95.19171124499265,106.61902786790048,113.9975739161369
8930e1ca037ffff,4181410625,288.38184252992835,288.38184252992835,304.705290062716,314.56156320212193
8930e1ca03bffff,3828357087,165.9542566698447,165.9542566698447,254.2424050629801,288.5600880972643
8930e1ca043ffff,2861604747,346.36819868687655,346.36819868687655,365.4614336198287,384.544304963777
8930e1ca047ffff,7502771400,489.85278487634037,489.85278487634037,533.632889039505,549.7583519448526
8930e1ca04bffff,1326174711,120.78342257676739,120.78342257676739,173.4547617506854,199.66948434540245
8930e1ca04fffff,8496017105,389.12411435893955,389.12411435893955,447.34223776098594,469.6936226144455
8930e1ca053ffff,4182163943,118.05138174685553,118.05138174685551,142.4121144706226,175.97964170014396
8930e1ca057ffff,2699491014,449.6565162367591,449.6565162367591,474.0172489605262,495.88841152036366
8930e1ca05bffff,2477265745,95.46293741165648,95.46293741165648,104.3020113884647,140.09329750063637
8930e1ca063ffff,4182408163,62.050593932496774,62.050593932496774,82.58371198222972,102.32116306706651
8930e1ca067ffff,7527831190,168.91912483433015,168.91912483433015,193.67944661381787,209.4065236338387
8930e1ca06bffff,7510293232,270.55693370877844,270.5569337087785,310.8564077525013,362.7918170136123
8930e1ca06fffff,2477255849,260.827076224347,260.827076224347,297.4019110016085,339.69414584741094
8930e1ca073ffff,1326184424,120.07559834508076,120.07559834508076,152.33674781403911,189.67228807177298
8930e1ca077ffff,3828356039,212.91421211904924,212.91421211904924,217.2535536513634,237.31453945323088
8930e1ca07bffff,8495994254,139.6912621383547,139.69126213835466,220.44404231429917,274.2279517354292
8930e1ca083ffff,7514048927,120.13286472900603,120.13286472900604,169.7975266800912,258.6507549735547
8930e1ca087ffff,2032775481,327.45027410879516,327.45027410879504,328.35385907224173,328.70494011651
8930e1ca08bffff,7514048937,310.9717297524109,310.9717297524109,330.5272668666124,387.47580150901507
8930e1ca08fffff,7510293128,186.3600488258816,186.3600488258816,195.98545702420816,231.6106745258111
8930e1ca093ffff,2032775487,309.18207475681794,309.182074756818,317.5262573096703,391.9118533491687
8930e1ca097ffff,732031178,325.49863729500424,325.4986372950042,384.6080285361187,425.67305058683314
8930e1ca09bffff,2861603616,138.71157487601235,138.71157487601232,167.58731312343127,215.57433434491756
8930e1ca0a3ffff,1326200758,302.2096870798855,302.2096870798855,311.60579900388234,334.3402350720398
8930e1ca0a7ffff,12582826297,338.6709613851681,338.6709613851681,357.60364909849704,380.1779720867759
8930e1ca0abffff,13691591909,322.2621095189227,322.2621095189227,338.9117495085227,346.7933451490235
8930e1ca0afffff,1326157631,143.28162530366666,143.28162530366666,152.68360748423072,253.12520229286815
8930e1ca0b3ffff,1780475834,113.20038894600351,113.20038894600351,122.59650087000037,195.582295984928
8930e1ca0b7ffff,436861531,0.0,0.0,46.68062724371103,80.23290799979505
8930e1ca0bbffff,7514048918,130.39420654680015,130.39420654680015,176.00965894838453,226.9337593608221
8930e1ca0c3ffff,3785287021,180.62767421368784,180.62767421368784,190.10566816980355,195.79168151797035
8930e1ca0c7ffff,4181513116,392.078033332309,392.078033332309,438.0206368202911,468.3273906375859
8930e1ca0cbffff,3827672541,85.94312235502167,85.94312235502167,112.92629754981644,151.45849558833757
8930e1ca0cfffff,3827672563,257.48056448032224,257.48056448032224,267.8534441316042,283.3974437032905
8930e1ca0d3ffff,4181527974,85.86664153356055,85.86664153356055,120.03161459559075,143.3852761650086
8930e1ca0d7ffff,2296567412,236.36510584481167,236.36510584481167,264.9996182070841,274.7052729179392
8930e1ca0dbffff,2861309352,163.0149516199164,163.01495161991642,218.70391347331568,252.23653591313962
8930e1ca103ffff,596148961,210.45522651819027,210.45522651819024,215.96859894315463,263.0113530611577
8930e1ca10bffff,2279487915,21.457394916544263,21.457394916544263,57.5931154070838,150.63366409127096
8930e1ca10fffff,2279487921,129.07965445780766,129.07965445780766,139.26731917521136,170.1590641297149
8930e1ca113ffff,596149015,286.21539615544447,286.21539615544447,288.5187327619136,292.68313112689697
8930e1ca117ffff,596857544,203.1082131198165,203.10821311981647,232.0543154188582,289.5547735805142
8930e1ca11bffff,4678144540,385.20916861148004,385.20916861148004,392.3210129097949,405.7788365066269
8930e1ca123ffff,596857181,0.0,0.0,75.46367876706769,105.8185423523878
8930e1ca12fffff,1430645086,124.80242765429331,124.80242765429331,247.47148042272877,304.0293282806215
8930e1ca133ffff,7535653438,442.6791095717224,442.6791095717224,453.1794750668407,468.23756840947925
8930e1ca137ffff,8222425503,280.71644214274494,280.71644214274494,323.497443783163,404.41092439667824
8930e1ca13bffff,12503999905,159.8295767124839,159.8295767124839,170.01724142988763,193.06704314282504
8930e1ca143ffff,597262507,345.112884552845,345.112884552845,372.55469296091087,391.93098553003546
8930e1ca147ffff,597262484,472.2166853060083,472.2166853060083,502.3865018488625,526.5331752789515
8930e1ca14bffff,4181601813,54.125586907140836,54.125586907140836,143.91282531780882,177.23760814764174
8930e1ca14fffff,4735628235,167.23179129992184,167.23179129992184,257.01902971058985,299.40925559885943
8930e1ca15bffff,1905044342,0.0,0.0,32.554767284200594,122.00706488876226
8930e1ca163ffff,595760195,168.26031485538235,168.26031485538235,195.8840788678956,225.07347104338177
8930e1ca16bffff,872558269,221.3859793986211,221.38597939862106,230.65109898203127,237.62842859860015
8930e1ca16fffff,917142693,304.0855136044129,304.0855136044129,306.0062888264089,310.5355036558397
8930e1ca173ffff,597262464,252.36495800913505,252.36495800913505,282.53477455198924,359.3914153585374
8930e1ca177ffff,595760164,305.19700850629704,305.19700850629704,331.1141175861748,340.9987860560725
8930e1ca17bffff,597262538,106.95879932122287,106.95879932122287,162.4135390671586,219.2957658287945
8930e1ca183ffff,597148039,167.11925689739365,167.11925689739365,172.19774373994312,243.84254027101815
8930e1ca187ffff,597147969,307.047043466163,307.0470434661631,312.69682803774344,438.3922424018203
8930e1ca18bffff,2279499514,115.22339824269393,115.22339824269393,122.62166409340358,247.00658682372787
8930e1ca18fffff,597148065,250.33304704257003,250.33304704257006,255.70112352439924,257.6782877448431
8930e1ca193ffff,8498636526,217.60336034757063,217.60336034757063,253.82258679076224,283.50773097397763
8930e1ca197ffff,13254793570,606.2275302807202,606.2275302807202,611.8773148523005,642.3257251412949
8930e1ca19bffff,597136144,269.8172748819717,269.8172748819717,294.3443597144678,302.8881331052931
8930e1ca1a3ffff,596509765,537.2467894410047,537.2467894410046,611.2022545259516,680.4860341916022
8930e1ca1abffff,596857420,0.0,0.0,163.8299984153539,311.7746332847835
8930e1ca1afffff,4954484321,428.3149190101163,428.3149190101162,468.6401335403265,490.16920044439877
8930e1ca1bbffff,10128948850,509.5363953327301,509.53639533273014,515.1861799043105,530.1500370669191
8930e1ca1cbffff,4181410622,117.17498161912582,117.17498161912582,162.64658262516826,187.45574544094316
8930e1ca1cfffff,596866834,0.0,0.0,126.60508481175702,175.20927668423892
8930e1ca1d3ffff,4158771895,94.17449092634783,94.17449092634783,136.7513450034521,190.9909411491009
8930e1ca1d7ffff,13247785535,295.0762414937268,295.0762414937268,339.12428663665867,359.83669142837624
8930e1ca1dbffff,3785294659,439.10216562600436,439.10216562600436,446.2287348410417,451.8398554684132
8930e1ca203ffff,9607825683,201.6614818774796,201.66148187747964,205.2701468597156,216.46559853663885
8930e1ca207ffff,3825549671,151.23155145404237,151.23155145404237,200.6093805266074,219.75961824408833
8930e1ca20bffff,9608940400,112.25847013852511,112.25847013852511,143.18564363947587,157.86661323174312
8930e1ca20fffff,4865883235,67.8047573353909,67.8047573353909,74.84244029814846,114.80041372747398
8930e1ca213ffff,9608501187,95.35834799705012,95.35834799705012,103.2113280055163,137.42039809396894
8930e1ca217ffff,9632500793,124.18600045529902,124.18600045529902,143.57839869543753,161.04798968488907
8930e1ca21bffff,9168578784,71.656600196332,71.656600196332,92.91188966311739,130.29522771346217
8930e1ca223ffff,7530044409,220.85072733611383,220.85072733611383,284.1404939584312,335.7110418013298
8930e1ca227ffff,1855351805,84.95247216738736,84.95247216738736,136.36853168924694,192.63969754811396
8930e1ca22bffff,414684360,14.40608286802115,14.40608286802115,89.58271253890388,121.4602346300339
8930e1ca22fffff,1855351814,0.0,0.0,91.02176089921781,147.11599292841905
8930e1ca233ffff,3827170768,167.3994697579194,167.3994697579194,282.2024620810915,370.1432412569305
8930e1ca237ffff,4131931172,359.97805745075823,359.97805745075823,372.92722501188666,378.19001978817295
8930e1ca23bffff,3826341167,310.28840496440876,310.2884049644088,324.7216410784912,333.21185825299636
8930e1ca243ffff,3492880693,136.99918274822465,136.99918274822465,141.26743902857078,182.23615547788881
8930e1ca247ffff,3827170312,68.28199095461139,68.28199095461139,73.98383688062944,108.83357461231101
8930e1ca24bffff,11431820849,210.93461110224544,210.93461110224547,254.64331817177776,349.8086263137064
8930e1ca253ffff,3827258531,231.97013320985914,231.97013320985914,255.4792676612397,287.1236261340217
8930e1ca25bffff,3492880093,188.50618487325204,188.50618487325204,244.23457711255023,265.65621204588035
8930e1ca263ffff,4865883224,75.72447354708991,75.7244735470899,110.41082167484747,126.95578292167708
8930e1ca26fffff,3827169473,113.91538563340053,113.91538563340055,142.69508517815294,162.14613257672448
8930e1ca273ffff,3690640321,55.77123556030518,55.77123556030518,77.8699796240932,111.44501165933856
8930e1ca277ffff,6796292893,0.0,0.0,41.368397591662855,102.79056885114964
8930e1ca27bffff,3827169867,163.4256576284156,163.4256576284156,171.09071866039284,175.55707218748924
8930e1ca283ffff,1430655577,0.0,0.0,52.38436804226686,102.19813903159742
8930e1ca287ffff,11183748448,12.515500237484613,12.515500237484613,32.396381890303296,57.08999353166663
8930e1ca28bffff,9625914997,101.98554303208006,101.98554303208005,125.36627037237754,135.3845368828713
8930e1ca28fffff,12061682123,218.98709327562062,218.98709327562062,222.3241293712125,225.50633014398713
8930e1ca293ffff,8495313241,234.67998686460203,234.67998686460203,285.07013463962505,317.39617068330625
8930e1ca297ffff,12061684193,180.17393412258184,180.17393412258184,198.02788891193185,205.89816066460455
8930e1ca29bffff,9625998639,286.6483203827415,286.6483203827415,328.09388428385205,348.74956467389416
8930e1ca2a3ffff,1430656069,224.32111438085775,224.32111438085775,267.85240744392917,292.0338167636923
8930e1ca2a7ffff,2477260937,176.66511317099815,176.66511317099815,250.24119929200117,317.725329019809
8930e1ca2abffff,3825549770,132.27983837219875,132.27983837219875,208.69209063908198,251.92907933118508
8930e1ca2afffff,1326461796,224.48528640436146,224.4852864043615,236.96560079627358,307.8043787048376
8930e1ca2b3ffff,4182408168,383.8467069035111,383.84670690351106,418.4553648206487,433.61579563866076
8930e1ca2b7ffff,7489570038,531.7535511494128,531.7535511494128,578.1600684409532,598.5922356229513
8930e1ca2bbffff,2477260916,193.65147707083202,193.65147707083202,203.82469902379083,237.0882177485083
8930e1ca2c3ffff,2295365594,166.04899616967714,166.04899616967714,233.1921611738291,270.68672245549595
8930e1ca2cbffff,2295365587,64.90629379160202,64.90629379160202,83.4298595909982,100.10998337737152
8930e1ca2cfffff,9602018654,152.96521474650675,152.96521474650675,157.70582942320033,162.2758178012386
8930e1ca2d3ffff,3355067061,25.81986889598928,25.81986889598928,87.8659800143462,130.80383233961834
8930e1ca2d7ffff,3355067068,0.0,0.0,68.77535552481746,93.18892652437039
8930e1ca2dbffff,3827548024,108.78661881746815,108.78661881746815,214.0249635746315,269.13287466928347
8930e1ca303ffff,6005222251,330.7567249235493,330.75672492354937,428.0272442783869,490.84450963652415
8930e1ca307ffff,917142627,0.0,0.0,42.60872371960322,77.01746427526774
8930e1ca30bffff,4183978800,266.7251700369825,266.7251700369825,296.487990696367,324.52885821869273
8930e1ca313ffff,7823861934,0.0,0.0,213.57199688048496,329.48743838928107
8930e1ca317ffff,2280678834,212.4834802095798,212.4834802095798,277.73397935295964,306.63279640924515
8930e1ca31bffff,1326196480,0.0,0.0,83.60507832415634,131.31434774535637
8930e1ca323ffff,4183907751,178.73913728881828,178.73913728881828,220.43607179222363,252.69360794326883
8930e1ca327ffff,10833874410,114.8643393209287,114.8643393209287,156.56127382433408,197.74480881438936
8930e1ca32bffff,4685480484,229.06948159591997,229.06948159591997,231.50869113635804,259.1989028849521
8930e1ca32fffff,13357631843,258.00946504689665,258.00946504689665,328.24574362433555,363.8799672373659
8930e1ca333ffff,2049594045,229.31628488522128,229.31628488522128,270.5363601188954,285.1507529345476
8930e1ca337ffff,4183907769,303.9808646894363,303.9808646894363,327.648474134841,344.84697117202614
8930e1ca33bffff,355403698,0.0,0.0,48.31188056388494,91.34606201952137
8930e1ca343ffff,4183978810,235.1912638923941,235.1912638923941,236.57754197272337,256.7680897651947
8930e1ca347ffff,1326196496,0.0,0.0,76.81691867123652,108.83847805630126
8930e1ca34fffff,10910329293,307.75798554716357,307.75798554716357,391.92714279485676,421.4979559877693
8930e1ca353ffff,1326196534,147.1988252700688,147.1988252700688,159.9837619921999,174.29978884681
8930e1ca357ffff,1326196611,141.11912372013376,141.11912372013376,151.2343829370746,185.38153597741248
8930e1ca35bffff,3827170722,169.80367522874744,169.80367522874744,170.69333988722565,172.6215769436203
8930e1ca363ffff,5999645736,123.84118717246491,123.84118717246491,206.40017540169205,241.79941774311283
8930e1ca367ffff,6008986917,153.2258471334536,153.2258471334536,207.34687299691024,226.36145711209267
8930e1ca36bffff,4632196014,418.38009681104614,418.38009681104614,477.33641794324694,523.4579242646305
8930e1ca373ffff,1433691643,247.1086182621413,247.1086182621413,249.29927951218522,275.8104165126019
8930e1ca377ffff,1433691563,157.54592547608786,157.54592547608786,158.6801256442999,187.87119446779153
8930e1ca37bffff,12529264343,231.27402614464052,231.27402614464052,272.13606227028754,348.36179414734016
8930e1ca383ffff,4182358257,315.50892072940115,315.50892072940115,346.5739953664103,359.2730109001008
8930e1ca387ffff,4182358256,139.1694957159251,139.1694957159251,164.55814631529125,201.69404998736408
8930e1ca38bffff,5034061185,130.22688959917195,130.22688959917195,164.80795021821223,216.51775641197386
8930e1ca38fffff,860338583,329.15246775920986,329.15246775920986,350.261146995688,366.27896099622217
8930e1ca393ffff,1904250969,0.0,0.0,16.64285300793632,87.78982033667855
8930e1ca397ffff,1904250960,55.57641998744111,55.57641998744111,77.23913807977763,103.47085562701216
8930e1ca39bffff,4182381103,248.27615483945863,248.27615483945863,282.8572154584989,317.97723509076036
8930e1ca3abffff,2280678836,30.38174000330072,30.38174000330072,107.16309738549472,139.4972655196904
8930e1ca3afffff,2280678844,212.8625847032821,212.8625847032821,216.40615266131314,277.6151633687935
8930e1ca3bbffff,860338492,141.75206285588868,141.75206285588868,212.7515075659174,296.44581052406363
8930e1ca3c3ffff,4184001074,106.99847398187642,106.9984739818764,217.28861588840113,260.55013567002953
8930e1ca3c7ffff,12284687236,388.511430315647,388.511430315647,421.0453966350243,437.51806894438204
8930e1ca3cbffff,4131931170,96.48632693545447,96.48632693545447,130.18077585375718,180.12665947183055
8930e1ca3cfffff,12082417126,307.46373808935874,307.4637380893587,319.7188408001331,344.59856700266414
8930e1ca3d3ffff,2204149203,131.39473170357164,131.39473170357164,199.8263321146914,250.54255991533464
8930e1ca3d7ffff,4182374178,247.84737393538143,247.84737393538148,338.018028099417,386.9172892375687
8930e1ca3dbffff,2204149201,206.09966811945878,206.09966811945878,257.2553516982901,282.26952698591407
8930e1ca417ffff,1936511269,803.1365177114268,803.1365177114267,809.0778806316694,817.0302505912974
8930e1ca423ffff,4312082925,319.1402014653653,319.14020146536524,322.9778517283678,336.9204064308207
8930e1ca427ffff,10909382911,269.1412584630673,269.14125846306735,350.3509178137525,397.89000901247476
8930e1ca42bffff,8727059756,131.04499863552064,131.04499863552064,177.3052892628151,291.0190298411074
8930e1ca42fffff,5834819122,75.00700216881606,75.00700216881606,121.87666752913054,157.6099258673703
8930e1ca43bffff,4179042927,502.0424611553371,502.04246115533704,503.0796669743213,503.5123253225849
8930e1ca443ffff,6552166589,1423.8458507913813,1423.8458507913815,1764.3887884835103,1948.0445644188367
8930e1ca447ffff,595780351,1034.897968125223,1034.897968125223,1046.050029723966,1078.4817259212484
8930e1ca44bffff,8487505137,163.38697227686046,163.38697227686043,243.9170081437136,279.26452543308227
8930e1ca44fffff,13716634130,208.89575509907826,208.89575509907826,217.93514867490472,232.75208321921696
8930e1ca467ffff,596131836,294.65384132995985,294.65384132995985,344.33387958844025,404.3638783424528
8930e1ca46bffff,600377858,341.5502953876074,341.55029538760743,345.3232551485745,381.5625948333066
8930e1ca46fffff,1880368712,0.0,0.0,49.68003825848043,80.00238761886067
8930e1ca473ffff,5412623483,157.4882638000609,157.4882638000609,176.40668286648463,191.5124258701951
8930e1ca47bffff,6581927927,74.48547424504794,74.48547424504794,120.98251137787418,175.6103994646775
8930e1ca483ffff,9173964351,108.84761750050376,108.84761750050376,129.5800433741686,158.6290603479121
8930e1ca487ffff,3851679822,719.0451770604044,719.0451770604044,757.6235732106516,771.1932426786793
8930e1ca48bffff,5987947867,264.4861932732809,264.48619327328095,271.33784521946563,276.91126345404297
8930e1ca48fffff,3852156876,75.30854587005183,75.30854587005183,197.63872361602802,289.47096440045857
8930e1ca493ffff,436834179,0.0,0.0,108.3929149780964,166.66209498665037
8930e1ca497ffff,3852166361,58.83523968716608,58.83523968716608,118.75260859161449,158.61232305196336
8930e1ca4b3ffff,3851682185,1046.6866856584593,1046.6866856584593,1085.2650818087063,1098.834751276734
8930e1ca4d3ffff,4597206024,177.1150524257012,177.1150524257012,188.66754439282425,235.0041046797575
8930e1ca4d7ffff,1936511268,160.1406043165927,160.1406043165927,262.004848611778,314.17092485288987
8930e1ca4dbffff,12997877172,74.07103246300134,74.07103246300134,137.7996269098397,217.08931065404417
8930e1ca503ffff,5993582966,757.4352356605277,757.4352356605278,808.7486526072469,835.8732402744841
8930e1ca50bffff,2032924783,293.41984635653915,293.4198463565391,343.9156864021735,371.3127997031056
8930e1ca50fffff,4968626403,186.23059544184972,186.2305954418497,289.1242827696189,329.8780690220596
8930e1ca51bffff,4988031928,456.4721639444731,456.472163944473,522.8157539186883,564.7395888160312
8930e1ca52bffff,9162682865,287.8741491016836,287.87414910168354,377.46038885557016,411.258804724748
8930e1ca543ffff,732031293,123.52529345485068,123.52529345485068,141.84166403721284,148.07604029463275
8930e1ca547ffff,7510250548,162.08708616309337,162.0870861630934,195.8934046449903,229.23455692734785
8930e1ca54bffff,1853555159,55.480263759920064,55.480263759920064,151.3947215894812,224.36467067970634
8930e1ca54fffff,4933675438,383.69286948729274,383.69286948729274,389.1611724994973,396.91106533079454
8930e1ca553ffff,2032775580,315.3179081246069,315.3179081246069,370.77447396140235,394.02566169609196
8930e1ca557ffff,11027615861,222.10640347582557,222.1064034758256,259.0399984581472,293.5013055706033
8930e1ca55bffff,732031431,111.78003271539586,111.78003271539586,137.6111577122914,208.4763719995467
8930e1ca563ffff,1326472590,313.2948360115216,313.2948360115216,342.4256411817614,352.94558544963746
8930e1ca567ffff,4179789012,84.56858500468601,84.56858500468601,165.29871697009278,195.70280575137747
8930e1ca56bffff,1326472543,203.03734888309825,203.03734888309828,249.7179761268093,275.94230628785954
8930e1ca56fffff,1326472607,84.85056689931834,84.85056689931834,123.3655022196167,188.90840551183229
8930e1ca573ffff,1780475817,120.56569877287792,120.56569877287792,179.67753724262374,211.95380991078574
8930e1ca577ffff,8495449818,22.20636152355525,22.20636152355525,79.3053659941412,128.27673158702382
8930e1ca57bffff,5034061147,0.0,0.0,61.826112416748884,144.43335747549824
8930e1ca5a7ffff,732065962,1307.7841364604647,1307.7841364604644,1336.7543106501375,1369.2600890325673
8930e1ca5c7ffff,2036965440,816.5366726383835,816.5366726383835,839.2019567930433,878.41936751472
8930e1ca5cfffff,2036964600,715.2875109027091,715.2875109027091,748.2285247927127,784.7457853985575
8930e1ca607ffff,4894957209,193.00025372012465,193.00025372012465,316.350338474038,361.44185079809273
8930e1ca60bffff,1962358621,199.9866165733564,199.9866165733564,230.31047090488153,241.52134305410937
8930e1ca60fffff,4899658331,102.82275956074369,102.82275956074369,140.7860792209919,169.04292161424613
8930e1ca613ffff,8487538013,17.784042752704643,17.784042752704643,149.17735993912143,195.51252000629333
8930e1ca617ffff,5746496282,373.39641652814987,373.39641652815,381.0862162019465,385.8447997189194
8930e1ca61bffff,9787421523,199.50219749202705,199.50219749202705,246.91301953798154,295.779816023853
8930e1ca623ffff,3827671793,343.9826952628348,343.98269526283474,390.56960245164635,452.6478242238466
8930e1ca627ffff,2477340272,338.7244631954838,338.72446319548385,361.4053505836164,370.979893407254
8930e1ca62bffff,12062647521,306.8792897194984,306.8792897194984,324.47753890463196,334.3184393724268
8930e1ca62fffff,2477340277,0.0,0.0,46.5869071888116,108.66512896101183
8930e1ca633ffff,3827671854,539.6262646120521,539.626264612052,605.8371866396992,648.1140009945514
8930e1ca637ffff,3827672497,310.38467841258625,310.38467841258625,376.5956004402334,410.587755984324
8930e1ca63bffff,11428505027,30.682705780491705,30.682705780491705,36.64493188961718,96.4357758355231
8930e1ca647ffff,1962358636,254.38698502782543,254.38698502782543,292.2745134892893,317.6372282326213
8930e1ca653ffff,1950794756,271.7326788273435,271.7326788273435,315.231896658502,358.16137946447526
8930e1ca65bffff,4662293277,105.18691779837381,105.18691779837381,214.58775307771344,251.58683437151583
8930e1ca663ffff,3112158619,352.0553645124698,352.05536451246985,391.22560437377615,408.1726615369352
8930e1ca667ffff,9914441885,194.88610562435812,194.88610562435812,197.42907798892222,231.14623048231473
8930e1ca66bffff,3112233915,312.6636627731826,312.6636627731826,328.6842029187517,339.42644853921854
8930e1ca66fffff,3112238850,571.3604519787159,571.3604519787159,579.4635503366317,617.414101791999
8930e1ca677ffff,12061668110,41.661337678535105,41.66133767853511,63.55239622156955,101.05579288554576
8930e1ca67bffff,12061668144,0.0,0.0,15.942321381383914,73.04493383392584
8930e1ca683ffff,4147056028,0.0,0.0,95.75349542855615,128.5062300114108
8930e1ca687ffff,8487511350,86.0956754021237,86.0956754021237,206.8408921278492,252.87879761309804
8930e1ca68bffff,4147013871,254.18077336585463,254.18077336585463,394.89101795627846,451.30615982961234
8930e1ca68fffff,5819624308,52.34625140660167,52.34625140660167,99.70147738601244,166.33213990855361
8930e1ca693ffff,12364355410,1206.0710897699466,1206.071089769947,1300.853825411277,1414.034258739609
8930e1ca697ffff,12364332374,1164.1492571639571,1164.1492571639576,1258.9319928052876,1372.1124261336192
8930e1ca69bffff,4146924161,248.29554594852962,248.29554594852965,349.5138681663408,419.09298416387884
8930e1ca6a7ffff,2429724564,477.09431400238384,477.09431400238395,478.2691278457502,486.2332324847213
8930e1ca6b7ffff,11225358152,40.10859798305717,40.108597983057166,41.28341182642345,106.87620578653049
8930e1ca6c3ffff,10313078484,251.26278552217963,251.26278552217963,254.10028511512877,263.6459382325017
8930e1ca6c7ffff,7760193434,116.31260088020692,116.31260088020693,127.1742156288148,134.4444699032709
8930e1ca6cfffff,5664283291,194.46874701159862,194.4687470115986,208.2448595762583,260.47451098086816
8930e1ca6d3ffff,5886932111,0.0,0.0,125.90893993176607,169.40460534771378
8930e1ca6d7ffff,2244637675,0.0,0.0,154.97783510521262,217.64337154199697
8930e1ca803ffff,4666542301,0.0,0.0,270.85185838713915,373.6263668522526
8930e1ca80bffff,4628005973,312.7905921321766,312.79059213217664,351.2973698974658,378.8844552585377
8930e1ca81bffff,3975396943,443.68802457212166,443.68802457212166,525.0930115406593,558.8442794420563
8930e1ca823ffff,4632210939,175.283851718997,175.283851718997,408.822199294878,499.01866155856624
8930e1ca827ffff,4634158360,499.9302783776941,499.930278377694,538.5638420072837,563.7920429555415
8930e1ca82bffff,4634158386,577.5917712893548,577.5917712893548,583.3624085529582,593.4069510438003
8930e1ca82fffff,4634158378,307.45784420623454,307.45784420623454,315.7776102084772,332.4668320729697
8930e1ca83bffff,4666458069,522.9140744866814,522.9140744866814,561.4424316559887,579.4512375664494
8930e1ca843ffff,732438328,286.8085719938183,286.8085719938183,317.15829099627393,333.5243405346931
8930e1ca847ffff,732436581,92.57983148659596,92.57983148659596,152.8965313618579,200.0914688358412
8930e1ca84bffff,10215550331,40.39627296574098,40.39627296574098,81.03416132007649,175.7264645581246
8930e1ca84fffff,732437792,338.0404453856559,338.0404453856559,367.26222387210305,396.72605612263334
8930e1ca853ffff,732438933,109.73831163514957,109.73831163514956,153.66831795875623,188.54479940159555
8930e1ca857ffff,2650141074,397.70234499740315,397.7023449974032,436.20912276269235,463.7962081237643
8930e1ca867ffff,13028126596,545.6902958589299,545.6902958589299,547.8488221731097,585.1488405142936
8930e1ca86bffff,732436986,51.89610524296447,51.89610524296447,114.17612463668739,136.17850645417136
8930e1ca86fffff,4637946086,229.67199799188217,229.67199799188214,293.586866253366,337.978619461209
8930e1ca873ffff,4666467109,0.0,0.0,55.71214228511933,98.08935391102749
8930e1ca877ffff,4666458066,348.42112601401595,348.42112601401595,365.36826289143346,392.98932972381243
8930e1ca87bffff,7501768243,153.55674106834266,153.5567410683427,248.14392171987993,291.76261542503175
8930e1ca8c3ffff,1430639096,581.8494644822151,581.849464482215,612.74855458262,643.2813972843921
8930e1ca8cfffff,2650141063,504.8844697059212,504.88446970592116,535.7835598063263,566.3164025080983
8930e1ca8d3ffff,8555522435,880.2868435521721,880.2868435521722,956.8086921202387,996.9460290861238
8930e1ca8dbffff,3975338438,429.73510169667713,429.73510169667713,506.2569502647437,567.1059140149777
8930e1ca90bffff,8116304258,186.73014415522172,186.73014415522172,208.48128497778953,216.56068784186155
8930e1ca90fffff,4673136214,305.43779342045775,305.43779342045775,328.4324681278497,357.65684779821004
8930e1ca91bffff,732442881,519.2967964533195,519.2967964533195,556.4016165358911,573.9448909157564
8930e1ca927ffff,5273854555,0.0,0.0,3.9720470439683506,93.71561682142692
8930e1ca92bffff,13591241064,393.07065929475095,393.07065929475095,436.7028486320165,461.27488809235336
8930e1ca92fffff,4636879725,106.21915766933509,106.21915766933509,182.14263717896858,224.50157451151793
8930e1ca933ffff,8950347534,214.92208028690834,214.92208028690834,293.5347011104092,384.49803608358684
8930e1ca943ffff,8082426632,10.241158827986654,10.241158827986654,15.297496389035643,144.67631772372877
8930e1ca947ffff,8116304265,75.54439950752565,75.54439950752565,205.77436475128673,251.65836874570246
8930e1ca94bffff,732440582,62.86852001135225,62.86852001135225,79.49043494433694,114.14840049795252
8930e1ca94fffff,4190916069,126.8453933932927,126.8453933932927,178.5984655025858,224.9668167816375
8930e1ca953ffff,4636445838,475.89730637548973,475.89730637548973,491.1948027645254,561.7054586604604
8930e1ca957ffff,8088225001,439.47519432842574,439.47519432842574,446.1392158042843,458.55888722226086
8930e1ca95bffff,5260056457,217.87770864063611,217.87770864063611,261.5857826493518,282.65497541344234
8930e1ca963ffff,8116819796,19.06753893261272,19.06753893261272,104.17431084791309,204.1780893845993
8930e1ca96bffff,1809564271,150.85871701647582,150.85871701647585,193.89192135695657,232.10283832003924
8930e1ca96fffff,1809564333,206.8368256709443,206.83682567094434,277.51799492502334,316.9219706039276
8930e1ca973ffff,8082576278,0.0,0.0,181.46772770430613,271.6064575436108
8930e1ca977ffff,4636931154,106.30709142916551,106.30709142916551,135.80139531379777,241.13639137438827
8930e1ca97bffff,5260056704,244.41485501151212,244.4148550115121,255.03156365623423,259.7114817105549
8930e1ca9abffff,10923903157,0.0,0.0,325.39833095354675,476.94381519255825
8930e1ca9afffff,8442852762,217.0787123904267,217.0787123904267,316.06588451154073,352.1673098659241
8930e1ca9cfffff,732442157,346.23374117729827,346.23374117729827,356.78899861980926,550.3440263223188
8930e1ca9dbffff,8693812051,772.3835434308328,772.3835434308327,824.2474087203194,908.9904212533623
8930e1caa03ffff,6018664546,412.80194821089924,412.8019482108992,456.23617938657424,531.5445669168449
8930e1caa0bffff,3828439788,196.95166306350316,196.95166306350316,197.8611979172582,198.46061779490262
8930e1caa0fffff,3828439816,184.23235455961364,184.23235455961364,187.71565230415445,216.80508253544124
8930e1caa13ffff,3489572952,744.8847395746876,744.8847395746876,788.3189707503627,863.6273582806334
8930e1caa1bffff,3489549572,213.5809781722873,213.58097817228727,235.31943503524155,259.79259504485236
8930e1caa37ffff,765257618,42.26926834197484,42.26926834197484,192.74325611215076,273.05547325712337
8930e1caa47ffff,3828439715,156.64524810145662,156.64524810145667,223.86070887065756,246.76149977326403
8930e1caa57ffff,8356426118,227.42007428955807,227.4200742895581,254.55338515674248,295.3171344097329
8930e1caa5bffff,6522511929,474.2641354461557,474.2641354461557,480.81737437184887,487.66254701830695
8930e1caa63ffff,2032418735,0.0,0.0,176.25362510844863,273.97399245460474
8930e1caa73ffff,3828439747,189.24735356709454,189.24735356709454,243.588369121217,263.07342789237845
8930e1caa77ffff,3828439766,0.0,0.0,76.61501918460178,128.29688131680473
8930e1caa87ffff,4186486199,396.655672692445,396.65567269244514,406.5099258860536,422.7260292188393
8930e1caa8bffff,5403581993,641.1621740029832,641.1621740029832,713.0352706531582,778.4434067643742
8930e1caa93ffff,2650120608,82.75381675874502,82.75381675874503,177.7304352471066,320.41622726238825
8930e1caa97ffff,765071200,70.74547226956355,70.74547226956355,165.72209075792512,236.41409141887547
8930e1caaa3ffff,765257744,69.02024342340775,69.02024342340775,125.93986199156758,160.44686796078966
8930e1caaa7ffff,732440843,0.0,0.0,74.52913476115295,122.27390746607573
8930e1caaafffff,765257647,153.08158218330556,153.08158218330553,236.9849909215261,280.2765740543844
8930e1caab3ffff,765071196,255.63505182993237,255.63505182993237,261.58638215489594,281.2016818139001
8930e1caab7ffff,732436471,233.290873435459,233.290873435459,239.24220376042257,245.2651793002632
8930e1caabbffff,765071267,405.7531086952524,405.7531086952524,410.57094783985906,412.93255500829923
8930e1caac3ffff,8356509905,463.59667943513375,463.59667943513386,473.1813253674643,495.79110145748524
8930e1caac7ffff,3828439834,522.4763801065982,522.4763801065982,539.6737879366376,565.66063095722
8930e1caacbffff,13367081723,167.1512639304319,167.15126393043187,205.47330604418926,244.70035726636945
8930e1caacfffff,13367081709,152.87483200850104,152.87483200850104,220.40381247484328,254.93396431196527
8930e1caad7ffff,4184444212,1098.895113964695,1098.895113964695,1227.3359775715462,1273.8881913638704
8930e1cab03ffff,1809519169,432.5378227976124,432.53782279761236,442.59572300577565,446.282308493877
8930e1cab07ffff,1805727399,83.03553944002513,83.03553944002513,147.2586411777441,171.693040019049
8930e1cab0fffff,1809514677,277.88741219857513,277.8874121985751,290.88542424622483,351.7386256966776
8930e1cab13ffff,1805727434,187.39311354789456,187.39311354789456,215.27603850494495,268.573515875494
8930e1cab17ffff,1805727483,241.22115092263203,241.22115092263206,270.4380608596972,298.8673879188051
8930e1cab1bffff,4186634093,55.47405533138611,55.47405533138611,142.4206845287199,213.27608291100753
8930e1cab23ffff,1809573300,306.6714445376763,306.6714445376762,322.7139179452829,336.57355855545944
8930e1cab27ffff,1809573305,288.352643495587,288.35264349558696,331.9864475471428,391.5789860440506
8930e1cab2bffff,10911566240,36.09142732152805,36.09142732152805,96.74082155664165,128.3885619968331
8930e1cab2fffff,4188716135,66.83157079864847,66.83157079864847,101.01326915892007,156.48345077663222
8930e1cab33ffff,8547430352,91.37771616160424,91.37771616160424,144.25898006472488,171.73509502416766
8930e1cab3bffff,1809514722,176.060463440381,176.060463440381,191.25181594902193,207.0627765644797
8930e1cab43ffff,1809570267,253.46749354525775,253.46749354525772,343.802661806328,389.8288910656318
8930e1cab47ffff,12373950358,352.3755344830515,352.3755344830515,365.3735465307012,373.0001450007133
8930e1cab53ffff,5200410874,53.089671866788215,53.089671866788215,76.96143162520889,177.77313832731207
8930e1cab57ffff,5200410895,199.92790559759175,199.92790559759175,223.7996653560124,248.5782706150852
8930e1cab6fffff,13670452849,56.312919009521494,56.312919009521494,182.4369058933229,290.03243695581875
8930e1cab77ffff,1809570268,228.90378506656376,228.90378506656373,294.627093307868,324.5835290793292
8930e1cab83ffff,765257940,123.46952949494609,123.4695294949461,131.57787412948818,161.0393584078042
8930e1cab87ffff,6718313304,59.65854598674591,59.65854598674591,187.45162856376442,267.5525235963095
8930e1cab8bffff,6718134428,100.7117474584115,100.7117474584115,141.4378542731925,170.5523541383608
8930e1cab8fffff,6718313191,222.21225574146365,222.21225574146357,281.106563661546,301.3508487406033
8930e1cab93ffff,6718313323,254.41989470756664,254.41989470756664,339.6364350890245,401.31206100769515
8930e1cab9bffff,1805724064,306.8036992760794,306.8036992760794,320.42245446467757,335.0243155896747
8930e1caba7ffff,11407533007,139.34473846498102,139.34473846498102,151.5441341395097,162.86063992058698
8930e1cababffff,2280491873,141.24393384461905,141.2439338446191,153.6999294295729,214.485206460856
8930e1cabafffff,1809559223,367.3477762483447,367.34777624834464,370.70192905070496,379.13978712009106
8930e1cabb3ffff,8173596261,359.620386403474,359.62038640347396,433.86535407198403,461.07074079635726
8930e1cabb7ffff,11849996936,201.56601973477524,201.5660197347752,227.2537601123965,329.67998811917874
8930e1cabc3ffff,5200495082,224.41066935606415,224.41066935606412,257.91868668801067,293.06513249848484
8930e1cabc7ffff,4186585984,12.660679850774589,12.660679850774589,61.04483931028078,116.73892553633341
8930e1cabcbffff,5200456230,376.4661746174655,376.4661746174655,400.3379343758862,416.53430224307607
8930e1cabcfffff,5200410882,118.31206146113249,118.31206146113249,149.97234981854544,176.4402857766302
8930e1cabd3ffff,765257762,133.07549179038404,133.07549179038404,241.95721822834466,283.1899170735898
8930e1cabd7ffff,765257795,193.39261033902977,193.3926103390298,247.9294285245403,272.36040130369275
8930e1cabdbffff,765257679,286.3566029506668,286.3566029506668,329.00242988864943,347.48269128630335
8930e1cac13ffff,11135480920,1453.2107796205776,1453.2107796205771,1579.409361497729,1621.5583058830682
8930e1cac27ffff,11211469180,160.58784078695422,160.58784078695425,259.86353564011415,318.32376185905713
8930e1cac33ffff,5837290871,235.1372255553012,235.13722555530126,354.91233544746353,399.47134906280417
8930e1cac37ffff,1850655046,189.55432810604515,189.55432810604515,195.84178731574846,214.0905760007257
8930e1cac4bffff,1430639153,559.0200339316052,559.0200339316052,621.8488670758363,659.3897163561977
8930e1cac83ffff,1428918290,347.5604202428857,347.56042024288575,393.5320260833282,410.4128792574822
8930e1cac87ffff,8502353649,254.04258366425375,254.04258366425373,308.0918312934279,328.6831020348989
8930e1cac8fffff,5711069812,385.0462387972418,385.0462387972418,477.292544029429,513.695298561845
8930e1cac93ffff,436823575,0.0,0.0,45.48700349872145,72.58136371354432
8930e1cac97ffff,5710042374,140.67837694728223,140.67837694728223,202.0893395847122,235.36913010549173
8930e1cac9bffff,601728872,774.5882879805298,774.5882879805297,792.1442443626303,804.5541045250035
8930e1caca3ffff,1830064528,85.5087000045039,85.5087000045039,116.40099026604375,131.49698158910485
8930e1caca7ffff,1853555456,352.51609292054997,352.51609292054997,358.35575294349604,364.82441013968486
8930e1cacabffff,997781012,303.6859004921656,303.6859004921656,312.94033582582193,365.0488708258835
8930e1cacb3ffff,5710042209,107.21229513833049,107.21229513833049,159.8090149323976,179.7518762638159
8930e1cacb7ffff,1853555555,171.8448211465044,171.8448211465044,224.09008047097296,266.4182975038192
8930e1cacbbffff,997780975,0.0,0.0,85.17054561285556,138.95414889404847
8930e1cad0bffff,1430637389,110.49927253191547,110.49927253191547,133.13965207203552,167.7106654493737
8930e1cad13ffff,1859286435,99.26862205692917,99.26862205692917,103.42472959049752,142.21608478402928
8930e1cad17ffff,4642100372,116.55831954159319,116.5583195415932,120.43651493609254,142.43004656496404
8930e1cad1bffff,11076288662,143.05092680234497,143.050926802345,176.00634172812047,215.14354039364903
8930e1cad23ffff,1019336069,29.145943692045293,29.145943692045293,67.64552297438274,82.20245086250168
8930e1cad27ffff,13111730501,71.33774280907916,71.33774280907916,77.16349895513011,138.15862090847986
8930e1cad2bffff,733127315,239.943287304435,239.94328730443502,290.490483242269,342.49063640958525
8930e1cad33ffff,1859286525,224.17893471375444,224.17893471375444,226.76453690476413,257.64767752200663
8930e1cad37ffff,1859286661,182.69459997190967,182.69459997190967,258.07247735400307,306.13291921562717
8930e1cad3bffff,436813302,0.0,0.0,65.10460422535314,138.07789151927486
8930e1cad43ffff,1830064492,249.20923737552272,249.20923737552275,283.23904477581567,339.6448561625546
8930e1cad47ffff,1850655006,235.93621724108942,235.9362172410894,276.1022049604329,315.134204005434
8930e1cad53ffff,1850655023,109.14917182688633,109.14917182688633,131.55821722622312,166.20992778149795
8930e1cad57ffff,997781240,35.55716991455556,35.55716991455556,93.74360292223994,140.246243621568
8930e1cad5bffff,5837290881,122.41056715346203,122.41056715346203,199.51242108579942,288.800651726603
8930e1cad63ffff,1430635452,595.7183172397816,595.7183172397816,599.116007399725,605.6402064217318
8930e1cad73ffff,1430635883,279.6418056589464,279.6418056589464,315.52433792581644,361.1527149868454
8930e1cad77ffff,1430635634,250.14396058318073,250.14396058318073,315.24856480853384,355.5403005873184
8930e1cad7bffff,11076288692,555.4457580839425,555.4457580839425,648.1542021519745,682.9193354413632
8930e1cad83ffff,1859286925,305.2131535263133,305.2131535263133,348.13480904993565,368.94773821041855
8930e1cad87ffff,1859287014,0.0,0.0,53.64848548501479,84.78463108941305
8930e1cad8bffff,1859286574,220.29045914934915,220.29045914934915,247.4107168334115,257.4831656482338
8930e1cad8fffff,11252163845,171.75976170088586,171.75976170088586,231.18438671880372,251.66165023814006
8930e1cad97ffff,11105986502,149.38136858183668,149.38136858183668,176.228982808225,225.54527143881828
8930e1cad9bffff,5246633614,623.1428309306816,623.1428309306816,639.249222077093,649.5701539271845
8930e1cada3ffff,4642077884,182.8350516851317,182.8350516851317,196.6845130888206,258.0293917752254
8930e1cada7ffff,1859287053,79.57883921791738,79.57883921791738,83.64045424608923,129.2258748300444
8930e1cadabffff,4632240135,20.146204396763686,20.146204396763686,105.23879172452644,148.23432007467792
8930e1cadafffff,1859286816,206.5519114807453,206.5519114807453,229.10017903556394,241.695712598187
8930e1cadb3ffff,12074420781,231.630167531592,231.630167531592,237.80666788453715,251.50418203974354
8930e1cadb7ffff,4177544622,122.61081151792999,122.61081151793,126.21592242696974,198.9625725588172
8930e1cadbbffff,1859286916,255.11630508216956,255.11630508216956,283.36014195432864,308.8786482170525
8930e1cadc3ffff,1853555397,265.64315067351805,265.64315067351805,304.7040245493365,328.8867814419369
8930e1cadc7ffff,1853555469,325.68528562487705,325.6852856248771,328.8046759565172,333.37553523281923
8930e1cadcbffff,7919587184,72.83577283143268,72.83577283143268,104.99369972551868,121.80725846059495
8930e1cadcfffff,1853555303,265.1207711652983,265.1207711652983,306.3890989008546,320.1658573554408
8930e1cadd3ffff,4815310625,63.33497054648808,63.33497054648808,172.70293585223888,221.6552010133481
8930e1cadd7ffff,4641964791,45.392755824610134,45.392755824610134,84.45362970042862,180.23033892325066
8930e1caddbffff,436857851,55.423797311831436,55.423797311831436,139.57670116957223,172.0037754176103
8930e1cae03ffff,3828399663,157.7534871354805,157.7534871354805,189.6933819603846,231.2448773879073
8930e1cae0bffff,2280854084,95.24185502891164,95.24185502891164,140.76497945725887,202.35003567479416
8930e1cae0fffff,436876602,347.7232621604295,347.7232621604295,402.77954790161385,431.4519118868057
8930e1cae13ffff,1814894881,76.35276116205408,76.35276116205408,209.53689248050634,257.25252031963294
8930e1cae17ffff,4655351003,215.38693144161192,215.38693144161192,222.97349977385085,230.9139905898919
8930e1cae1bffff,4183827343,100.56989028328839,100.56989028328839,188.96399491417563,223.3526571211424
8930e1cae23ffff,2650120623,370.1204540669706,370.1204540669706,475.0698449763761,510.47489803045886
8930e1cae2bffff,4658746789,570.3866559554439,570.3866559554439,627.5659428036915,682.0522524600209
8930e1cae2fffff,765070959,471.11926384842326,471.1192638484233,477.16487274376027,508.7272627597349
8930e1cae33ffff,9429745799,82.3054585463617,82.3054585463617,158.82730711442827,228.6604784191617
8930e1cae43ffff,2152737497,312.0043943587228,312.0043943587228,345.7045775461785,363.2816155714106
8930e1cae47ffff,3828399476,206.83383935459983,206.83383935459983,345.9403405258727,401.7316565596998
8930e1cae4bffff,4636880964,186.36896190120078,186.36896190120075,219.4589907544908,275.97238101577926
8930e1cae4fffff,8369914343,410.46659726621783,410.4665972662178,510.8982412583258,554.067950821954
8930e1cae57ffff,2152737499,51.80369260419614,51.80369260419614,112.12873663688812,202.10815787888907
8930e1cae5bffff,8395618802,27.043569328278682,27.043569328278682,191.1833165850699,269.2389357650133
8930e1cae6bffff,3828399199,255.01252283682305,255.01252283682305,308.2567515319515,376.13591770480963
8930e1cae7bffff,734690987,93.5547149304513,93.5547149304513,137.5252175740647,165.2410066217417
8930e1cae83ffff,1904250982,55.178878020954656,55.178878020954656,84.02384031217466,118.24510713485695
8930e1cae87ffff,1430639136,129.2497694995634,129.2497694995634,255.55174056351177,313.3839674490103
8930e1cae8bffff,8555546051,320.912100679549,320.912100679549,356.65757967462713,408.57497286732934
8930e1cae93ffff,7483446103,268.2069652550266,268.20696525502655,309.03331738967154,330.8852504124481
8930e1cae97ffff,1430639736,444.58989923373287,444.5898992337329,477.4229490485448,490.6547062291841
8930e1cae9bffff,13122088311,50.99085887311713,50.99085887311713,71.59701343777881,120.43432609072192
8930e1caeb3ffff,1430639125,307.2633215022377,307.2633215022377,414.97827497531864,458.48983324851935
8930e1caebbffff,1814930190,279.9690354840609,279.96903548406095,288.27605419188956,309.2489660459033
8930e1caec3ffff,917142687,131.7095473605313,131.7095473605313,137.239815970836,145.03715256515355
8930e1caec7ffff,8537039947,129.02713145049506,129.02713145049506,173.82179079653588,204.56569560484618
8930e1caecbffff,3828399518,183.7218798990105,183.7218798990105,245.68657388016499,267.12100088714647
8930e1caecfffff,3828399526,270.3129581311646,270.3129581311646,314.3739280899972,334.823233740571
8930e1caed3ffff,917142647,122.40391342259586,122.40391342259586,133.12003254312572,142.20756018034805
8930e1caed7ffff,8555546049,462.2467897655256,462.2467897655255,465.3447574732814,473.5214927895533
8930e1caedbffff,872558327,139.86520595455687,139.86520595455687,164.15878599124306,172.41673413917442
8930e1cb103ffff,4634856252,255.48498970442597,255.48498970442597,259.2392938365106,271.2223738061809
8930e1cb10bffff,4631415212,93.72868447887622,93.72868447887622,136.8961401952847,171.732197219222
8930e1cb10fffff,9624439701,286.78537425713444,286.78537425713444,334.6077930191824,366.54817026433557
8930e1cb11bffff,4631415213,420.77880687788087,420.77880687788087,439.2181610627547,483.54464641398545
8930e1cb127ffff,1859559785,247.9617587872107,247.96175878721067,250.5249144096029,290.1853042516123
8930e1cb143ffff,4097245234,344.0973289684016,344.0973289684016,487.5533588870174,535.4273093606565
8930e1cb14fffff,562451108,0.0,0.0,40.86795096903487,144.00103745268143
8930e1cb157ffff,11871112358,383.32395814447665,383.3239581444767,403.34166566317174,425.4474003012124
8930e1cb15bffff,4634773819,273.9331054709787,273.9331054709787,288.17627211479316,342.2203184577807
8930e1cb17bffff,9047231556,273.41724574585805,273.41724574585805,446.6044988691324,529.7508000578376
8930e1cb183ffff,3724646166,748.1471771131739,748.1471771131739,788.7165977836105,938.213650381212
8930e1cb1abffff,1925498928,555.1848919180499,555.1848919180499,573.942546854189,601.6454254557083
8930e1cb383ffff,436691512,185.07738027702007,185.07738027702007,243.1752716166152,315.9434200226514
8930e1cb38bffff,13698339181,14.816151367620774,14.816151367620774,247.61294298152117,346.40011101299024
8930e1cb38fffff,8270014906,0.0,0.0,31.782356240253335,119.28728387456145
8930e1cb3a3ffff,8494624527,959.790640538236,959.790640538236,1017.888531877831,1078.9120025039729
8930e1cb3b3ffff,6584407586,417.37357981921764,417.3735798192177,483.50766345098316,532.7976586409283
8930e1cb3b7ffff,6584256134,415.29280272487995,415.29280272487995,456.1607536939148,514.1393962825547
8930e1cb3bbffff,3634017594,35.3570197688394,35.3570197688394,43.95327308379601,61.509037135972676
8930e1cb3d7ffff,3634017621,0.0,0.0,68.71502279546772,119.26722722604745
8930e1cb407ffff,8486318225,29.49451753571701,29.49451753571701,94.33756796683218,129.64781639285005
8930e1cb40bffff,8664304485,126.89544906238353,126.89544906238353,139.83097021706914,158.17486594517575
8930e1cb40fffff,4185920041,242.07749211765295,242.07749211765295,286.67376966639506,338.30159657596084
8930e1cb41bffff,1696934650,150.21866950189818,150.21866950189818,154.73319516931184,166.07627083487014
8930e1cb42fffff,11431861704,0.0,0.0,4.7097017390994065,13.04573961378811
8930e1cb433ffff,4185991225,155.13972383464335,155.13972383464335,206.2853369452289,223.83298760442997
8930e1cb437ffff,5935888705,42.59203684294808,42.59203684294808,43.39282728885226,64.45402482686863
8930e1cb44bffff,9194601564,361.458524840812,361.45852484081195,373.07776715812247,465.3234759648855
8930e1cb453ffff,4195556237,460.79446841899465,460.7944684189947,524.6406477877279,557.9606870214976
8930e1cb45bffff,4867773798,262.15723158927267,262.15723158927267,409.00155788997364,465.69582820174764
8930e1cb473ffff,8486277804,62.06027074783273,62.06027074783273,151.88863508985415,187.26216000877912
8930e1cb483ffff,4185991241,76.5145037872679,76.5145037872679,141.98802293043514,164.43978638374156
8930e1cb48bffff,4101372803,339.96617153256193,339.966171532562,366.9115976684168,384.7866812163813
8930e1cb493ffff,8485173586,57.59636559951919,57.59636559951919,72.66968308837376,91.75508330561854
8930e1cb497ffff,8486814112,172.1289414218204,172.1289414218204,236.86716881789474,258.93677244798147
8930e1cb49bffff,1685716272,40.772178357449675,40.772178357449675,109.30592827935362,179.73575505439055
8930e1cb4a3ffff,1696934746,218.71817193943963,218.71817193943963,247.21765490934203,260.92730895696775
8930e1cb4a7ffff,4185805723,47.59862268328075,47.59862268328075,82.41284523967053,121.57858091920741
8930e1cb4abffff,4185879872,0.0,0.0,57.89610857130613,89.68713241811888
8930e1cb4afffff,1696934730,80.7742365257864,80.7742365257864,146.49138884731119,181.2453534924724
8930e1cb4b3ffff,436849903,0.0,0.0,45.29235027548885,87.57038106356993
8930e1cb4b7ffff,2110270505,0.0,0.0,38.251786758451324,52.1958528547576
8930e1cb4c3ffff,4078144566,74.97527349171439,74.97527349171439,83.05156975536931,97.9898211338663
8930e1cb4c7ffff,4185991263,299.8702416593934,299.8702416593934,333.7156645455207,346.8519628099992
8930e1cb4cfffff,4644355017,188.11507007876241,188.11507007876241,280.1401100768901,327.988403855469
8930e1cb4d3ffff,1685607808,308.0828546713942,308.0828546713942,324.5607746951842,354.6487388761613
8930e1cb4d7ffff,1685716305,158.37383111564156,158.37383111564156,194.8195003078855,230.75543095647117
8930e1cb4dbffff,2574027702,142.89875311183212,142.89875311183212,164.8598243297522,194.68933561964332
8930e1cb503ffff,3827337543,87.4364788968194,87.4364788968194,98.47348807364187,154.60940019545353
8930e1cb50bffff,1430674297,84.29366102187153,84.29366102187153,116.94443775654307,173.4405518266952
8930e1cb50fffff,3137470632,94.71908907750563,94.71908907750563,131.54786955284817,160.86563975632956
8930e1cb513ffff,3827338083,374.7480116369109,374.74801163691086,388.13510804748853,396.5319852514267
8930e1cb517ffff,3827338105,0.0,0.0,6.069475807928837,120.25174299364299
8930e1cb51bffff,3827337527,277.1065640654255,277.1065640654255,277.70718006395657,334.30122386209337
8930e1cb523ffff,2655472840,214.8444282857824,214.8444282857824,227.73063513366293,257.4871421807217
8930e1cb527ffff,3827258483,183.83628326279356,183.8362832627936,258.7150268357435,289.11305078349847
8930e1cb52bffff,7996340645,185.2066865780627,185.2066865780627,203.80562198797756,247.93482515442474
8930e1cb52fffff,3827257123,151.38281063946005,151.38281063946005,208.2771476841734,260.00975897554036
8930e1cb533ffff,1965713690,65.42806755001816,65.42806755001816,80.44452986605563,90.14757229144284
8930e1cb537ffff,9602018603,11.66042823234152,11.66042823234152,18.983323397413375,42.04285715762051
8930e1cb53bffff,3827257136,34.1535865425321,34.1535865425321,63.66496183135121,115.57312673597824
8930e1cb543ffff,1696934680,139.51490217016837,139.51490217016837,143.95406912886284,182.80205001318174
8930e1cb547ffff,8489025181,234.77987417265524,234.77987417265524,258.73465541158237,321.34279276434
8930e1cb54fffff,11939725546,533.8422721262385,533.8422721262385,665.3809830225964,724.4176095846278
8930e1cb557ffff,4185715621,104.82215880280489,104.82215880280489,137.4051863421255,190.76634287133734
8930e1cb563ffff,4785645098,239.83542765489622,239.83542765489622,246.64514215586416,295.1283903003787
8930e1cb573ffff,4185715641,228.80624995535345,228.80624995535345,254.80912110321853,269.49525104098416
8930e1cb577ffff,1430679913,103.36608148856584,103.36608148856584,157.11291765465648,175.61183252082438
8930e1cb57bffff,4366877881,400.55985192449174,400.5598519244918,410.72174602269035,416.75887346751045
8930e1cb587ffff,3222388849,0.0,0.0,91.88967683422094,122.70030427951339
8930e1cb58bffff,3242832577,0.0,0.0,53.200008468818275,165.3493013367724
8930e1cb58fffff,3827338135,215.79178437739327,215.79178437739327,224.1803493235692,230.589064589772
8930e1cb593ffff,436842092,461.2205439393785,461.22054393937844,491.54094319166217,535.3723495464419
8930e1cb5a3ffff,3827548043,203.26848905574116,203.26848905574116,248.50255108780766,272.91544436472515
8930e1cb5a7ffff,3827548465,18.956459041900523,18.956459041900523,50.78253644924216,83.00006666054229
8930e1cb5abffff,3827338137,345.80441278946944,345.80441278946944,349.46810557498,354.7356537087694
8930e1cb5afffff,2368063904,137.36211139956217,137.36211139956217,189.48024905519992,221.0345942451656
8930e1cb5b3ffff,3153829061,340.29376746541607,340.293767465416,361.8639155130328,376.07837006855624
8930e1cb5b7ffff,3153832862,302.2613429987959,302.2613429987959,313.47218517461044,336.2879591548157
8930e1cb5bbffff,4185702108,202.3599562253237,202.35995622532374,234.4667120824172,259.46325568631875
8930e1cb5c7ffff,3827338058,0.0,0.0,32.11873449269379,151.29511868602273
8930e1cb5cfffff,1925407853,119.29870167530147,119.29870167530147,183.04892269945896,225.98993840152775
8930e1cb5d3ffff,4185805760,387.39898094514695,387.39898094514695,389.4228542847932,439.6231889182812
8930e1cb5dbffff,12228666816,362.0453235816087,362.0453235816087,418.6484625489677,460.72565724234727
8930e1cb603ffff,5359333183,895.9569279296866,895.9569279296866,1023.5083113266493,1073.7565992555435
8930e1cb6b3ffff,3079163776,163.97062737364354,163.97062737364354,175.58986969095403,258.7427849818164
8930e1cb6bbffff,11521951051,0.0,0.0,144.1781843687998,199.9837407032734
8930e1cd483ffff,9393824533,131.36029166724447,131.3602916672445,185.7972280576913,232.88073071534447
8930e1cd487ffff,12140420398,223.57915747398803,223.57915747398806,226.53393887157796,250.01021191950431
8930e1cd493ffff,9774212440,233.36283593447797,233.36283593447797,240.03317784443993,295.5767884636095
8930e1cd497ffff,12140344067,188.52133146672548,188.52133146672548,237.07006696645993,267.11108755751997
8930e1cd49bffff,4664992021,227.52510020828967,227.52510020828964,238.4048081561029,262.16954332665637
8930e1cd4b3ffff,7275576237,249.311843268867,249.31184326886697,326.6313479020197,365.3893977333755
8930e1cd4b7ffff,9504354926,569.9814629276666,569.9814629276666,588.0686467753617,612.7086588698879
8930e1cd4bbffff,4415194792,107.59255361419679,107.59255361419679,118.46547563104876,153.9399014569677
8930e1cd4c3ffff,8992264867,39.78066622181606,39.78066622181606,47.32520305166142,145.87993024062138
8930e1cd4c7ffff,8320246454,233.50433497166483,233.50433497166483,251.12359227708424,271.5813465388321
8930e1cd4cbffff,9414769381,120.49139235707469,120.49139235707469,124.7458546517994,194.36723523656784
8930e1cd4d3ffff,6482178843,451.8708575595566,451.8708575595566,457.97809848747875,510.0766260132941
8930e1ce013ffff,8374027624,93.07864713994543,93.07864713994543,98.28982543401654,138.39721068638482
8930e1ce01bffff,8374027626,0.0,0.0,8.241865935826809,47.084176442099164
8930e1ce027ffff,6253686779,57.37950439358334,57.37950439358334,73.05981502123188,80.15374140961187
8930e1ce02fffff,3010115408,137.78763438828602,137.78763438828602,140.93179492224036,170.7596898240046
8930e1ce037ffff,13520845989,63.40076250338165,63.40076250338165,221.69072608614692,304.7983651230276
8930e1ce047ffff,10013337974,163.80526765360733,163.80526765360733,167.08288647656082,198.52009198613754
8930e1ce04bffff,7111133755,306.11015813575057,306.1101581357505,322.0575151700987,355.45426149205326
8930e1ce04fffff,9624150307,404.4465170539211,404.4465170539211,412.7640913386397,419.40783564190195
8930e1ce05bffff,10009232039,0.0,0.0,192.65687868589964,262.7086189135425
8930e1ce067ffff,3009804325,206.51191438154666,206.5119143815467,221.15137121771406,232.28867036849365
8930e1ce06fffff,3009808258,183.53946733407633,183.53946733407633,209.54070021787675,222.5087541967135
8930e1ce073ffff,3009768478,394.8796321491606,394.8796321491607,405.2267577453971,429.18906113760187
8930e1ce07bffff,9624285397,347.97922374390066,347.97922374390066,390.9108531786361,411.01856659761455
8930e1ce0d7ffff,797046940,604.7479709862679,604.7479709862679,649.401248351759,669.9715996921994
8930e1ce143ffff,13545036319,76.81609654473596,76.81609654473596,108.6898370672664,127.11940293256505
8930e1ce14bffff,3010115735,0.0,0.0,93.53352963750196,146.06163089926773
8930e1ce153ffff,6253698675,15.011885015767145,15.011885015767145,27.108792307546366,100.32515892633326
8930e1ce15bffff,13539269752,270.91704570438907,270.9170457043891,307.6638701356021,322.98924919763266
8930e1ce1cfffff,13294726269,174.76235130624715,174.76235130624713,216.4026565727364,316.01658619185656
8930e1ce203ffff,8226206229,0.0,0.0,367.0039444802673,519.934485362794
8930e1ce227ffff,3011893008,291.91674306760956,291.91674306760956,298.37366955739185,364.745032814996
8930e1ce233ffff,8061799473,181.38049986776034,181.38049986776034,391.64679850110343,473.1503191652091
8930e1ce237ffff,11738510010,415.2716267933797,415.2716267933797,422.16918894812017,468.4715309902029
8930e1ce283ffff,10009229876,0.0,0.0,188.55856145902834,258.21727516302315
8930e1ce287ffff,9401818185,465.88161111281687,465.8816111128169,539.1290592218257,599.2762518715367
8930e1ce28bffff,10009229857,0.0,0.0,162.53662965598608,220.84447029387556
8930e1ce293ffff,7477579696,172.7342465240449,172.7342465240449,200.24152512843423,217.30787800618478
8930e1ce297ffff,10008584198,137.99472297586252,137.99472297586252,165.90518414275257,193.54685693464216
8930e1ce29bffff,10009232069,57.80186907987128,57.80186907987128,84.37091231946707,161.41397476075784
8930e1ce2a7ffff,9371697474,248.08872969432372,248.08872969432372,257.45137104133636,351.6160839273651
8930e1ce2b7ffff,11739483785,0.0,0.0,81.3398003746299,122.33109624586659
8930e1ce2c7ffff,3011974431,40.2247928191486,40.2247928191486,56.4224569533925,124.93556544937685
8930e1ce2d7ffff,3011994539,327.14925438856415,327.14925438856415,355.3620427769025,375.5647483291779
8930e1ce303ffff,9012880596,77.31075496446427,77.31075496446428,79.18897530632935,163.7615922509917
8930e1ce317ffff,11521862776,121.61636993467319,121.6163699346732,183.73992109128704,252.01116632123873
8930e1ce347ffff,6261509283,960.066433160328,960.066433160328,964.7277622026062,1034.94103140872
8930e1ce353ffff,13255549864,70.18822063098628,70.18822063098628,88.67188326432546,108.40946847137025
8930e1ce357ffff,13255484986,268.030765968351,268.030765968351,346.443191979104,388.9652095008741
8930e1ce373ffff,11707797478,769.682862721414,769.6828627214139,842.6322899569675,875.4105484983244
8930e1ce387ffff,13545086419,281.6394834049227,281.6394834049227,296.4362701251936,347.6648352778127
8930e1ce38fffff,13545086450,206.6910340725105,206.69103407251046,221.35911319075177,306.8582319569287
8930e1ce393ffff,10004356756,450.91335037011726,450.9133503701173,497.2272729897408,526.2142247772949
8930e1ce397ffff,3009827200,0.0,0.0,115.26429400456102,162.54623719102028
8930e1ce39bffff,13520757585,329.88506971345316,329.88506971345316,334.99870229328246,368.61001932215214
8930e1ce3b3ffff,7862539717,225.22752511152544,225.2275251115254,225.5475242022394,268.360445714041
8930e1ce3bbffff,13545086583,44.877997031033665,44.877997031033665,59.546076149274995,150.25704278466145
8930e1ce3c3ffff,414685281,0.0,0.0,18.107596865531733,63.297761597184795
8930e1ce3c7ffff,8384146030,180.28427433878437,180.28427433878437,231.33200173634043,278.7313059064649
8930e1ce3cbffff,11730338920,26.644477855192783,26.644477855192783,58.13103199488624,171.39669948163962
8930e1ce3cfffff,3016339336,78.70553508037658,78.70553508037658,185.0886592553473,284.9649139496473
8930e1ce3d7ffff,13520757589,11.979114696934262,11.979114696934262,180.494713666299,253.2909773932391
8930e1ce3dbffff,9371697464,283.28077614323587,283.28077614323587,301.3883730087676,346.57853774042064
8930e1ce56bffff,5098035128,161.75055810933446,161.75055810933446,412.4897807681276,502.2563780747721
8930e1ce603ffff,9999104978,0.0,0.0,16.361918936819194,65.1913574482672
8930e1ce623ffff,10009232086,39.72308605083099,39.72308605083099,40.76077538301825,43.15928872837794
8930e1ce627ffff,3010085211,41.98587742305353,41.98587742305353,107.27982180126165,134.7423863723583
8930e1ce62fffff,3011878966,355.65136917130326,355.65136917130326,364.8945993413862,384.3437295470021
8930e1ce637ffff,11708441993,114.4413886026202,114.4413886026202,115.20731687403986,134.22522402159524
8930e1ce63bffff,10009132732,169.9187516999714,169.9187516999714,183.9642861948883,236.83470811721122
8930e1ce643ffff,3847025081,220.83066818937482,220.83066818937485,253.68480329964888,265.9906861094587
8930e1ce647ffff,3847025061,298.1466802538171,298.1466802538171,300.18177695537645,302.17558579949247
8930e1ce64bffff,3419312940,254.22557694245253,254.22557694245253,287.07971205272656,312.8206752509805
8930e1ce653ffff,3847013336,195.94488314003794,195.94488314003794,243.24882672859707,265.70903400869366
8930e1ce657ffff,9999466154,718.7245311136243,718.7245311136242,766.5490384821311,795.2759178047494
8930e1ce65bffff,3847025098,106.02982712044823,106.02982712044825,125.1223338785885,143.69500535567656
8930e1ce66bffff,10009132805,0.0,0.0,29.646895398914204,60.507827269161616
8930e1ce673ffff,10009140272,0.0,0.0,267.43882817560603,380.41106399800634
8930e1ce677ffff,10009132745,0.0,0.0,179.99261119192525,286.85260907247016
8930e1ce67bffff,4670984174,81.97415698925975,81.97415698925975,119.67508226941723,189.95309053136342
8930e1ce683ffff,10593213847,1174.011023607441,1174.011023607441,1183.7334692328882,1226.0223709763923
8930e1ce68bffff,10593213845,803.96037359843,803.9603735984299,813.682819223877,855.971720967381
8930e1ce68fffff,10593204768,896.2384966002921,896.2384966002921,905.9609422257392,948.2498439692432
8930e1ce693ffff,797046966,1779.785149428325,1779.785149428325,1805.7475411929634,1820.8833021981409
8930e1ce6cbffff,4194396370,179.12772413842345,179.12772413842345,190.39915033842794,232.1570603987586
8930e1ce6cfffff,3016195541,0.0,0.0,53.458719630604676,145.00335566190338
8930e1cf00bffff,3800659365,856.1292244005879,856.1292244005878,886.4334907361354,946.9631562689183
8930e1cf00fffff,11229084189,0.0,0.0,102.61304944981225,174.87129059660757
8930e1cf017ffff,13516046516,154.63716077797352,154.6371607779735,168.0377051448013,239.5482869560312
8930e1cf01bffff,1784812272,211.26369878839847,211.26369878839847,317.2103302553468,395.6124443236135
8930e1cf057ffff,12230826723,626.3509713583946,626.3509713583946,673.1607023767958,728.1885463486277
8930e1cf083ffff,3856535897,133.59698118078796,133.59698118078796,213.55330515002206,270.36861458092704
8930e1cf093ffff,3856535946,287.95650897367915,287.9565089736791,351.20097651125735,394.2664771880604
8930e1cf097ffff,3856535933,71.31978027811678,71.31978027811678,110.99377685435718,141.50141355778266
8930e1cf09bffff,3856535940,204.13053378340712,204.13053378340712,273.52557338623654,305.7568969755696
8930e1cf0a7ffff,4192161872,113.72630943161624,113.72630943161624,133.1635502798104,156.36743161521557
8930e1cf0b7ffff,5938147665,6.873772811201176,6.873772811201176,48.416279040899255,80.01829953626944
8930e1cf0cbffff,4680672023,431.51581953194193,431.51581953194193,557.8018590406828,707.692538210859
8930e1cf0cfffff,12230826755,669.9411719915413,669.9411719915414,775.8878034584898,831.1296517946586
8930e1cf0d3ffff,2477239851,514.1901059380498,514.1901059380498,580.8009031776921,625.6343247025492
8930e1cf0d7ffff,797051857,164.9702117628017,164.9702117628017,231.58100900244415,297.66402870131736
8930e1cf203ffff,4190536339,310.10666128398475,310.10666128398475,324.3382338930258,336.6195840872481
8930e1cf207ffff,3800657900,68.63373487804259,68.63373487804259,189.8467997162913,233.2389477853502
8930e1cf20fffff,9971583161,368.9066362365599,368.9066362365599,426.68555585723186,464.3124386342717
8930e1cf217ffff,3800658309,110.65860148288513,110.65860148288513,132.48756291874767,145.11584021967053
8930e1cf21bffff,4658592186,74.90386706216721,74.90386706216721,78.76281682906532,86.37990633961586
8930e1cf223ffff,12140344029,182.55672720854784,182.55672720854784,280.03530399838337,328.267910535416
8930e1cf227ffff,4629453310,69.32041969319957,69.32041969319957,73.05644041086606,142.8027317233724
8930e1cf22bffff,12568391974,36.8193116011229,36.8193116011229,158.32762568151983,214.57014464873956
8930e1cf22fffff,12140420367,165.09852779233117,165.09852779233117,200.4306019809071,218.98121645148376
8930e1cf233ffff,3800658268,294.6119659455756,294.6119659455756,378.26095852279354,432.45273223446185
8930e1cf23bffff,12870101792,346.0387590125831,346.0387590125831,403.8176786332551,456.57763246326084
8930e1cf243ffff,1812052159,0.0,0.0,74.30490911475394,115.43450271455312
8930e1cf253ffff,4149614112,135.039457854363,135.039457854363,166.56712844866604,180.82584781964417
8930e1cf257ffff,1812052162,292.76497839713943,292.76497839713943,330.89773199157014,349.98808811803434
8930e1cf25bffff,8883179687,360.7418294034093,360.7418294034093,396.2708730348757,411.86338341824165
8930e1cf263ffff,4493512518,139.26783264538582,139.26783264538582,140.60849116690096,144.73467261355833
8930e1cf267ffff,9882291290,81.95421549647554,81.95421549647554,161.32329988518424,225.6786271093032
8930e1cf26bffff,9769198422,95.28427394122336,95.28427394122336,160.5058290659415,199.7934590076134
8930e1cf26fffff,2153862645,194.65422300932602,194.65422300932602,259.3001945908492,283.1172640359457
8930e1cf273ffff,12142687418,219.23896227474813,219.23896227474813,226.09856370549176,275.75870966158516
8930e1cf283ffff,3800658428,128.45835656245245,128.45835656245245,145.7178533600736,161.48342659935008
8930e1cf28bffff,1835046071,330.25679780467755,330.2567978046776,330.69186215998684,336.36559974250946
8930e1cf28fffff,1818544839,146.79871407807875,146.79871407807875,158.07558350850695,180.42316165556142
8930e1cf293ffff,4188726754,121.17796986794303,121.17796986794303,144.57717755846116,157.75609020056385
8930e1cf297ffff,1810765674,154.72580813341997,154.72580813341997,195.02676605373128,239.84835672818772
8930e1cf2abffff,3800658334,184.0459562320528,184.0459562320528,301.6833371851916,344.8658617355268
8930e1cf2bbffff,436815102,0.0,0.0,47.04209305701279,104.77154924175262
8930e1cf2cbffff,1812014383,149.35016842113208,149.35016842113208,177.70674228111244,189.79056734899487
8930e1cf2cfffff,1812052131,141.90440061672447,141.90440061672447,211.45289175993827,243.53912824052614
8930e1cf2d3ffff,1812014401,154.72043894552317,154.72043894552317,202.75494196412131,221.92334829283018
8930e1cf2dbffff,1812000942,164.9980896153647,164.9980896153647,181.42219930436602,187.40509218565373
8930e1cf34bffff,4323074146,0.0,0.0,27.91642621794165,49.1997510090967
8930e1cf35bffff,12140344078,86.44648899135063,86.44648899135063,93.88662339963133,157.0948190403506
8930e1cf403ffff,3856535860,208.34936073759715,208.34936073759718,245.2478716461826,263.90436616614784
8930e1cf407ffff,3856514160,86.28188102005826,86.28188102005826,92.79003323073744,96.77280915848841
8930e1cf40bffff,2477237876,189.95994939239785,189.95994939239785,202.16243988874365,215.70231942068926
8930e1cf40fffff,3856535878,168.4942650141591,168.4942650141591,220.54320668777348,238.10172663885635
8930e1cf417ffff,3853498474,248.68135577518586,248.68135577518592,261.23249382634276,308.1942996032413
8930e1cf41bffff,3853477750,0.0,0.0,59.483311157603566,97.17379020660275
8930e1cf423ffff,3856513987,231.8587490851001,231.8587490851001,247.3662859467799,253.17685463109476
8930e1cf427ffff,3856199962,48.37327089855191,48.37327089855191,110.50803248057777,132.38249388402315
8930e1cf42bffff,3856536154,223.28074390644423,223.28074390644426,239.5087164546411,266.691044498958
8930e1cf42fffff,3856199415,118.51584930842998,118.51584930842998,128.344808831508,135.88713735594655
8930e1cf433ffff,3856514455,330.1078877873493,330.1078877873493,380.1486774261409,404.45653975572344
8930e1cf437ffff,3856514406,217.99681121372043,217.9968112137205,238.3817102910478,284.4736801258859
8930e1cf43bffff,3856536086,117.3093039557699,117.3093039557699,214.6423420346728,257.4930152670699
8930e1cf453ffff,5273854545,99.9382418139459,99.9382418139459,103.17425465809269,107.94417200743912
8930e1cf463ffff,3856536270,242.45097428888744,242.45097428888744,271.4709216676213,286.9876131586779
8930e1cf467ffff,436855461,194.27783717587687,194.27783717587687,199.6095535451742,215.77104600894447
8930e1cf46fffff,11229084223,176.9317479975744,176.9317479975744,182.02000660069825,198.262651653193
8930e1cf473ffff,3856536068,168.1251899933859,168.1251899933859,220.17413166700027,268.8836467863054
8930e1cf477ffff,3856535906,96.44838594759804,96.44838594759804,176.10452754842146,207.08424724446286
8930e1cf483ffff,3853477989,272.1349535003931,272.1349535003932,306.5356824972449,347.9970144089427
8930e1cf487ffff,3853478063,385.4729359967107,385.4729359967107,405.27494813048196,428.88734132657163
8930e1cf48fffff,3853478026,254.38631146678193,254.38631146678193,265.6491682340095,290.5526581608278
8930e1cf497ffff,4192692408,179.56894743508298,179.56894743508298,270.6120312939563,336.9034745528865
8930e1cf49bffff,4641746550,148.52604452197218,148.52604452197218,237.75239304259628,269.3457795608216
8930e1cf4a3ffff,3853498553,52.15649263490311,52.15649263490311,55.39436965265757,70.79765569247552
8930e1cf4abffff,3856514157,385.75348384384324,385.75348384384324,409.1156788987013,421.24184539077345
8930e1cf4b3ffff,3844539274,47.81460040668739,47.81460040668739,114.47536496409326,153.12541700639858
8930e1cf4bbffff,3853498514,170.0189714291045,170.0189714291045,241.38591567537708,290.1048655993405
8930e1cf4c3ffff,8997539842,132.37852185019594,132.37852185019594,203.63675865439444,246.01914283083656
8930e1cf4c7ffff,3853477716,94.83947772672373,94.83947772672374,146.81681229476132,197.11020966787862
8930e1cf4cbffff,3851762046,208.26270218455988,208.26270218455988,214.6447031498131,264.2775280076965
8930e1cf4cfffff,3853477758,195.45273870142967,195.4527387014297,236.87819634355236,270.5752016656438
8930e1cf4d3ffff,3853477785,221.65863949439304,221.65863949439304,238.87358157964462,267.10124404138514
8930e1cf4d7ffff,3853477825,240.78244192961472,240.78244192961472,330.4029258608523,376.2181630233933
8930e1cf4dbffff,5273391638,269.31209718095784,269.31209718095784,300.7461551285312,343.4586850369545
8930e1cf503ffff,4194350806,254.63858058973165,254.63858058973165,257.232791052144,293.1075339258773
8930e1cf507ffff,3856135032,164.97194474755446,164.97194474755446,168.35484762164845,209.32442192350118
8930e1cf50bffff,3856135038,258.4129092725745,258.41290927257455,281.1528165553392,291.1877860657269
8930e1cf50fffff,3856135082,69.37847265947649,69.37847265947649,149.22150019635302,179.06943306786988
8930e1cf513ffff,436855486,0.0,0.0,132.82202175306492,194.2999432701347
8930e1cf517ffff,4194469502,184.13806257627334,184.13806257627334,216.61826687652479,254.08631816986872
8930e1cf51bffff,3856135128,65.19804156286342,65.19804156286342,90.3125349325162,156.02821079365447
8930e1cf527ffff,12351014661,187.93587161061578,187.93587161061578,392.48409348111346,463.21064790970695
8930e1cf52bffff,3856188189,93.03607630663522,93.03607630663522,120.06331332977393,137.39255306859005
8930e1cf52fffff,13514031468,196.8242312790623,196.8242312790623,234.94797332172047,291.5640492967372
8930e1cf533ffff,436841203,0.0,0.0,46.48852938509709,110.24718768316878
8930e1cf53bffff,3856134973,72.28788464916434,72.28788464916434,132.0507946648964,183.85073749174578
8930e1cf543ffff,3856188271,173.76755774503113,173.76755774503113,246.63508193671447,289.6031133686799
8930e1cf547ffff,3012012906,106.58736288574057,106.58736288574057,125.4998281624834,150.3595067127008
8930e1cf54bffff,3856188224,191.8083493022839,191.8083493022839,204.27776371567418,223.59196151316928
8930e1cf54fffff,3856188268,204.36193354400638,204.36193354400643,229.0999512444337,259.4355376805724
8930e1cf553ffff,3856199450,69.78708325688137,69.78708325688137,106.49382818709336,172.34912242208057
8930e1cf557ffff,2280430217,78.12792795139491,78.12792795139491,150.70416458365256,194.7201489421624
8930e1cf55bffff,3856199434,204.08115344523443,204.0811534452344,232.6669382404881,262.7354809179532
8930e1cf573ffff,3856184078,48.728691639101115,48.728691639101115,172.80171157195963,215.5491452957132
8930e1cf577ffff,3856188159,235.9369625595603,235.9369625595603,248.41720365621512,284.41909882394464
8930e1cf57bffff,3856184149,124.73775172063658,124.73775172063658,249.89527116028026,304.8570597406312
8930e1cf583ffff,3847039832,413.1306905693665,413.1306905693665,421.7819167623968,430.1143329204671
8930e1cf587ffff,3847024569,291.4081640254077,291.4081640254077,344.0210198051978,367.8562724709398
8930e1cf58bffff,3847039862,112.75224850581856,112.75224850581856,122.17599091052952,187.58806429639904
8930e1cf58fffff,3847039509,208.12549367383167,208.12549367383167,308.9434993714388,379.88104398262635
8930e1cf593ffff,414685232,90.04762364099194,90.04762364099194,107.79700063805961,135.3480419282154
8930e1cf597ffff,3847024995,287.17381229847155,287.1738122984715,323.33564782348026,344.82546551436377
8930e1cf59bffff,3847039542,0.0,0.0,119.18319452168836,191.96476234742408
8930e1cf5a3ffff,3851742844,236.62672428364232,236.62672428364232,302.41019097933645,338.5062444593518
8930e1cf5a7ffff,2934404607,0.0,0.0,68.23609648516236,134.93651678263555
8930e1cf5abffff,3851742979,303.11678981596793,303.11678981596793,336.49649742527333,351.93690065392974
8930e1cf5afffff,3851742832,220.56541336700897,220.56541336700897,265.5628560615183,311.55435654975275
8930e1cf5b3ffff,3847024606,136.0408156403005,136.0408156403005,142.64808946185522,196.0974865842353
8930e1cf5b7ffff,3851742815,284.92138206391144,284.92138206391144,292.31207406661656,299.6893659535367
8930e1cf5bbffff,3847039514,107.10373615304042,107.10373615304042,156.8153197655849,224.63282015162818
8930e1cf5c3ffff,3856135330,196.521347057843,196.52134705784297,263.0931178958236,285.6140284995831
8930e1cf5c7ffff,436855481,68.420675767721,68.420675767721,147.11395453366575,198.04628771495996
8930e1cf5cbffff,3009775865,138.19118108235511,138.19118108235511,145.68170152268044,161.49381316207953
8930e1cf5cfffff,436815208,81.59822849694082,81.59822849694082,154.08230675416317,180.28451691026575
8930e1cf5d3ffff,3856143036,441.6949492746154,441.69494927461545,474.8973484561436,544.69155754061
8930e1cf5d7ffff,3856135497,271.3054952273897,271.3054952273897,278.9464715849805,282.68197440225754
8930e1cf5dbffff,3856143069,200.62714176297513,200.6271417629751,249.46925382070955,323.0160379047524
8930e1cf603ffff,2591360125,0.0,0.0,57.71198756513064,126.81493912187896
8930e1cf607ffff,1809629628,78.16788066177483,78.16788066177483,130.1545467989485,189.80600146241832
8930e1cf60bffff,436844274,229.69766729997497,229.69766729997497,233.08982820419095,272.6952068823501
8930e1cf60fffff,4188616736,52.49606662442933,52.49606662442933,91.96649572561086,150.8544168752135
8930e1cf613ffff,1809584186,250.53938657339322,250.53938657339322,257.3258570285179,279.7189242420352
8930e1cf617ffff,8432257668,0.0,0.0,96.76132308090985,223.90008009701603
8930e1cf61bffff,436808701,0.0,0.0,99.05407991074436,165.66670166108892
8930e1cf623ffff,6002368549,460.2027364642546,460.2027364642546,490.3825904204611,516.2005994412093
8930e1cf627ffff,3969115369,297.42082499539674,297.42082499539674,426.31775460567894,570.0740009645837
8930e1cf62bffff,4681288597,300.54777796865216,300.5477779686522,314.68861950896905,346.4972996951847
8930e1cf62fffff,1810757717,463.5797156288535,463.5797156288535,505.8093973487446,524.2074448132577
8930e1cf633ffff,6002342544,724.4514375847996,724.4514375847996,770.1580085788955,807.810786750261
8930e1cf637ffff,12230826542,190.04210503209293,190.04210503209293,313.52498914161845,462.4812831787229
8930e1cf63bffff,2912275842,236.22729731556655,236.22729731556655,254.1969578150013,274.52069038264403
8930e1cf643ffff,1810772929,192.53490400357424,192.53490400357424,265.3541406331975,302.61005217834105
8930e1cf647ffff,436844654,0.0,0.0,37.62333678178952,63.2799382648134
8930e1cf64bffff,1809635695,0.0,0.0,3.9557947978960772,45.97865959736095
8930e1cf64fffff,1809637535,396.96157400637617,396.9615740063761,434.58491078816564,449.7776679630995
8930e1cf653ffff,1809570752,113.80399125000893,113.80399125000893,143.4432422062621,205.54089199313012
8930e1cf65bffff,1809635649,250.94930946826372,250.94930946826372,264.56052565544894,270.5662786545121
8930e1cf663ffff,1810765764,357.9917630539744,357.99176305397447,418.4091860922873,444.1372168721562
8930e1cf66bffff,4190105905,159.58435053764236,159.58435053764236,175.17389268948008,223.9283077009476
8930e1cf66fffff,1810765752,99.75521652952844,99.75521652952844,162.9886666702393,186.66798200892504
8930e1cf673ffff,4188616738,271.9363070533104,271.9363070533103,311.40673615449185,341.16348275065593
8930e1cf67bffff,436830759,189.187684785032,189.187684785032,276.15616392707295,330.22788149561296
8930e1cf68bffff,1809584162,235.00945030711705,235.00945030711705,242.77230672677177,252.42056303027093
8930e1cf693ffff,11177272210,133.15773368497474,133.15773368497474,143.41527375211695,163.25225076854505
8930e1cf69bffff,1809564321,64.79285082484357,64.79285082484357,197.1620820682234,252.77965530913878
8930e1cf6a7ffff,4680441551,513.5427153143323,513.5427153143323,556.1606179179138,669.5026485505559
8930e1cf6bbffff,2477246537,484.45458664041706,484.45458664041706,545.5224971133989,575.6025865013081
8930e1cf6c3ffff,4187713504,71.61398263331093,71.61398263331093,118.14161342961944,140.76017789971266
8930e1cf6c7ffff,1809578809,277.0924624597146,277.0924624597146,332.2182232580883,360.70075958022994
8930e1cf6cbffff,1809573830,108.24975791292036,108.24975791292036,162.7472990090882,181.32833515799618
8930e1cf6cfffff,2912275816,113.36188589183253,113.36188589183253,191.68873509400797,219.90203732678148
8930e1cf6d3ffff,1809564283,260.4181134689285,260.41811346892854,316.38707818753693,337.8066280200362
8930e1cf6dbffff,2911195474,47.7834679499034,47.7834679499034,84.9337136540063,116.22585248154878
8930e1d0a6bffff,7295759847,408.7189615030581,408.71896150305815,423.2807388315131,437.66288705577125
8930e1d100bffff,5308581605,277.04083869518837,277.04083869518837,416.20301054923937,463.558214404381
8930e1d100fffff,5282218623,462.3185004792341,462.31850047923416,492.6179086487068,576.7413589176689
8930e1d1013ffff,5306584805,213.45531845062987,213.45531845062987,228.96090612634086,241.14882120982512
8930e1d1017ffff,11147726538,63.38011527023721,63.38011527023721,164.38124009578053,205.83867544408338
8930e1d101bffff,11147760890,77.78027496505726,77.78027496505726,147.99314795949505,171.7647770551988
8930e1d104bffff,5302768223,186.47847762164702,186.47847762164702,258.31137220741994,321.66633257582066
8930e1d1063ffff,5310204671,567.5171630395889,567.517163039589,620.2799474710904,647.906596135792
8930e1d10c3ffff,5303214195,135.71000853813877,135.71000853813877,217.59946096975173,250.49267832769246
8930e1d10c7ffff,11147754308,163.90754959492938,163.90754959492938,165.40553595246865,167.73977179790612
8930e1d10cbffff,5303214180,77.28263046843443,77.28263046843442,130.24826382302365,190.12190218209517
8930e1d10dbffff,5302784493,224.7518178982623,224.7518178982623,251.25476609239547,263.1761386422973
8930e1d1117ffff,2593848724,593.6183099287914,593.6183099287914,824.4246856784137,1043.7089394146396
8930e1d118fffff,5318470141,185.06905358914918,185.06905358914918,415.8754293387715,635.1596830749976
8930e1d1203ffff,3823588576,0.0,0.0,50.90277237954478,69.28149857876053
8930e1d120bffff,3823587394,194.0215241656589,194.0215241656589,219.9296353339199,230.11813999374286
8930e1d120fffff,3823587818,131.81610847573467,131.81610847573467,147.37412625965453,164.97037504098162
8930e1d1213ffff,3823588861,326.1716123685661,326.1716123685661,348.9817164086766,366.87936375392155
8930e1d1217ffff,10209606908,89.57319454705014,89.57319454705014,107.9046323780125,162.58989928844213
8930e1d121bffff,3823588061,394.93526193177576,394.93526193177576,439.4348273029877,459.9479558383144
8930e1d1233ffff,5310098702,741.0226721890267,741.0226721890268,839.2266067167334,874.4111448279405
8930e1d1243ffff,3819769908,298.21190491973914,298.21190491973914,304.9333438895285,327.7676237156729
8930e1d1247ffff,3819770034,297.2936152357384,297.2936152357384,381.1294925456803,414.486339242341
8930e1d124bffff,8370552999,421.79816805035176,421.79816805035176,437.9397146402511,444.9274275406953
8930e1d124fffff,8370553041,828.2234156922196,828.2234156922196,844.364962282119,851.3526751825633
8930e1d1253ffff,3823586835,104.75129538196137,104.75129538196137,117.114227624008,127.64407661528294
8930e1d1257ffff,3823586999,95.48176631423755,95.48176631423755,143.84570374943902,162.65507242807124
8930e1d1263ffff,8373737832,348.98511265521097,348.98511265521097,358.96817533786964,384.6863624201176
8930e1d126bffff,3824954073,134.92504437757248,134.92504437757248,135.14705317760865,140.44271980572222
8930e1d1277ffff,3824954581,82.70526574147495,82.70526574147495,166.54529420665568,201.48284567870476
8930e1d1283ffff,4714543134,65.93080773014722,65.93080773014722,150.53360773743515,180.7971250335679
8930e1d1287ffff,11150045110,188.90750746969013,188.90750746969013,198.54312417490883,225.60238483047456
8930e1d1293ffff,5302219164,348.4426234042276,348.4426234042277,350.0838010536827,363.59932504243005
8930e1d1297ffff,5306121582,94.7230588432819,94.7230588432819,207.57224045543683,266.1333846680946
8930e1d129bffff,4714543154,0.0,0.0,112.4922782349307,153.50680159160004
8930e1d12abffff,11150161188,237.70987417359194,237.7098741735919,295.95972537076443,327.5973009904635
8930e1d12b3ffff,11150219391,54.41594405618404,54.41594405618404,63.98057711500388,114.41058665292091
8930e1d12b7ffff,5310225385,301.8573085310418,301.85730853104184,303.736999472628,355.47929995575595
8930e1d12c3ffff,3823588205,176.7431672690306,176.74316726903064,223.17072454776445,239.81461384365252
8930e1d12c7ffff,3823588683,445.4840968124341,445.4840968124341,454.82115886444393,483.7627808764377
8930e1d12cbffff,3823587238,167.90951420509307,167.9095142050931,211.6903932919392,232.86222635591903
8930e1d12cfffff,3823587733,473.9251541368404,473.9251541368404,475.2411750292412,479.41494714219925
8930e1d12d3ffff,3823588802,72.78333655774023,72.78333655774023,94.50572997808456,114.6327508703963
8930e1d12dbffff,3823587914,131.73340357428208,131.73340357428208,132.23096883278134,136.79360720506213
8930e1d13b7ffff,10956478476,1685.60995838696,1685.6099583869602,1862.2650845177968,1965.4723932321722
8930e1d1623ffff,8515726102,95.57509132585885,95.57509132585885,132.07398941510056,150.2245365014861
8930e1d162bffff,11147841646,154.54407101373914,154.54407101373914,163.8053141977064,172.12067744651264
8930e1d1633ffff,11147824375,442.97906696845985,442.9790669684598,479.47796505770145,497.628512144087
8930e1d1637ffff,4677666784,368.35176179451463,368.3517617945147,373.7714399663155,431.33843444377226
8930e1d166bffff,3823589049,90.80326862100699,90.80326862100699,104.64640764618733,114.3066009400846
8930e1d166fffff,3823589251,0.0,0.0,37.56955444793586,122.97504991922115
8930e1d1677ffff,11147846738,225.97202830171312,225.97202830171312,244.75730982498334,259.8145874820337
8930e1d16afffff,5329388478,532.6833672540508,532.6833672540508,584.1117427641686,601.9244213181181
8930e1d1923ffff,4161823947,72.89024676198703,72.89024676198703,140.2480779322499,166.93387496290015
8930e1d1927ffff,3844066688,0.0,0.0,24.26907356687653,88.62692750450047
8930e1d192fffff,4139552889,155.22627453622218,155.2262745362222,174.45559977188077,196.51826206245536
8930e1d1937ffff,8488036487,330.44773984635145,330.44773984635145,341.081462560688,349.68331776022177
8930e1d1967ffff,3848228270,191.22519801078363,191.22519801078363,223.66370552102023,239.67396363561798
8930e1d196bffff,3841077597,81.7428691082762,81.7428691082762,161.6921898755943,193.31771786842918
8930e1d196fffff,3840936614,49.89004197341969,49.89004197341969,92.10049755073514,126.95168102730656
8930e1d1b23ffff,6601966507,0.0,0.0,52.54997212868079,76.56679346004263
8930e1d1b27ffff,3840882739,102.03195401903648,102.03195401903648,111.15107589823425,134.16236076678908
8930e1d1b2fffff,3840882292,72.01505525452393,72.01505525452393,88.10185589613566,98.07155158679866
8930e1d1b33ffff,3840882780,179.39726785448997,179.39726785448997,203.15204595572243,227.45265423363745
8930e1d1b37ffff,3840882908,192.77197385658928,192.77197385658928,200.66916649323838,259.5458543617095
8930e1d1b67ffff,3841316352,453.125612640455,453.125612640455,478.6339372271895,527.6426181155426
8930e1d1b8fffff,436808314,475.6722938256986,475.67229382569855,585.590613911853,696.4168393119829
8930e1d1ba3ffff,2776489261,326.27171671917665,326.27171671917665,350.46391507355725,377.73513743051996
8930e1d1ba7ffff,3841077304,232.68341815837226,232.68341815837226,258.0463407352579,299.6024587104035
8930e1d1bb7ffff,2776496947,25.12159901899973,25.12159901899973,50.315172504111054,99.1060377442505
8930e1d5243ffff,4693073944,382.607334458491,382.607334458491,443.2481697592252,480.96889351510936
8930e1d524bffff,4675694302,168.28311657905408,168.28311657905405,175.87711369266714,218.8356695976943
8930e1d5253ffff,7558511444,48.244939431215364,48.244939431215364,78.67638424581455,128.50908133955846
8930e1d5257ffff,6720584177,70.658699957727,70.658699957727,88.44024475206203,106.78659955514036
8930e1d525bffff,7558511462,57.47151317657939,57.47151317657939,118.11234847731362,148.66688017010284
8930e1d528bffff,8502912663,106.2136382700819,106.2136382700819,112.95688335352949,172.08402822479283
8930e1d5293ffff,12185580029,292.34117110681126,292.34117110681126,416.64195064121384,462.45263536014755
8930e1d52c3ffff,6783311191,49.720521204992714,49.72052120499271,54.30361873379019,108.33776370905855
8930e1d52c7ffff,5703761462,290.56358828004556,290.56358828004556,312.7150032866496,329.8258123713791
8930e1d52cbffff,4665275401,376.36735296876424,376.3673529687642,381.7817780581067,390.0892256975017
8930e1d52cfffff,8499072497,121.13565867147167,121.13565867147167,122.42392377196322,141.32543881938287
8930e1d52d7ffff,8502775975,128.9744777519736,128.9744777519736,136.16537694961352,179.40721545049362
8930e1d52dbffff,4665281070,340.0756144828609,340.0756144828609,344.6587120116584,390.0246765433697
8930e1d536bffff,3841812198,631.3715576431598,631.3715576431597,737.9922793349099,798.0057948275556
8930e1d5603ffff,7056490754,233.13581748420881,233.13581748420876,239.51596876327818,249.76705972607465
8930e1d560bffff,3229517966,101.01539615592193,101.01539615592193,111.92771931428089,134.06558230301934
8930e1d560fffff,11823866082,36.03767171295095,36.03767171295095,53.913662831315534,84.54929035925734
8930e1d561bffff,3229521001,465.55475990646585,465.55475990646585,472.9383578730627,482.6744393008343
8930e1d5647ffff,3848360956,239.22036039034563,239.22036039034563,250.13268354870456,290.0546682653732
8930e1d564fffff,3848360909,319.3610488708067,319.3610488708067,351.4575726138704,367.4814398062139
8930e1d5657ffff,11824404937,61.30498012108825,61.30498012108825,83.60746285340593,157.33546891558305
8930e1d5663ffff,4665541864,88.8980342409793,88.8980342409793,161.55016480886982,194.83122333685182
8930e1d566bffff,6651686780,49.07367844881813,49.07367844881813,99.9554130867654,131.4295885860433
8930e1d566fffff,8496984823,234.61555044333306,234.61555044333303,270.78029913805017,306.4801396837561
8930e1d5673ffff,4665541844,415.71265118403556,415.7126511840356,422.61054363545395,428.65108237635036
8930e1d5677ffff,11823866124,0.0,0.0,11.957031171878302,87.3662623344642
8930e1d567bffff,6690220210,89.63700714930653,89.63700714930653,89.8511005822755,98.43480472662121
8930e1d8007ffff,8385741263,255.88394509635646,255.8839450963565,283.22145048832033,309.12300107987227
8930e1d800bffff,11662204264,438.40429153163745,438.4042915316374,458.98332841959757,486.5577066586805
8930e1d800fffff,2451940727,314.48831833646193,314.4883183364619,335.69444233703706,383.16023940695726
8930e1d8013ffff,9283138063,82.37169562332983,82.37169562332984,103.8018476856835,112.764891434252
8930e1d8017ffff,9283138060,135.5647345122685,135.56473451226853,142.2592127880568,151.41854536102494
8930e1d8023ffff,13057734530,620.3316334984582,620.3316334984582,635.084524944692,642.0249169485868
8930e1d802bffff,8385720167,713.1514006698159,713.1514006698161,751.2784912255136,770.4668827088999
8930e1d802fffff,8383197702,588.093212237663,588.093212237663,598.854463295421,619.2040333996976
8930e1d8033ffff,13063110213,169.89481354194265,169.89481354194265,183.7148214896952,191.47735156344814
8930e1d8037ffff,9282595688,253.9671468215797,253.9671468215797,254.30993184288752,258.2201996635758
8930e1d803bffff,4591432395,0.0,0.0,62.16869664828386,101.50825140129393
8930e1d8043ffff,3868066611,84.32966225257027,84.32966225257027,98.17941087827438,103.31162199683172
8930e1d8047ffff,4101393777,0.0,0.0,65.7976486873605,91.43843605851993
8930e1d804bffff,3868066361,259.1047679355027,259.1047679355027,261.2331821777516,268.8981482627428
8930e1d804fffff,3867929855,121.5851794194885,121.5851794194885,143.6828336479326,196.899608197116
8930e1d8057ffff,4101393784,71.27442575197088,71.27442575197088,88.03527834174915,127.7704662563516
8930e1d805bffff,3868066516,187.77067297001946,187.77067297001946,193.58632410861577,202.56576501490744
8930e1d8063ffff,3869600518,150.7096399577128,150.7096399577128,184.85008544484361,201.31655478492584
8930e1d8067ffff,3351589224,36.59099093726022,36.59099093726022,44.04902981043651,88.08594057048703
8930e1d806bffff,4613041873,183.96383081824285,183.96383081824285,190.17509342673867,241.92040268274764
8930e1d806fffff,8385682426,198.4796222804437,198.4796222804437,209.99551073875443,268.4916676137834
8930e1d8073ffff,2451940692,94.70552106944825,94.70552106944825,142.35200939418672,167.0090553306825
8930e1d8077ffff,2329648852,299.2894702292215,299.2894702292215,337.41656078491906,356.60495226830534
8930e1d807bffff,3867929903,115.43458767426048,115.43458767426048,146.1264047945992,181.8549773092293
8930e1d8083ffff,10977420169,98.53631289742232,98.53631289742232,123.85435341951478,134.90420778887687
8930e1d8087ffff,12557505833,97.72919137661302,97.72919137661302,132.24089892871882,167.83083626208102
8930e1d808bffff,3309835009,164.38544476221819,164.38544476221819,177.45341189453342,205.51669924123
8930e1d808fffff,13229985112,223.84879389510834,223.84879389510834,296.67802255023184,327.88227191631177
8930e1d8093ffff,13202367591,251.08384674509924,251.08384674509924,297.18582798510477,313.5431885446383
8930e1d809bffff,13227249470,265.85942793758977,265.8594279375898,281.19520290543744,292.8051790497378
8930e1d80a3ffff,5728608374,536.6583692095508,536.6583692095508,537.6310975215581,541.0166582936531
8930e1d80a7ffff,5231979558,516.7382201238752,516.7382201238752,562.3907681327839,589.1115427607415
8930e1d80abffff,4591746103,168.8867941676562,168.8867941676562,212.4490496905759,237.82515688660465
8930e1d80afffff,8385791708,464.27881722999814,464.27881722999825,497.70279780997924,509.4926102113111
8930e1d80b3ffff,13505859067,187.77818964261178,187.77818964261178,224.90777541048925,245.8395434442289
8930e1d80bbffff,10951313725,62.813055975590274,62.813055975590274,81.08761764072622,100.61734531759072
8930e1d80c3ffff,9572451663,136.91022216618939,136.91022216618939,139.55979834844948,179.5888546397124
8930e1d80c7ffff,9283138089,11.708595718055946,11.708595718055946,51.08756578270951,64.91380101769033
8930e1d80cbffff,6048920041,0.0,0.0,50.078413694286496,69.13552786573837
8930e1d80cfffff,3648592233,397.4021258680474,397.4021258680474,397.83314745858274,408.9501172982202
8930e1d80d3ffff,13734474689,200.4331315012306,200.4331315012306,222.14014124027509,249.10767374558532
8930e1d80d7ffff,9283051983,0.0,0.0,45.868094325866075,61.21788732210882
8930e1d8103ffff,2451940896,423.5112395447635,423.51123954476344,463.0723044713659,477.64211064886223
8930e1d8107ffff,4592858361,145.23190870740305,145.23190870740302,157.00392929744876,184.34923181543286
8930e1d810bffff,4591832849,228.83350773757346,228.83350773757346,244.82184652051257,265.62983687003134
8930e1d810fffff,5863307810,0.0,0.0,42.993552004941044,59.81050112910867
8930e1d8113ffff,2330771540,254.61051843895186,254.61051843895183,277.50008353077607,286.0753267677751
8930e1d8117ffff,4591904314,271.95335570828445,271.9533557082844,296.74248357530394,310.0719090784957
8930e1d811bffff,4663449521,154.12511127098483,154.12511127098483,176.52174748114584,200.09537145536493
8930e1d8123ffff,4593717739,161.0229337446329,161.0229337446329,178.07304784298617,220.37342501577973
8930e1d8127ffff,7229013553,276.2695595469074,276.2695595469074,333.0363213890132,361.02256545556594
8930e1d812fffff,11252413181,152.64557323033327,152.64557323033327,185.12399038178387,222.2459343720592
8930e1d8137ffff,1906492573,60.369333333856936,60.369333333856936,95.81715183535009,130.83423016376216
8930e1d813bffff,4593717745,190.0805265826864,190.0805265826864,226.3934925898509,247.69115598008156
8930e1d8147ffff,8383108604,417.0763698959877,417.0763698959876,448.8760914192378,474.94763150190687
8930e1d814bffff,13061368650,185.38742694680002,185.38742694680005,222.96156011273973,246.60019008498784
8930e1d814fffff,8383078989,287.5546317568246,287.5546317568246,318.95205895334743,336.838546053217
8930e1d8153ffff,4591461863,192.70617697015823,192.70617697015823,201.10047913755574,213.9022250225407
8930e1d8157ffff,4591844486,0.0,0.0,38.777875656699756,77.82637360268849
8930e1d815bffff,8383160062,420.9533197743892,420.9533197743892,458.5274529403289,475.1981140459172
8930e1d8167ffff,8382909981,347.3460107883849,347.34601078838483,443.83931440422884,481.13588863440737
8930e1d816bffff,3807475595,291.86041919725733,291.8604191972573,299.73967455741126,327.02697527616476
8930e1d816fffff,3807475640,290.78842245893446,290.7884224589344,306.3418017501489,315.2703739551207
8930e1d8173ffff,13153159119,180.04787737668792,180.04787737668795,231.5510193567637,259.5637421229524
8930e1d8177ffff,8382882269,360.3597761804049,360.35977618040494,374.2573679763715,387.4415549102724
8930e1d817bffff,4593779270,289.8527359006202,289.85273590062013,305.14156201928427,323.2410575461317
8930e1d8187ffff,8382815212,391.3554790771039,391.35547907710395,414.79176892282726,438.3149900823327
8930e1d818bffff,4056367781,229.07812800737815,229.07812800737813,240.99012439549278,268.05176285737525
8930e1d819bffff,4056368602,333.94354319443215,333.94354319443215,441.22816590593334,510.99336789726266
8930e1d81a3ffff,4635671863,8.670467336295857,8.670467336295857,55.44306339048609,77.87019158546137
8930e1d81a7ffff,8382521075,88.07865917850602,88.078659178506,140.09239003458435,197.82695027371935
8930e1d81abffff,8382762364,212.9662911737487,212.9662911737487,222.89745979487193,244.0227880530443
8930e1d81afffff,3967108625,11.411380281655484,11.411380281655484,31.456063455100114,44.02981970778268
8930e1d81b3ffff,4591888037,43.881056529478464,43.881056529478464,46.39648473524812,73.60999978192372
8930e1d81b7ffff,8382495960,145.54772133750737,145.54772133750734,160.92438550696852,172.0806017151256
8930e1d81bbffff,4635672138,257.2314860211802,257.2314860211802,257.57363802456666,278.0648337818099
8930e1d81cbffff,3648333528,256.2815450394422,256.2815450394422,259.5775882368141,262.27491331794243
8930e1d81d7ffff,13055795179,222.95509218047485,222.95509218047485,268.86430906302735,287.56489785633875
8930e1d81dbffff,8385791687,194.85429950353117,194.85429950353114,265.98843644186235,327.7610931730164
8930e1d8207ffff,4493459424,968.3177323996832,968.3177323996833,995.2216917369708,1006.6312760423876
8930e1d8223ffff,4500195101,246.0238691432386,246.0238691432386,294.0326362485965,318.6894609453734
8930e1d8227ffff,8386067201,212.4469550487829,212.4469550487829,287.25080152945515,318.6293807459539
8930e1d822fffff,436866329,37.579940587420154,37.579940587420154,39.047329831977684,60.304427158691055
8930e1d8233ffff,3331258295,223.190566079325,223.19056607932504,314.80499138894254,367.37181244706227
8930e1d8237ffff,8386067112,155.950269410798,155.950269410798,191.92370283191735,226.35617822816644
8930e1d8287ffff,436760124,400.8438463611054,400.8438463611054,408.84577921635514,442.4286007542575
8930e1d8293ffff,3868066159,507.49052736929355,507.4905273692937,517.9245020012397,525.3645017430814
8930e1d8297ffff,8526668301,320.49347449107944,320.49347449107955,336.87046141981523,362.12771996246835
8930e1d82a3ffff,3867926937,205.5150169107494,205.5150169107494,211.5870593624816,224.94119008769425
8930e1d82a7ffff,2451940615,0.0,0.0,20.868550864588833,71.50657824961631
8930e1d82afffff,3867926913,64.63552934243658,64.63552934243658,85.52368862182774,109.28288979726285
8930e1d82b3ffff,3867929677,120.19022892718189,120.19022892718189,150.41471723663085,178.33929189583907
8930e1d82b7ffff,8386126462,422.8512658463562,422.85126584635617,447.2382213556166,457.01100366889176
8930e1d82bbffff,3867926918,304.4447715738862,304.4447715738862,305.7908952693343,369.6027299436981
8930e1d8303ffff,4593851427,239.59995817067914,239.59995817067917,286.8361095065914,302.9127136413085
8930e1d8307ffff,4593851423,101.44862907481792,101.44862907481792,153.96687885887403,192.218210337175
8930e1d830bffff,4593661308,76.80767092920377,76.80767092920377,95.23726708582703,115.22814386531519
8930e1d830fffff,10720528661,81.7166425795512,81.7166425795512,86.87688559527678,100.27270906374743
8930e1d8313ffff,8385838239,334.09241188810705,334.092411888107,343.4250739210484,369.7269443898108
8930e1d8323ffff,5534411192,544.7582563085662,544.7582563085662,550.6967908404422,557.2626768664658
8930e1d8327ffff,4594928850,241.55302954897712,241.5530295489771,252.1352021518482,262.0005390012179
8930e1d832bffff,4594835577,231.6736851876416,231.67368518764164,256.8558787934984,291.8012520534205
8930e1d832fffff,4593927110,46.94177080001614,46.94177080001614,113.91016740790174,149.81112129700512
8930e1d8333ffff,4593927066,346.0290774553227,346.02907745532275,357.86623884039136,387.2393216448201
8930e1d8337ffff,3807474792,0.0,0.0,32.656972276614795,121.32416926357227
8930e1d833bffff,4594855187,228.61045886934076,228.61045886934076,259.72833119476417,291.38596070825633
8930e1d8343ffff,461779331,121.68964036721536,121.68964036721536,182.43796076101063,232.85736171683936
8930e1d834bffff,4491750566,66.84947074184592,66.84947074184592,91.66313185933592,110.40782744916821
8930e1d834fffff,11795303828,107.68612256734644,107.68612256734643,108.93610153172139,149.98547067504316
8930e1d8353ffff,4057789257,253.3676000803277,253.36760008032772,277.0282841238548,299.39264218133957
8930e1d8357ffff,8386066937,549.8645532435078,549.8645532435078,552.1278302113069,556.6624018803846
8930e1d835bffff,4057788539,229.82768103813686,229.82768103813686,267.1318070645226,281.163626645699
8930e1d8363ffff,461777494,112.61212365095753,112.61212365095753,158.50147282608356,198.548312867137
8930e1d8367ffff,4593627867,65.58526837803119,65.58526837803119,154.66934745910945,191.88541449619834
8930e1d836bffff,6339730934,578.9482486409157,578.9482486409157,642.157606650419,672.1903812424295
8930e1d836fffff,436864926,0.0,0.0,108.56664669716284,198.0901774319116
8930e1d8373ffff,7719587677,114.40150109647847,114.40150109647848,145.19146762911484,159.45376956647422
8930e1d837bffff,461779392,0.0,0.0,101.15178342329028,138.5513860780515
8930e1d8383ffff,4661321216,119.76482563368565,119.76482563368565,137.8600769813691,158.17425785940685
8930e1d838fffff,12941988865,42.33280372402909,42.33280372402909,83.9090389320836,170.2017367930143
8930e1d8393ffff,8385650716,147.51108710363164,147.51108710363164,246.029388734561,296.74836936068226
8930e1d8397ffff,4663315063,97.49249638682835,97.49249638682835,133.5781189027005,148.33497647596369
8930e1d839bffff,8385671557,353.16924511255127,353.16924511255127,365.95582968177905,388.03956615263536
8930e1d83a3ffff,3807475049,248.11610972716068,248.11610972716065,296.54011368397886,312.89445211075076
8930e1d83a7ffff,2930467422,122.23847183166427,122.23847183166428,183.35142965098063,256.42209835162765
8930e1d83afffff,6751983513,186.26792209747248,186.26792209747248,230.77194482015528,268.11827861798224
8930e1d83b7ffff,13648893021,42.69310730559832,42.69310730559832,78.84589110995516,101.93939331308657
8930e1d83bbffff,2322074420,30.18425606922047,30.18425606922047,109.66459820510833,146.47165492580794
8930e1d83c3ffff,3074982869,142.3377123540038,142.3377123540038,151.29498075145796,165.55822937978732
8930e1d83c7ffff,10705958858,122.49892341824965,122.49892341824965,166.70159749188076,182.18952741311946
8930e1d83cbffff,3074982852,396.9677035377143,396.9677035377142,402.1828377505582,410.2839896740831
8930e1d83cfffff,8386066993,172.40286449984978,172.40286449984978,206.59994706769172,224.2329565166809
8930e1d83d3ffff,2451940629,88.58163064137509,88.58163064137509,115.66160350543986,125.21224736403462
8930e1d83d7ffff,4104247893,67.81395787399283,67.81395787399283,76.18306981121088,87.76743666659497
8930e1d83dbffff,4677757271,27.9980176132111,27.9980176132111,34.50638277866573,62.16351885906412
8930e1d8403ffff,3825309555,209.92000387216305,209.92000387216302,215.96973786588296,235.71013080477223
8930e1d8407ffff,3825309649,302.7525784716266,302.7525784716266,313.18054722424074,352.1460671202126
8930e1d840bffff,5076887888,116.6799450435853,116.67994504358529,127.39584868300088,137.3138082198695
8930e1d840fffff,5836354590,174.8418321544443,174.84183215444432,197.0648947777055,229.83130653842545
8930e1d8413ffff,3825309828,443.3090369691846,443.30903696918466,456.77576153461655,466.3865479123881
8930e1d841bffff,3825309299,194.8563768815744,194.8563768815744,225.8855080824863,255.08243043275957
8930e1d8423ffff,4425986911,78.66750007582446,78.66750007582446,120.21131587652846,135.7084254159215
8930e1d8427ffff,12536662452,373.7181879879419,373.71818798794186,396.43981861293344,424.4896177609762
8930e1d842bffff,3825309200,266.77660642739795,266.77660642739795,296.62452016630414,307.74145715620574
8930e1d842fffff,13741803419,652.1602016672749,652.1602016672748,682.0081154061811,693.1250523960827
8930e1d8433ffff,3379179293,63.240157372964944,63.240157372964944,82.74003105381595,114.5177873851746
8930e1d8437ffff,3825310269,118.30645432546088,118.30645432546088,124.38590834862183,150.93542186646445
8930e1d843bffff,2147528498,146.0872167325814,146.0872167325814,172.7879410179437,226.4262196583302
8930e1d8443ffff,3702191708,317.56507488265004,317.56507488265,321.168560911196,332.42975254502056
8930e1d8447ffff,1949139253,44.817188155122146,44.817188155122146,143.62040456153235,215.89331809668124
8930e1d844bffff,2374823810,0.0,0.0,72.37416180196104,98.73513988487737
8930e1d844fffff,3033929895,0.0,0.0,32.8322986223715,52.21811445249702
8930e1d8453ffff,3664000368,61.802361308476804,61.802361308476804,65.5406537422207,109.32990436949592
8930e1d8457ffff,3664000347,138.411686989962,138.411686989962,153.94007693730708,162.85559938133474
8930e1d845bffff,1931790389,16.360788183189058,16.360788183189058,36.65983341931533,64.94094647299006
8930e1d8463ffff,2473255305,257.4074932327875,257.40749323278743,292.25812349007936,306.9217724653218
8930e1d8467ffff,13734764074,253.87367474690916,253.87367474690916,302.9469549979936,331.4210749762587
8930e1d846bffff,5761677964,194.50250915023034,194.5025091502303,196.86988869222674,245.27023562341898
8930e1d846fffff,3743712569,258.5453531669113,258.54535316691124,273.71484487814683,326.1243797779917
8930e1d8473ffff,3742385762,265.05043187320445,265.0504318732045,281.6230785295621,295.86169704081686
8930e1d847bffff,4505415665,110.36681799157734,110.36681799157734,155.85286144258106,197.41291722638766
8930e1d8487ffff,8476443643,151.23111624844472,151.23111624844472,177.86723572067342,190.965227445622
8930e1d8493ffff,8474214596,0.0,0.0,60.583008542650454,81.92559727394651
8930e1d8497ffff,8173076013,138.39213222761907,138.39213222761907,142.65052389662316,153.4464574108888
8930e1d849bffff,4581738293,296.340893874947,296.3408938749471,315.6826452127662,341.51418643682047
8930e1d84abffff,3825310334,143.895118954527,143.89511895452702,200.43061634505568,250.69370613883825
8930e1d84afffff,3785058099,65.16881530923696,65.16881530923696,134.5930940660295,194.52787733199477
8930e1d84c3ffff,6453515935,307.85513782973334,307.85513782973334,340.18998602854975,368.5115353103474
8930e1d84cbffff,3855509882,202.5547310429386,202.5547310429386,224.19593190438337,249.07948338670766
8930e1d84cfffff,5059660330,309.55433507000174,309.55433507000174,314.5790776535369,316.3258973868731
8930e1d84d3ffff,3855510505,112.58774438689593,112.58774438689593,193.78926844573846,229.32437406536226
8930e1d84d7ffff,11941978996,86.38956338253215,86.38956338253215,108.43298811746907,117.04925610885073
8930e1d84dbffff,3855509920,120.4638925226094,120.4638925226094,132.6068403440667,148.01838743741203
8930e1d851bffff,13318698384,1052.4467958831922,1052.446795883192,1053.2713739470705,1055.4166725923994
8930e1d8537ffff,4591956007,806.2369084558128,806.2369084558128,822.3492037639098,860.7695361689566
8930e1d854bffff,13741854152,625.3810483557494,625.3810483557494,662.5106341236269,683.4424021573665
8930e1d8567ffff,3785058069,672.5687924419177,672.5687924419176,682.7101029608473,688.132233205546
8930e1d8573ffff,7225316096,185.28044704031933,185.28044704031933,224.64059920213646,297.00704820843447
8930e1d8593ffff,10784761005,34.67555630687289,34.67555630687289,51.97182083099962,86.03902385725367
8930e1d8597ffff,3825027035,152.22793943063095,152.22793943063095,162.61993201664953,229.3842412351421
8930e1d859bffff,3825312161,78.94261515375126,78.94261515375126,111.81713585332024,204.34118087458228
8930e1d85b3ffff,1837583961,209.52325225972373,209.52325225972373,252.69934537840783,324.75746385473514
8930e1d85b7ffff,1833781054,534.6030649589381,534.603064958938,540.0054875603907,555.2976508543984
8930e1d85c3ffff,3825310970,156.576704318509,156.576704318509,160.26505425509436,226.09063232095673
8930e1d85c7ffff,3825311264,453.1497420200865,453.1497420200865,456.77997902001914,460.66986751934627
8930e1d85cbffff,2532346004,277.05949658853706,277.0594965885371,308.671702563164,321.9101410881728
8930e1d85d7ffff,3825311758,116.11406253200279,116.11406253200279,244.49103375885298,297.34335195352236
8930e1d85dbffff,3825310794,390.4886069387003,390.4886069387003,422.27470746729034,438.0981288503967
8930e1d8603ffff,3490390402,82.7705637771696,82.7705637771696,169.51221261814942,201.8749967235633
8930e1d8607ffff,1830499930,12.398785992143228,12.398785992143228,46.12538382289905,62.18039990883319
8930e1d860bffff,436760136,252.38790908558414,252.38790908558414,282.552570748556,302.177154925804
8930e1d8613ffff,1830504800,44.206061295578195,44.206061295578195,121.24454339608153,153.34615891267757
8930e1d8617ffff,1831696287,67.34275777760732,67.34275777760732,74.52878835359581,122.45720264553835
8930e1d861bffff,2329649000,161.39640217876274,161.39640217876277,184.66969293489416,204.5676084927346
8930e1d8623ffff,3869600378,125.35368429339076,125.35368429339076,153.86787126158845,178.27193182406518
8930e1d8627ffff,5238051865,64.8396063415438,64.8396063415438,70.18885282944478,88.55222750010195
8930e1d862bffff,4683091429,363.5741549688111,363.5741549688112,366.37552051075886,368.36286999940495
8930e1d862fffff,2739029763,0.0,0.0,4.381707003943007,98.35379181673211
8930e1d8637ffff,4590220021,157.70948504077904,157.70948504077904,181.94004618132902,195.15033979783507
8930e1d863bffff,3869600328,0.0,0.0,78.74114985547394,158.07586210195325
8930e1d8683ffff,3436119874,64.70632840028237,64.70632840028237,89.14066825687141,120.65647854154754
8930e1d8687ffff,3034197246,101.38243193505184,101.38243193505184,105.49335793816691,144.41950625584857
8930e1d868bffff,3066778621,251.3741482301364,251.3741482301364,280.99375367005536,298.2238538192624
8930e1d868fffff,3038710046,69.43361609505484,69.43361609505484,76.56075491448601,101.60353935602456
8930e1d8693ffff,1969395208,110.23314837162802,110.23314837162802,125.8837241869038,154.74708232711583
8930e1d8697ffff,3048481887,164.64759122208423,164.6475912220842,179.95251193357976,191.0885484995828
8930e1d869bffff,1969395225,125.53185420013654,125.53185420013655,190.31270159445097,236.67723816977855
8930e1d86a3ffff,3040583091,172.86902660271357,172.8690266027136,201.39436466943522,212.21009899397748
8930e1d86a7ffff,3743674773,166.34453413109304,166.34453413109304,186.86879008057113,199.75923402304048
8930e1d86abffff,11700877796,426.3878256223941,426.3878256223941,436.2115775011116,441.6185994794284
8930e1d86b3ffff,1830388300,138.11501863664498,138.11501863664498,159.4905105805608,186.2302645829964
8930e1d86b7ffff,3743674733,340.4409039009943,340.4409039009943,345.6549092159678,355.4342363010779
8930e1d86bbffff,1830461058,71.66837723324015,71.66837723324015,80.58164611971469,116.79682885445233
8930e1d86c3ffff,3114583229,47.84404264874094,47.84404264874094,50.281483440737006,86.83974841891245
8930e1d86c7ffff,2329649025,138.30264406592886,138.30264406592886,149.16147654434096,180.18847161924145
8930e1d86d3ffff,3085426233,171.436245643977,171.436245643977,216.37467970317505,263.96904894852605
8930e1d86d7ffff,2374777040,0.0,0.0,29.15492349932689,68.8569677382239
8930e1d86dbffff,13695195766,1011.5754633581497,1011.5754633581496,1068.082630403292,1124.2890979938468
8930e1d8803ffff,7247331766,824.2474323440474,824.2474323440476,826.4769481853712,827.8762000931223
8930e1d8807ffff,2771832269,732.661317113723,732.6613171137232,745.3318323343617,752.4552986390004
8930e1d8817ffff,7209657834,481.66865456887854,481.6686545688786,483.1953943722742,490.2858078759759
8930e1d881bffff,2784755255,362.7708398323409,362.770839832341,595.2038841300632,710.9764218791523
8930e1d8827ffff,436838370,145.9967867886821,145.9967867886821,166.714798941488,181.43057771968688
8930e1d8833ffff,2771864176,492.845262262687,492.8452622626871,546.9296021419938,574.3669712613564
8930e1d8837ffff,4202840395,217.14196914398934,217.14196914398934,233.42867866319608,242.59105868432775
8930e1d8863ffff,5767419082,323.79798922356605,323.79798922356605,341.1111149652581,438.61795833342563
8930e1d8877ffff,2517100290,358.5457603698776,358.54576036987766,392.49820558768124,453.89468640125665
8930e1d8883ffff,12814387840,319.52921849794103,319.5292184979411,332.4331831377315,362.10202648343176
8930e1d8887ffff,3846577560,209.80564135975672,209.8056413597567,307.1314780175846,339.86393839879094
8930e1d888bffff,7318152051,174.67168212345322,174.67168212345322,260.24898414066803,290.59972552296205
8930e1d888fffff,10294539237,0.0,0.0,5.260734198060029,62.38366485340566
8930e1d8893ffff,8486479826,168.67144361347488,168.6714436134749,175.45648046902508,191.50525021112495
8930e1d8897ffff,1813641425,56.474288243842686,56.474288243842686,95.30579991873829,139.26364972057155
8930e1d889bffff,7311080431,282.81140138559726,282.81140138559726,317.16292628014844,332.6923312209362
8930e1d88a3ffff,9533706336,247.24892200157257,247.24892200157257,347.2975485301637,385.0035153901402
8930e1d88a7ffff,414685829,192.69780183273355,192.69780183273352,239.09703176033054,254.7344197708878
8930e1d88abffff,2771834436,225.71936605294226,225.71936605294223,242.73982312021954,322.80055703964126
8930e1d88afffff,8487751470,232.62230198237933,232.62230198237933,241.83740289481773,253.85874964917457
8930e1d88b3ffff,7179539900,156.52008598932616,156.52008598932616,267.7054670444945,307.5728340753036
8930e1d88b7ffff,1326151650,307.89420170190925,307.8942017019093,312.10256172053874,313.8240729251587
8930e1d88bbffff,3846576232,113.83884103679841,113.83884103679841,233.2819554061116,276.63699179843485
8930e1d88d3ffff,4595627560,345.10963887556676,345.1096388755667,369.91177415236683,386.17763267597246
8930e1d88d7ffff,4203029525,174.1901383149841,174.1901383149841,293.6764271320767,362.262339200211
8930e1d88dbffff,2515582266,419.3770402371521,419.37704023715213,562.8584820416746,616.6173817706167
8930e1d8903ffff,3849700345,120.98600601716342,120.98600601716342,157.9068869669553,173.6081385546811
8930e1d8907ffff,8343570279,48.77589761115942,48.77589761115942,49.98187222920316,90.45213330906881
8930e1d890bffff,3849699906,51.86970826289923,51.86970826289923,123.49510591502533,166.45858722672995
8930e1d890fffff,3849699953,305.9984677951568,305.9984677951567,351.71192542835894,370.48040647202055
8930e1d8913ffff,8496739148,182.6518931184974,182.6518931184974,262.5150179303296,294.91720383714096
8930e1d8917ffff,8453937675,133.31713643938005,133.31713643938002,143.58463163616338,156.70055081818626
8930e1d891bffff,3849700297,244.38645855919637,244.3864585591964,283.20971009914376,308.6656044498518
8930e1d8923ffff,8568155165,113.1126180753357,113.1126180753357,113.50009817200004,114.55096814260808
8930e1d8927ffff,8449830026,221.16850079831477,221.1685007983148,222.80741935238365,246.52712295752474
8930e1d892bffff,4200687967,519.1064845877104,519.1064845877103,521.0425449055319,526.077342112313
8930e1d892fffff,4659819221,373.17171173816473,373.17171173816473,376.529106665731,398.24340841103685
8930e1d8933ffff,3849741682,208.93279590477331,208.9327959047733,220.7411038488873,244.1278671143573
8930e1d8937ffff,436830067,141.8517034579709,141.85170345797087,185.42415893791934,204.46937633596224
8930e1d893bffff,3849700342,184.38351741967443,184.3835174196744,202.45867492693588,209.89323500677767
8930e1d8943ffff,3846533050,168.10003384362116,168.10003384362116,214.5942347405442,264.8553072068133
8930e1d8947ffff,3849146389,194.29019385432454,194.29019385432454,222.38483647595552,264.5846892241263
8930e1d894bffff,3785139735,181.7632124748807,181.7632124748807,221.2962157011429,250.2835863332531
8930e1d894fffff,3849144178,558.9750610867807,558.9750610867807,561.4579493735,594.7268761721925
8930e1d8953ffff,10316187739,211.41680769006763,211.41680769006763,247.3398366776783,337.41126582300774
8930e1d8957ffff,8496719939,129.65774875346142,129.65774875346142,165.6149961800416,196.33050706998895
8930e1d895bffff,3846533028,151.2910895738811,151.2910895738811,190.73693055960362,204.87580261768207
8930e1d8967ffff,8598757087,190.38459706967453,190.3845970696745,233.31768625384294,256.3795183700435
8930e1d896bffff,3849035399,0.0,0.0,39.72012667391284,62.353865504917074
8930e1d896fffff,8598785512,306.232308637611,306.2323086376111,338.71756416532037,352.58348017263853
8930e1d8973ffff,8481463879,448.8422963680219,448.84229636802183,476.9369389896528,519.1367917378235
8930e1d8977ffff,8213512483,419.9502076576725,419.9502076576726,434.66846358894827,460.8677567986065
8930e1d897bffff,8481463863,189.35364265438287,189.3536426543829,231.14269717505863,295.36189567948765
8930e1d8983ffff,2376668308,200.52075952540463,200.52075952540463,228.58588549908853,239.80967407300022
8930e1d8987ffff,13227969650,96.731801498342,96.731801498342,136.50418877320539,189.70329879636483
8930e1d898fffff,3849757302,118.52011924883656,118.52011924883656,180.53499517937033,217.80433764438772
8930e1d8997ffff,2376659726,266.1639533468168,266.1639533468168,311.13900361038174,351.6775817668567
8930e1d899bffff,13100700651,0.0,0.0,227.82044954210022,337.77013546008425
8930e1d89a3ffff,2376668131,35.941023180375154,35.941023180375154,67.80492241007084,133.34652534780545
8930e1d89a7ffff,3830591826,43.45987850606123,43.45987850606123,89.68552187211489,166.29628477260908
8930e1d89abffff,4200656360,249.17550487441696,249.17550487441696,263.71563604905964,284.276795619627
8930e1d89afffff,4200592373,282.94356671907644,282.9435667190765,287.6219571679389,308.7223083182637
8930e1d89b3ffff,13199967247,116.4177111565574,116.4177111565574,147.32664634102093,159.2022063394743
8930e1d89b7ffff,13199967218,27.582632748168063,27.582632748168063,76.47238509665294,104.4289014716863
8930e1d89bbffff,2376668232,160.19739105770805,160.19739105770805,194.76840419470082,208.01739229149976
8930e1d89c3ffff,8487611821,104.54843547604045,104.54843547604045,155.40242505126463,178.8029878271606
8930e1d89c7ffff,1936511519,109.0193494625551,109.01934946255508,134.2623330753102,183.02855358053262
8930e1d89cbffff,3846533645,275.3139459109563,275.3139459109563,283.7374836561004,345.93978123282335
8930e1d89cfffff,3846533973,313.4865492109018,313.4865492109018,363.0462384628981,398.2059756982494
8930e1d89d3ffff,4202697485,225.72529694825218,225.72529694825218,294.29508192650127,349.28180200342905
8930e1d89d7ffff,7195666601,144.97268743120077,144.97268743120077,181.81941769147943,203.42459240876656
8930e1d89dbffff,3846495825,77.95972161388829,77.95972161388829,91.38419128920435,189.875613461003
8930e1d8a03ffff,385646921,412.0242854163805,412.0242854163805,485.11902894166775,510.5450001007841
8930e1d8a0bffff,2470887090,0.0,0.0,51.94247486134547,76.23309127479534
8930e1d8a13ffff,3565292708,141.3454172149004,141.3454172149004,158.58317009568452,212.87782891593602
8930e1d8a17ffff,3565292744,125.7379515707307,125.7379515707307,134.00676782883238,194.70340275361698
8930e1d8a1bffff,2470867144,493.54370200246575,493.54370200246586,512.1712670479857,526.8912630530197
8930e1d8a23ffff,2733180363,352.7092676539897,352.7092676539896,357.1033719603877,358.7938080023885
8930e1d8a2bffff,4596966916,326.1465886029957,326.1465886029957,471.09179570065817,537.0641028350593
8930e1d8a37ffff,3849095116,113.03691596958254,113.03691596958254,188.02469999175761,243.41317274451566
8930e1d8a3bffff,4275436302,12.123301368513697,12.123301368513697,13.536798052850166,111.12833222994097
8930e1d8a47ffff,3105170729,153.58186956165747,153.58186956165747,210.26257050686544,236.62980261262223
8930e1d8a4bffff,6351904679,290.520923610227,290.52092361022693,294.8441846439556,298.5739271094921
8930e1d8a4fffff,4663279676,304.4919273613735,304.4919273613735,334.56034330085595,369.2690952150433
8930e1d8a57ffff,4596772928,229.78950106240364,229.78950106240364,252.3079302736548,261.11547357351736
8930e1d8a67ffff,1378754492,475.804578646375,475.804578646375,511.1669363048783,571.6414270707747
8930e1d8a6bffff,4596744502,0.0,0.0,14.819793353155516,143.18990233877926
8930e1d8a73ffff,1378745263,226.9988730520722,226.9988730520722,258.269581998955,275.8519080596759
8930e1d8a77ffff,436834186,253.21022530926015,253.21022530926012,299.55378511250717,337.8874758871966
8930e1d8a7bffff,4596699726,0.0,0.0,81.45814384764755,119.1861809973168
8930e1d8a83ffff,436853195,313.1637644159244,313.1637644159244,447.6135271247591,497.45700869022374
8930e1d8a8bffff,2374721123,182.7854424301186,182.78544243011862,242.02244873837748,263.3501132265528
8930e1d8a8fffff,3565304112,120.99240760291367,120.99240760291367,145.94929227892695,206.73875613953123
8930e1d8a93ffff,385647089,151.79577342426592,151.79577342426592,210.8057669611645,234.65212728107812
8930e1d8a9bffff,4597359033,0.0,0.0,39.010843048173406,72.98812070762172
8930e1d8aa7ffff,4203022841,384.87021031870546,384.87021031870546,529.12442445746,621.8557069361468
8930e1d8ac3ffff,3372671394,69.51215152701334,69.51215152701334,118.6162991248237,151.53665119463412
8930e1d8ac7ffff,385646879,253.0601825015859,253.0601825015859,261.6535099400808,266.09994813833487
8930e1d8acfffff,3565331519,337.04933182361594,337.049331823616,342.29860977900495,355.5131515256167
8930e1d8ad7ffff,11492251129,0.0,0.0,114.50074588305691,154.46279806391863
8930e1d8b03ffff,8213963863,153.35176520044737,153.35176520044737,228.47744779991137,254.08216084599516
8930e1d8b0bffff,8488713578,201.63653607099525,201.63653607099525,211.15637392816438,222.99577505813286
8930e1d8b0fffff,3807095900,176.1343723272309,176.1343723272309,212.48438926659745,238.15643846741014
8930e1d8b13ffff,3807096191,641.8851344028305,641.8851344028305,681.2817004661417,761.3299306260651
8930e1d8b17ffff,8064784065,400.5726051121702,400.57260511217027,411.87264277204946,422.2394471819495
8930e1d8b1bffff,8213959278,150.8382392009202,150.8382392009202,214.23318097694002,328.018862262234
8930e1d8b23ffff,8168240302,348.037961087173,348.037961087173,396.9698271285526,417.1359838812573
8930e1d8b27ffff,4200477335,0.0,0.0,85.49215372555476,118.9313538157766
8930e1d8b2bffff,436838740,286.6103386565861,286.6103386565861,324.1155332528216,343.5232650294726
8930e1d8b2fffff,732065785,2002.1351807003402,2002.1351807003402,2049.818059886158,2095.858602319167
8930e1d8b33ffff,3807096283,58.04357065580327,58.04357065580327,91.39982239187906,137.1791796784253
8930e1d8b37ffff,436836899,0.0,0.0,26.389475453600404,35.50004508402594
8930e1d8b3bffff,11569508822,534.9936284876591,534.9936284876591,605.1960924295789,641.0973666126058
8930e1d8b4bffff,3852166408,443.60147585543984,443.60147585543984,475.2003382828913,499.43272474309885
8930e1d8b4fffff,3851682317,1030.5601319898387,1030.560131989839,1069.1385281400862,1082.708197608114
8930e1d8b57ffff,436836861,0.0,0.0,37.220956072869726,57.476990640740844
8930e1d8b73ffff,8173927772,287.22099944758855,287.22099944758855,324.1613317636728,343.86082034304235
8930e1d8b77ffff,436849742,148.67667661044288,148.67667661044288,159.03567697730165,174.98912996864146
8930e1d8b7bffff,3851682457,1267.6819167655397,1267.6819167655397,1306.260312915787,1319.829982383815
8930e1d8b83ffff,12891901578,451.0429984229833,451.0429984229833,459.73839601179196,468.4112183412861
8930e1d8b87ffff,7293592906,76.6398416706941,76.6398416706941,86.14390932082866,96.96198724059332
8930e1d8b8fffff,12891901525,534.5957676796901,534.5957676796901,551.9526999683355,563.2716840136812
8930e1d8b93ffff,3846601842,464.0103317891717,464.01033178917163,469.30673394070766,478.79019551674764
8930e1d8b97ffff,3846603485,148.9218928802755,148.9218928802755,193.48323675912036,216.416057395394
8930e1d8b9bffff,3847634062,126.60477189646559,126.60477189646559,277.59405749675943,378.0960497710783
8930e1d8ba7ffff,2718296799,0.0,0.0,64.97632624659315,115.80436511200116
8930e1d8babffff,3849034883,0.0,0.0,8.889559225127922,20.484476534468175
8930e1d8bb3ffff,3849142853,414.8183585185422,414.8183585185422,451.22767886611973,507.730571348236
8930e1d8bd3ffff,3849081826,344.45962507802807,344.45962507802807,388.0209120484617,452.71357144616053
8930e1d8bd7ffff,12857535805,940.1738622174795,940.1738622174795,964.9505415032276,1057.3511721415073
8930e1d8bdbffff,3849091835,220.50934071690256,220.50934071690253,295.73405623834066,330.77258509000154
8930e1d8c03ffff,11233115456,146.21730738539497,146.217307385395,187.48112470389003,218.51035926695002
8930e1d8c07ffff,2420018414,98.67933067288725,98.67933067288726,138.92369409023027,166.6719461741969
8930e1d8c0bffff,3817309354,233.51312656968196,233.51312656968196,256.39041014070943,266.4536885190517
8930e1d8c0fffff,9249769174,121.74525026326985,121.74525026326985,146.98560457381225,157.8970965440776
8930e1d8c13ffff,3841809500,341.47107664980945,341.47107664980945,349.65346226349334,364.53905902567413
8930e1d8c17ffff,13201892268,204.1492162763954,204.1492162763954,242.88899453421052,262.09262445329716
8930e1d8c1bffff,1936511551,0.0,0.0,50.671768615854,82.8829092104084
8930e1d8c23ffff,2420018376,71.94078399958643,71.94078399958643,76.86078483815226,102.98280823475345
8930e1d8c27ffff,2420018430,67.47592289532108,67.47592289532109,86.41711013357225,135.08129969465983
8930e1d8c2bffff,9271052086,89.63506363902573,89.63506363902573,162.04544769822718,212.64825014959584
8930e1d8c2fffff,871729552,164.28609681113508,164.28609681113508,186.56994158982775,201.7112673569812
8930e1d8c33ffff,2420018497,217.91698720533557,217.91698720533557,238.1450140989432,246.3159373390657
8930e1d8c37ffff,3612466420,202.51846475452658,202.51846475452658,244.39867420853534,275.7747018204904
8930e1d8c3bffff,3063260465,20.819513761311036,20.819513761311036,71.29516954515194,126.80626951628153
8930e1d8c43ffff,11414286322,27.95615956345653,27.95615956345653,37.900142671475145,52.90287131372313
8930e1d8c47ffff,7211428916,293.21202554264215,293.2120255426422,355.67189444996256,382.87862501351873
8930e1d8c4bffff,11418728533,124.3676553014439,124.3676553014439,189.25856146414392,229.19967140870824
8930e1d8c4fffff,921242776,104.62894799399761,104.62894799399761,140.03589868489652,164.16874247185726
8930e1d8c53ffff,1936511486,391.6519335530846,391.6519335530845,443.05479823724465,476.37873576947413
8930e1d8c5bffff,7928542258,291.9810453306687,291.9810453306686,300.0875716886884,305.76287428332915
8930e1d8c63ffff,2087933453,362.8943340923716,362.8943340923716,363.9531036146557,375.15760202244246
8930e1d8c67ffff,11076228513,207.01875310946903,207.018753109469,222.47289044556703,285.4533390842892
8930e1d8c6bffff,7318143951,134.4758462805058,134.4758462805058,159.27798155730596,206.9071715370205
8930e1d8c6fffff,2753218990,0.0,0.0,59.04271733117173,95.25837995942906
8930e1d8c73ffff,6687090881,236.6719297694108,236.67192976941084,237.08840516415367,244.0561718232701
8930e1d8c77ffff,2087933460,155.69185730167754,155.69185730167754,158.9424455834642,195.5595725619119
8930e1d8c7bffff,13732389951,118.28628775491492,118.28628775491494,131.16800530383298,143.76935893031194
8930e1d8c8bffff,8755181733,267.6080066895913,267.6080066895913,341.55743834821465,367.28071883776664
8930e1d8c8fffff,5058177847,0.0,0.0,269.4438712050569,389.8295346736277
8930e1d8c93ffff,2419990350,43.23082766774854,43.23082766774854,49.72454345859687,56.42880889751566
8930e1d8c97ffff,2320913938,161.49286773551586,161.4928677355159,290.89686664184126,339.7913014254165
8930e1d8c9bffff,11377834318,284.54950982663,284.54950982663,361.8541254334775,387.81149940145957
8930e1d8ca7ffff,1918614683,136.64988451105984,136.64988451105984,155.16294012255244,178.73348564448398
8930e1d8cabffff,5349497788,119.39244667750616,119.39244667750616,162.0406730745644,186.384787108062
8930e1d8cafffff,9837710559,236.5507148271557,236.55071482715567,278.7635519815393,293.12475719478357
8930e1d8cb3ffff,4435291471,232.11534010039503,232.115340100395,271.8503447532729,294.3017988808546
8930e1d8cb7ffff,2471501233,278.57218757956815,278.5721875795681,294.0144847627505,300.28985249558735
8930e1d8cbbffff,4435291470,215.99099599614792,215.99099599614794,268.1937302277994,293.0271604065572
8930e1d8cc7ffff,2420018404,126.93170240563907,126.93170240563907,155.67254207999326,191.007499323279
8930e1d8ccbffff,436835632,320.9517374651633,320.9517374651633,358.22341927463845,385.0186262663754
8930e1d8cd7ffff,2304578285,233.6424642377167,233.6424642377167,262.3833039120709,286.5853157680163
8930e1d8cdbffff,4584805138,74.86616663712961,74.86616663712961,79.9367723869039,122.34901860008695
8930e1d8d03ffff,5809701423,81.66179669760932,81.66179669760932,108.14324645330962,162.8099054152817
8930e1d8d07ffff,3844458075,154.15073564868774,154.15073564868774,199.09922255824802,215.06970399276403
8930e1d8d0bffff,4170039974,118.54246408303243,118.54246408303243,165.57240180453564,210.40311446003076
8930e1d8d0fffff,11368092440,175.74817494263885,175.74817494263885,240.14377082533662,270.27922347597035
8930e1d8d13ffff,5803943161,177.56490009400238,177.56490009400238,201.1707949156566,268.0057309029125
8930e1d8d17ffff,4168537155,108.65411561629966,108.65411561629966,117.75078936754998,181.8211156064417
8930e1d8d23ffff,5817565359,355.00840129945027,355.00840129945027,385.02574623401154,401.3359156959209
8930e1d8d27ffff,4170138690,445.6035115258926,445.6035115258926,453.9157372467647,519.4830910405998
8930e1d8d2bffff,3844457580,0.0,0.0,24.920974286997254,68.08121678229527
8930e1d8d33ffff,8597774909,171.43747639492108,171.43747639492108,199.27134795569665,220.9467011731409
8930e1d8d37ffff,2376662571,455.9488916159405,455.9488916159405,524.9671130059171,556.4190658775901
8930e1d8d3bffff,1484324028,0.0,0.0,33.30539375084438,88.84595137901397
8930e1d8d43ffff,2420018395,49.77806838302949,49.77806838302949,82.08918120255744,122.82326260915056
8930e1d8d47ffff,436873999,58.74329048812133,58.74329048812133,102.47439061061237,133.01350366058048
8930e1d8d4bffff,12474155478,207.62157999335417,207.6215799933542,256.4689769932304,284.6581640345177
8930e1d8d4fffff,4203244018,36.10956469208185,36.10956469208185,102.88110701296151,135.77059235024464
8930e1d8d53ffff,4197560781,197.41243969456076,197.41243969456076,262.5942079965094,304.25918579077535
8930e1d8d5bffff,2420018346,178.97155842325435,178.97155842325432,186.7425830794487,189.69723153926574
8930e1d8d63ffff,8488920046,72.50567877765295,72.50567877765295,96.89547590078362,111.53968138644221
8930e1d8d67ffff,2376659729,48.45489901340669,48.45489901340669,91.50803783037878,152.7826949139198
8930e1d8d6bffff,9040767562,40.45991929212535,40.45991929212535,138.82723575441153,200.23370627750054
8930e1d8d6fffff,10293403103,356.8044110944064,356.8044110944064,399.69728714192684,441.5340175686008
8930e1d8d73ffff,4170039970,219.92530994660066,219.92530994660066,225.99197808628446,234.30925165416454
8930e1d8d77ffff,4169928623,209.64859082246352,209.64859082246352,213.8973197610277,218.47698139801614
8930e1d8d7bffff,871793709,48.89843217077764,48.89843217077764,69.27173350295774,124.94328473051242
8930e1d8d87ffff,1813641394,226.81681774095767,226.81681774095767,288.7963239920896,317.83476423281917
8930e1d8d8fffff,5803943192,233.3699930947035,233.3699930947035,256.90977937735204,282.3539655877277
8930e1d8da3ffff,3087861296,28.083492358785872,28.083492358785872,33.21812568829779,49.94678661349547
8930e1d8da7ffff,4680482719,722.010359744328,722.0103597443281,722.7697372320581,725.1807749148511
8930e1d8dabffff,11256318713,385.89640156821736,385.8964015682174,398.5652201807387,421.0863410875968
8930e1d8dafffff,2817787431,272.5777210350938,272.5777210350939,276.67503232127996,283.75514096756547
8930e1d8db3ffff,3844427743,232.4418708258272,232.44187082582718,277.49429161203693,303.99801649050823
8930e1d8db7ffff,4168330471,0.0,0.0,66.77635227316571,91.69929987625738
8930e1d8dbbffff,3817102438,110.24668728662807,110.24668728662807,155.69110284106736,172.63879867384415
8930e1d8dc3ffff,1949263638,30.214064152947117,30.214064152947117,128.88181768293126,167.9120109571747
8930e1d8dcbffff,3361202293,273.1706416322625,273.17064163226246,282.99286536687646,290.2137041972839
8930e1d8dd3ffff,8485916653,209.55509259731,209.55509259730997,215.72910490992643,223.92805111171398
8930e1d8dd7ffff,7366680721,400.71081314433945,400.71081314433945,409.9222262907125,413.8983163511052
8930e1d8ddbffff,8486350180,0.0,0.0,80.16476833494627,120.98231881241804
8930e1d8e03ffff,4598460548,46.15601470982216,46.15601470982216,91.82358614254385,107.10953326795732
8930e1d8e07ffff,4598460584,452.893509112369,452.8935091123689,461.74905810794155,466.008818707402
8930e1d8e0bffff,3516297738,120.01299235737439,120.01299235737439,121.57217599549625,135.70627690557447
8930e1d8e0fffff,4068195296,198.29574629600637,198.29574629600634,220.077739045963,227.40707093177573
8930e1d8e13ffff,3800668908,187.3047010388924,187.3047010388924,246.99796604274817,273.5305517956519
8930e1d8e17ffff,3574829736,210.51076191912105,210.51076191912102,283.37654813473966,315.58423951411766
8930e1d8e1bffff,2517933291,390.09080922366206,390.09080922366206,405.52099991318414,417.8807066825314
8930e1d8e27ffff,12628032824,552.4547466150298,552.4547466150298,1177.510349729183,1398.575005486451
8930e1d8e3bffff,2330782454,476.21942212977365,476.21942212977365,476.35318232995485,476.46643669917574
8930e1d8e53ffff,4052308240,0.0,0.0,43.694810526825115,63.20790879865975
8930e1d8e5bffff,7836287785,87.5864920938358,87.5864920938358,150.2528197659429,174.8592939973988
8930e1d8e67ffff,10678329946,227.2659832875109,227.2659832875109,242.10861083739974,251.12275184552382
8930e1d8e6fffff,10679892324,288.6416820583231,288.6416820583231,320.4379431148306,353.8390495639319
8930e1d8e77ffff,4598386632,205.65593627365996,205.65593627365993,205.7589377274007,216.81023690196238
8930e1d8e83ffff,3390511595,0.0,0.0,137.64085173125864,188.59881257875824
8930e1d8e87ffff,6111861703,194.9225640991046,194.9225640991046,242.89777329752278,265.70889054739456
8930e1d8e8bffff,5348913449,130.7579711515854,130.7579711515854,160.02648379755715,192.52919980782667
8930e1d8e8fffff,3873291355,218.436715839822,218.436715839822,225.3640541586634,247.18550869559172
8930e1d8e97ffff,5936945097,95.51786854814665,95.51786854814665,98.92756726165115,128.53570774112032
8930e1d8e9bffff,10216518967,157.9153843650274,157.9153843650274,191.74197202328764,203.88682319546493
8930e1d8ea3ffff,3251198117,197.1133908348125,197.1133908348125,360.50534996469037,429.4347315058728
8930e1d8ea7ffff,3832844751,158.1726898191188,158.1726898191188,280.17173983597604,386.80916165952794
8930e1d8eabffff,2517933169,294.2499393807098,294.2499393807098,301.11367966329465,314.3419588800676
8930e1d8eb3ffff,8841903137,28.340058618341963,28.340058618341963,177.63120285775952,251.32306293556613
8930e1d8eb7ffff,2509327423,224.67020002649036,224.67020002649036,251.81578704506154,290.1503064522212
8930e1d8ec3ffff,3807475112,21.168271367248785,21.168271367248785,33.583692016307225,117.81856890029285
8930e1d8ec7ffff,5589801243,82.98059881535701,82.98059881535701,88.04795950392581,112.18064325096924
8930e1d8ecbffff,3807474870,190.0516395499314,190.0516395499314,217.49009788767046,256.04383780097425
8930e1d8ecfffff,3873291146,111.47721806647854,111.47721806647854,152.74130218114036,189.64310071508234
8930e1d8ed3ffff,3807475248,380.0230821066053,380.0230821066053,412.94122420815575,425.32626590135015
8930e1d8ed7ffff,10216518943,188.14848624547255,188.14848624547258,209.5601331670187,224.97397596534347
8930e1d8edbffff,3807474965,460.10162436134027,460.10162436134016,475.53407345306255,496.3325842174916
8930e1d9003ffff,11941305223,479.36357840102914,479.36357840102914,492.0389018354703,531.7085244220115
8930e1d9007ffff,4617468226,103.70891071863255,103.70891071863255,168.99839841331675,194.69113665941165
8930e1d900bffff,7888496070,192.675339470903,192.675339470903,222.69888486311254,236.25276898384837
8930e1d900fffff,2541477125,0.0,0.0,4.2144832478351555,23.077120165880185
8930e1d9017ffff,571460044,0.0,0.0,18.97232576123603,56.174542303946815
8930e1d901bffff,3969284084,48.7956138191292,48.7956138191292,73.99869878391377,86.98208098794213
8930e1d9023ffff,13668359003,401.4059824015772,401.4059824015772,415.97705423282116,453.9116373520542
8930e1d9027ffff,8478100541,265.4901989587788,265.4901989587788,362.94024928194347,443.3492202332088
8930e1d9033ffff,13670787020,220.72294100978792,220.72294100978795,248.09740980399323,279.57727436940536
8930e1d903bffff,13648863071,38.45632588849919,38.45632588849919,105.70422258712904,154.72986051071254
8930e1d9043ffff,2818173978,66.61432292480252,66.61432292480252,79.45935342400145,97.9802844109359
8930e1d9047ffff,2819460450,166.1755941110155,166.1755941110155,204.73979580198426,223.63002680383468
8930e1d904bffff,4625904944,119.12412539420845,119.12412539420845,156.19675875827906,177.4057054421385
8930e1d904fffff,4625904960,132.83955093233527,132.83955093233527,151.42632144382165,160.81939892787662
8930e1d9053ffff,2820762379,338.33280849357004,338.33280849357004,356.7099798514565,371.1194927346798
8930e1d9057ffff,2820756771,0.0,0.0,80.23557449228342,119.65441398417067
8930e1d905bffff,2819460999,72.84358796404645,72.84358796404645,116.71965699435512,160.2615748902984
8930e1d9063ffff,4614450108,66.92168959186026,66.92168959186026,99.50798235577717,137.10510979431578
8930e1d9067ffff,4614514807,239.57986571156027,239.57986571156027,265.1061831616268,287.77523836818676
8930e1d906bffff,2824710346,51.24744096477739,51.24744096477739,57.073823042241294,91.14304267363467
8930e1d906fffff,417718832,61.23567988255817,61.23567988255817,129.66723219812428,157.11537213234593
8930e1d9073ffff,4641948844,364.14676932599247,364.14676932599247,431.6427828346335,458.0949759157215
8930e1d9077ffff,12857618680,49.54866999140441,49.54866999140441,78.73799624821632,90.9224817355132
8930e1d907bffff,2819469088,66.28407374867196,66.28407374867196,91.32621773383553,125.82772627895334
8930e1d9083ffff,4617409207,246.01979896050062,246.01979896050062,280.5506091119342,296.29577285055274
8930e1d9087ffff,8474214475,125.722076691754,125.722076691754,193.97883079584275,220.4762695642719
8930e1d908bffff,4615535502,198.83025586649987,198.83025586649984,214.05341890491596,222.12801250529537
8930e1d908fffff,8474272630,0.0,0.0,21.537448981789105,52.87755342120249
8930e1d9093ffff,4666557069,0.0,0.0,141.31922962289045,231.31752093326614
8930e1d9097ffff,13670786905,283.4471132637797,283.4471132637797,368.7750132144929,425.012028574595
8930e1d909bffff,4617397590,139.2834754018197,139.2834754018197,168.95766449221966,214.24123956006497
8930e1d90a3ffff,11553007315,144.0681717554612,144.0681717554612,163.83656022844215,195.91402293848304
8930e1d90a7ffff,4617447365,190.0178710132985,190.0178710132985,211.9267768650854,274.1599157227348
8930e1d90abffff,571459939,105.03468787956736,105.03468787956736,113.18391125181628,122.22017696230967
8930e1d90b3ffff,4617446569,335.4450878124736,335.4450878124737,346.2287365549806,360.83359357287173
8930e1d90b7ffff,7726203651,1277.6801630801901,1277.68016308019,1305.4980876922161,1358.676738315146
8930e1d90bbffff,571457585,209.06702036087842,209.06702036087842,224.2057051541351,229.52146490830012
8930e1d90c3ffff,2818208257,0.0,0.0,64.61281406460776,92.73395136722995
8930e1d90c7ffff,4615535493,176.2180849218558,176.21808492185582,255.27573131674274,285.61451793948066
8930e1d90cbffff,2820820376,0.0,0.0,114.37038834086984,167.70397612037277
8930e1d90cfffff,8475538280,165.75868475335727,165.75868475335727,197.63365243693485,219.89479353859352
8930e1d90d3ffff,4615466335,204.34831538898356,204.34831538898356,235.60395976624878,248.84801137452533
8930e1d90d7ffff,13732052518,96.07699927972187,96.07699927972187,175.26313996786556,221.52393894615003
8930e1d90dbffff,2820732286,88.21052274240591,88.21052274240591,167.07058688775766,199.9617614259865
8930e1d9103ffff,9523345981,1247.6604965879,1247.6604965879,1285.6328126068017,1312.384738134012
8930e1d9107ffff,9523346038,797.4031663675579,797.4031663675579,842.4040348498307,886.3749386898011
8930e1d910bffff,4613589426,276.06214773666994,276.06214773666994,279.0494652018118,296.02062566972694
8930e1d910fffff,12194177526,38.839591511113305,38.839591511113305,52.74143769133427,99.80228749523319
8930e1d911bffff,570959037,104.35483728141806,104.35483728141806,110.74757874725911,157.55469965171798
8930e1d9123ffff,9687608977,151.76348350085792,151.76348350085794,196.7643519831307,240.73525582310108
8930e1d912bffff,4613274895,200.15677250475494,200.15677250475494,237.1684698553671,256.9500133177532
8930e1d912fffff,1994676560,116.55879525738703,116.55879525738703,135.12388806769604,152.8046558526131
8930e1d9133ffff,2868515917,586.1959529358628,586.1959529358627,631.1968214181355,675.1677252581059
8930e1d9137ffff,798556071,1203.2267287992995,1203.2267287992995,1331.6226640885125,1375.4784059528026
8930e1d913bffff,4613472093,0.0,0.0,4.924899690018481,36.76642882296124
8930e1d9143ffff,570926004,328.2600600206856,328.2600600206856,345.8683486497805,369.32753351097693
8930e1d9147ffff,8481574158,263.99436294379063,263.99436294379063,416.13329466629364,484.81320486342366
8930e1d914bffff,4666671768,283.0704630427582,283.0704630427582,332.9707177302998,356.59426437821935
8930e1d914fffff,4614487276,142.88049386993117,142.88049386993117,192.25238890569844,208.90485031279727
8930e1d9153ffff,4614435230,225.01911165500235,225.01911165500235,266.9916133681659,324.9667633123466
8930e1d9157ffff,4614388948,294.4658490464848,294.4658490464848,321.4162484809284,363.9130214856623
8930e1d915bffff,570925575,0.0,0.0,78.3640301064286,124.20867058618762
8930e1d9163ffff,4613493724,50.725596179403055,50.725596179403055,200.79802695064302,300.62620486288426
8930e1d9167ffff,8481532359,147.57923343589093,147.57923343589093,171.62648479169695,209.2000312878212
8930e1d916bffff,11936408726,68.69444480307831,68.69444480307831,98.92727683154067,110.43796703565204
8930e1d9173ffff,12194177536,76.31806292954687,76.31806292954687,83.33317133224429,153.53390477858363
8930e1d9177ffff,3785111381,321.4072620641802,321.4072620641802,325.87851509799316,329.0648363551871
8930e1d917bffff,12194177543,85.4963847399856,85.4963847399856,164.30403337993403,201.38734937318398
8930e1d9183ffff,4140749948,192.75699371901788,192.75699371901788,220.99548452672457,272.27999278254924
8930e1d9187ffff,4629210769,114.0004922140989,114.0004922140989,288.53530364832,351.1359785357492
8930e1d918bffff,6377623285,118.13530520371398,118.13530520371398,147.6579747117538,157.96733661042686
8930e1d918fffff,4629210741,136.75600111470982,136.75600111470982,198.8676132435994,235.21619614096605
8930e1d9193ffff,8477856708,43.07599175552476,43.07599175552476,94.11190448739279,129.9495359364866
8930e1d9197ffff,9421925874,318.7530797438576,318.75307974385765,322.54674189948076,353.7338142297804
8930e1d919bffff,2452999760,180.7457852786348,180.7457852786348,197.92088156327688,212.60094896277937
8930e1d91b3ffff,12839182237,373.01266489858676,373.01266489858676,474.43346812132717,508.8135328762425
8930e1d91c3ffff,4617370822,180.48032154335436,180.48032154335436,255.9136328429397,295.6640071773261
8930e1d91cbffff,570814898,320.17103700681935,320.17103700681935,358.0855819899823,402.3986895631183
8930e1d91cfffff,8460763606,0.0,0.0,47.51238886812246,64.68103094199215
8930e1d91d3ffff,12107647704,66.77063126409978,66.77063126409978,143.58211697552352,183.79188278052266
8930e1d91dbffff,2542693962,0.0,0.0,84.69965879898784,153.76473911282017
8930e1d9203ffff,2822474477,168.08648086900672,168.08648086900672,247.65231231202196,283.9991497522751
8930e1d9207ffff,2824414449,169.67196643281778,169.67196643281778,183.23453766152943,239.3045984794104
8930e1d920bffff,2824420136,304.06347398661933,304.06347398661933,306.87525023091456,323.5397706756167
8930e1d920fffff,2822482597,188.49835746885367,188.49835746885367,245.25197381701864,284.94072151858796
8930e1d9213ffff,4631170204,96.3364932733968,96.3364932733968,177.1948010502267,215.56022118517123
8930e1d921bffff,4631154875,114.71273386023856,114.71273386023857,129.19058601541082,136.41084960635
8930e1d9223ffff,1844752489,279.31805687570983,279.31805687570983,293.37017708226483,346.3201525818727
8930e1d9227ffff,1844752495,165.42113046850668,165.42113046850668,177.20426784831722,181.91111833343152
8930e1d922fffff,1844851829,186.31926574173303,186.31926574173303,196.02901574200078,213.0784533273746
8930e1d9233ffff,13049199616,148.29990652492927,148.29990652492927,196.24311731897424,241.67894855067252
8930e1d9237ffff,4409260169,153.3551705400832,153.3551705400832,195.6140894792992,212.83401211892723
8930e1d923bffff,436839461,61.740312217780264,61.740312217780264,62.548527983123826,133.12704297642043
8930e1d9243ffff,4634107268,0.0,0.0,133.66358701328238,181.23819776406467
8930e1d924bffff,2824421285,69.92451541520178,69.92451541520178,143.7864488762879,173.22915262326353
8930e1d924fffff,2824617497,67.73024385180707,67.73024385180707,69.77446135831975,127.86751005688843
8930e1d9253ffff,4626400858,190.0465117085118,190.0465117085118,198.11559940396913,204.77402127787983
8930e1d9257ffff,13208298985,126.42059712242276,126.42059712242276,140.7121072886562,148.17347937079606
8930e1d925bffff,2824421279,275.19746985129717,275.19746985129717,300.32390917789326,312.758583125559
8930e1d9263ffff,4654996164,438.5123573915894,438.5123573915893,493.338704552482,540.3107610763682
8930e1d9267ffff,4370508461,415.536761594038,415.536761594038,427.73430686163584,431.9660290257354
8930e1d926fffff,4644145576,43.64424185633146,43.64424185633146,119.73884556816735,159.11601841202818
8930e1d9273ffff,5403582170,145.31193219354762,145.31193219354762,160.79232796372463,203.45667880865358
8930e1d9277ffff,2822482575,112.92269365261664,112.92269365261664,210.86278181217386,269.8376006707462
8930e1d9287ffff,4723363778,138.12179919994904,138.12179919994904,151.97689628084402,158.7521863754822
8930e1d9293ffff,4642553468,126.05508130129506,126.05508130129506,145.61188601454674,164.4868739057623
8930e1d9297ffff,4627894897,279.4498770284531,279.4498770284531,291.0037129424003,296.13829684242114
8930e1d929bffff,8475868929,254.60576898940622,254.60576898940622,307.4077735069178,346.6853372806025
8930e1d92a3ffff,5826201538,285.7897854471891,285.7897854471891,296.824247719791,326.9711156315475
8930e1d92afffff,436847191,140.4758252448181,140.4758252448181,180.96700206823945,202.3818220802544
8930e1d92b3ffff,7916896848,0.0,0.0,50.73753300393572,136.35627356500325
8930e1d92b7ffff,12866240382,300.8502818393985,300.85028183939846,341.15540405002287,359.2840937878885
8930e1d92c3ffff,2822468857,68.49416932752254,68.49416932752254,154.71677867612095,220.5566404734367
8930e1d92c7ffff,10220297298,76.86217051814943,76.86217051814943,95.73058877347381,127.9987692308714
8930e1d92cbffff,2822487098,83.43096080293617,83.43096080293617,120.95058980058116,143.15272643159776
8930e1d92cfffff,4626356088,192.92535236494692,192.92535236494695,195.054661144848,197.38847844955922
8930e1d92d3ffff,2822455482,0.0,0.0,55.64848802167439,131.67972359463144
8930e1d92d7ffff,4625671795,278.59264449286354,278.59264449286354,300.25509102246315,315.9650694821808
8930e1d9303ffff,2824714824,25.76155147950028,25.76155147950028,40.34801071691817,71.85222795894829
8930e1d9307ffff,7780500342,220.46948739549651,220.46948739549651,250.09225559782382,270.60690357970515
8930e1d9313ffff,2825780290,132.07344146559825,132.07344146559825,174.11846201694954,208.4696923203502
8930e1d9317ffff,10058460366,241.80176144272278,241.8017614427228,282.00613452718494,297.7103136192675
8930e1d931bffff,2824628333,163.51693485437434,163.51693485437434,236.06629058515097,260.2514881255295
8930e1d9323ffff,2824550340,55.90245019839468,55.90245019839468,105.85841591023363,170.69786830644261
8930e1d9337ffff,2825545518,104.37806629876597,104.37806629876597,147.74536107225597,166.4284948768651
8930e1d9343ffff,10175370360,250.75278433624996,250.7527843362499,282.3147618436101,333.4736160774939
8930e1d9347ffff,2824732177,194.84448451155205,194.84448451155205,308.8000534902825,352.19461588985445
8930e1d934bffff,1835142260,141.074394846617,141.074394846617,151.38568119036933,186.25856973462
8930e1d934fffff,13367904410,0.0,0.0,96.01187894394708,136.27248083614194
8930e1d9353ffff,4619723929,295.7943435827673,295.7943435827672,298.65047441169816,319.57451628795985
8930e1d9357ffff,10175378227,209.1649856666819,209.16498566668193,248.45342561100648,312.1049845399494
8930e1d935bffff,1835142227,148.73635054648693,148.73635054648693,161.38011060519395,171.5576636740974
8930e1d9363ffff,2824730021,85.24232710068279,85.24232710068279,86.71300774200496,104.13134220464373
8930e1d9367ffff,2824730022,205.22765440128285,205.22765440128285,214.34886429962955,224.69960559579422
8930e1d936bffff,10608755373,212.83458261711155,212.83458261711155,251.916000110291,268.3236384612928
8930e1d936fffff,3090555428,72.04053775616008,72.04053775616008,118.86281071002017,212.565887522307
8930e1d9377ffff,2824730004,0.0,0.0,36.745872695435374,68.35109098553839
8930e1d937bffff,10316724254,223.5393536916823,223.53935369168232,226.4114201519529,232.14580819088928
8930e1d9383ffff,2569728496,234.3208972191215,234.3208972191215,242.740952196139,253.74929242662927
8930e1d9387ffff,2108483863,56.265453376177504,56.265453376177504,96.03651834637995,123.44074806588505
8930e1d938bffff,2824714822,0.0,0.0,85.39122634702693,116.62852960910361
8930e1d938fffff,2824598022,221.26356768142048,221.26356768142048,238.11357366356623,265.3865296035674
8930e1d9393ffff,3227530662,161.658804987577,161.658804987577,233.0436328023045,297.37959236748674
8930e1d939bffff,2108483965,113.96604327204676,113.96604327204676,127.7410557275675,133.6497929758307
8930e1d93a3ffff,4614353056,174.07636713913854,174.07636713913854,176.99152652590018,191.77188904187292
8930e1d93a7ffff,2828073174,307.19047781356556,307.1904778135655,325.8126098397834,371.65604908603956
8930e1d93abffff,2527758699,76.50066100202277,76.50066100202277,122.93304129820282,206.34139500763055
8930e1d93afffff,10197160265,161.77711217850052,161.7771121785005,189.60795146604093,202.10214273339628
8930e1d93bbffff,3382528659,447.11241665356863,447.11241665356874,474.57843688343786,487.965812362025
8930e1d93c3ffff,4630994841,168.68623993102747,168.68623993102744,195.82698743412055,291.35641403527785
8930e1d93c7ffff,4619745524,104.80883328567434,104.80883328567435,140.31992385873377,152.21889432994112
8930e1d93cbffff,2824706968,292.3046699452481,292.3046699452481,297.84966089127107,307.9240251973872
8930e1d93cfffff,4619736854,458.8197635604079,458.81976356040786,497.1569109319587,514.1404366772708
8930e1d93d3ffff,2824710369,351.51555707658565,351.51555707658565,374.823895301207,385.148280895062
8930e1d93d7ffff,8478326641,202.69039364194407,202.69039364194407,218.56843285332013,242.61455678211613
8930e1d9403ffff,4598996281,95.79564254068504,95.79564254068504,133.9100629073278,150.25945590787683
8930e1d9407ffff,11459147932,146.85762949673602,146.857629496736,147.78374227742003,149.54283472807273
8930e1d940bffff,2812853284,251.2542749577142,251.2542749577142,294.20688346644334,332.49858193215334
8930e1d940fffff,12987756434,112.70648124435951,112.70648124435951,121.23790227326185,150.26183586749178
8930e1d9413ffff,11443200939,178.1326291560318,178.1326291560318,184.32004779767732,216.3735469976684
8930e1d9417ffff,11443206680,56.68990713639057,56.68990713639057,126.52592496405143,172.80513100176844
8930e1d9423ffff,2814944573,63.332505373494016,63.332505373494016,71.1383403284255,142.8453696971112
8930e1d9427ffff,2815773846,115.82904675889233,115.82904675889233,119.50141891443653,211.16770771688266
8930e1d942bffff,11459147808,0.0,0.0,110.01074547897913,167.34457738515175
8930e1d942fffff,2815768414,311.1877442531553,311.1877442531553,357.89451977430207,376.04992296047243
8930e1d9437ffff,2817032520,272.4714660687013,272.4714660687014,282.2206781168003,299.5980077673246
8930e1d943bffff,2932339379,115.61296695045982,115.61296695045982,129.7239150986551,151.8122088556898
8930e1d9447ffff,2817028239,210.84190992168848,210.84190992168848,216.10791753807663,360.34457307269423
8930e1d944bffff,4614661337,92.26050578980701,92.26050578980701,136.54716828478655,166.8989999570761
8930e1d944fffff,2820072192,284.4538143551897,284.4538143551897,307.74465322911726,317.9601745120428
8930e1d9453ffff,2814736334,123.76524886147001,123.76524886147003,142.02612053521628,212.47448950866246
8930e1d9457ffff,2814736368,159.25733924018394,159.25733924018394,212.26496495746522,262.4311711596269
8930e1d9463ffff,4617138346,191.36840975957173,191.36840975957173,209.165584019552,242.978655917566
8930e1d9467ffff,4617274567,186.39829127770687,186.39829127770685,210.98949066311604,226.2862204422255
8930e1d946bffff,4617138241,192.47888662145897,192.47888662145897,215.0619291944758,227.56078680834557
8930e1d946fffff,4617138287,156.73372228371753,156.73372228371753,200.72999176588473,215.68333079833005
8930e1d9473ffff,2817028238,301.27653985312116,301.27653985312116,311.7914465750721,370.96444722760816
8930e1d9477ffff,2815025085,190.49988718873317,190.49988718873317,231.7828110910945,260.94698075459337
8930e1d947bffff,2820071708,88.64728440565948,88.64728440565948,162.10842040979523,191.44958949348856
8930e1d9483ffff,2657288837,136.8027956244082,136.8027956244082,141.6722526805217,171.3736159990075
8930e1d9487ffff,8465459443,381.8820833518959,381.8820833518959,398.44376481160185,408.34505114139944
8930e1d948bffff,8459903134,123.76321254416283,123.76321254416283,144.5139505385672,210.34224099155838
8930e1d948fffff,11443200945,224.73094611287584,224.73094611287584,271.4583789233994,313.89156019908484
8930e1d9493ffff,3871598926,219.40411368637953,219.40411368637953,231.85163441697324,248.62556609035838
8930e1d9497ffff,5215341469,92.37858647555402,92.37858647555402,95.95322381279058,109.76952768839003
8930e1d949bffff,11443200919,0.0,0.0,20.529407029963487,77.43959079825277
8930e1d94a3ffff,3871598907,132.84551227747997,132.84551227748,176.6300580267585,194.6898600687953
8930e1d94a7ffff,2815051854,203.19650003650554,203.19650003650554,206.68486934359026,208.76352756743105
8930e1d94abffff,11443206741,29.986851346924375,29.986851346924375,64.65951972248355,96.2410113060884
8930e1d94afffff,11459147818,201.57905284387644,201.57905284387644,209.28173308468502,265.8224935937196
8930e1d94b3ffff,3871598858,221.6530218096641,221.6530218096641,240.47506734609803,285.93075084316087
8930e1d94b7ffff,11433237318,17.321155695552264,17.321155695552264,28.005654493562446,93.91187151765762
8930e1d94bbffff,5160619235,0.0,0.0,12.559821150872137,73.96731133174414
8930e1d94c7ffff,11455185998,149.77827961830747,149.77827961830747,156.44038543244383,170.26214859180297
8930e1d94cfffff,8460161380,62.539532043732166,62.539532043732166,130.43023313619503,161.28672517884237
8930e1d94d3ffff,8458709155,72.62504772795,72.62504772795,123.65373411104542,147.70031935983238
8930e1d94d7ffff,11443206566,134.39734726300935,134.39734726300935,189.1573393928138,216.402656764345
8930e1d94dbffff,2820040069,164.4048458836578,164.4048458836578,177.18171791965642,206.41007693158292
8930e1d9503ffff,12987266843,267.5456963006892,267.5456963006892,290.63794576747887,308.2970631458391
8930e1d950bffff,357836666,0.0,0.0,219.6328989420958,304.212846021188
8930e1d950fffff,5887034015,162.74786801181864,162.74786801181864,166.00694235239285,240.07275185967364
8930e1d9513ffff,4492074196,61.691599861274206,61.691599861274206,91.63806316664939,154.94843817327921
8930e1d9517ffff,3345005493,234.82317819956455,234.82317819956455,238.3107108447096,260.0142951896065
8930e1d951bffff,11266824248,293.6623469693877,293.6623469693877,313.14949208457824,380.7372492340746
8930e1d9523ffff,2452999833,250.2101322371666,250.2101322371666,260.41534086381137,266.2385588797665
8930e1d9527ffff,13370474665,182.96729659484848,182.96729659484848,199.83948681036972,288.6205488916626
8930e1d952bffff,1887976782,68.70907562051512,68.70907562051512,121.58370837908177,149.22630350963144
8930e1d952fffff,9421925862,427.2827872741907,427.2827872741907,441.1202186114458,521.323346676557
8930e1d953bffff,5887033993,141.3092126735441,141.30921267354412,152.4127451398791,160.88951077727526
8930e1d9547ffff,2452999779,131.28372496082474,131.28372496082474,342.2968802258897,422.5628783048878
8930e1d954bffff,8474238624,231.96200349458223,231.96200349458223,300.1110266660422,359.34085145648896
8930e1d955bffff,2815748861,0.0,0.0,241.43050701447604,322.85646751063126
8930e1d9563ffff,2452999769,0.0,0.0,72.55289412885111,106.80760748611904
8930e1d9567ffff,2452999787,248.57307372950325,248.57307372950325,262.42266585947516,272.68464529435346
8930e1d9573ffff,4744225601,140.6344494636036,140.6344494636036,159.47622041162737,211.63464149583774
8930e1d9577ffff,9533720407,175.5718019648893,175.5718019648893,181.6790051529201,185.14561406269146
8930e1d959bffff,886186787,757.6386221890618,757.6386221890617,770.7178703389612,787.3840848312008
8930e1d95abffff,3881801472,189.9782436435001,189.9782436435001,200.96026721117505,210.93689483479537
8930e1d95bbffff,8477670907,345.3005511308684,345.3005511308684,346.20518084568516,355.1583954727514
8930e1d95c7ffff,7706514147,574.4587509634337,574.4587509634337,593.9458960786242,661.5336532281207
8930e1d95cbffff,4529833768,636.9374936647744,636.9374936647744,637.2585699139845,657.4812229226284
8930e1d95cfffff,8474382518,395.0961447795704,395.0961447795704,479.71011967358726,521.0144546573404
8930e1d95dbffff,11459128415,262.5887164185533,262.58871641855336,262.9097926677635,266.18304794896835
8930e1d9603ffff,2820043534,81.85730214206345,81.85730214206345,131.71922269172177,165.2815580065226
8930e1d960bffff,10305192182,145.49785972695298,145.49785972695298,193.83987981927547,215.8852162261795
8930e1d960fffff,4624389743,116.77265922341827,116.77265922341827,149.0491635752131,160.48838500297396
8930e1d9613ffff,2820067475,101.40937783956583,101.40937783956583,132.64690991044768,149.26734054132623
8930e1d9617ffff,2819473467,80.63964756778299,80.63964756778299,105.89089000531884,120.88202334682428
8930e1d961bffff,2820065722,65.75494656000686,65.75494656000686,91.16748925737897,141.98468598602483
8930e1d9623ffff,436834115,22.041438755920854,22.041438755920854,24.714294178138438,50.650232258235825
8930e1d9627ffff,10091509855,45.633616163094246,45.633616163094246,127.66530323830142,216.25511077568217
8930e1d962bffff,4625759981,92.15472960145325,92.15472960145325,95.62689237599035,105.92394097265277
8930e1d962fffff,2820304949,125.12360722069164,125.12360722069164,172.40371173228186,194.90533414998586
8930e1d9633ffff,4614609948,0.0,0.0,15.139123401884456,56.81514683019166
8930e1d9637ffff,7924609262,300.9554832528967,300.9554832528967,308.90755574802404,361.2699841294402
8930e1d963bffff,6264738280,127.57624777065527,127.57624777065527,202.4579972117612,230.17377832074806
8930e1d9643ffff,4630953772,158.93541591767632,158.93541591767632,173.13271002471492,223.50018344083938
8930e1d9647ffff,2820060839,78.5236373465095,78.5236373465095,111.57898603196632,137.8082184216373
8930e1d964bffff,4633590504,315.74723820842115,315.74723820842115,331.0957424270584,361.9021338979035
8930e1d964fffff,4624764479,147.4137663813232,147.4137663813232,191.11750404571302,222.38522676101812
8930e1d9653ffff,3401285406,186.09581450242806,186.09581450242806,308.9642145338138,369.8259226456182
8930e1d9657ffff,2820062997,254.74647274829522,254.74647274829525,255.99141350555794,264.516425196732
8930e1d965bffff,4630953756,100.69987204908192,100.69987204908192,165.55245943168632,193.88407284296105
8930e1d9663ffff,4625710464,90.06226298983263,90.06226298983263,96.69267163125036,156.8914335080901
8930e1d966bffff,2824401672,145.88416271297135,145.88416271297135,168.927667006597,226.0916354338245
8930e1d966fffff,2824404730,131.0251018235006,131.0251018235006,132.5922302699171,227.26514254973236
8930e1d9673ffff,4625750778,336.68804802779925,336.68804802779925,338.90794395518327,360.90746472999945
8930e1d9677ffff,4625758751,167.81817092451254,167.81817092451254,210.7407509560088,239.27896322903294
8930e1d967bffff,414684370,0.0,0.0,53.37892447687615,85.06874998060304
8930e1d9683ffff,8459757609,137.96380237324365,137.96380237324365,153.8415011556149,176.8226182181569
8930e1d9687ffff,2820293884,256.02468049942263,256.02468049942263,271.7659813505528,279.40486768896903
8930e1d968bffff,6357500067,112.69305151099971,112.69305151099971,119.28538168822276,122.2026647017622
8930e1d968fffff,2820515743,183.9652924063393,183.96529240633933,188.7810790707008,197.7609493708278
8930e1d9697ffff,4614661317,54.42385937541401,54.42385937541401,64.06063562972615,83.0831421960458
8930e1d969bffff,2820355245,326.8922625222016,326.8922625222015,333.6642494778039,339.19788984599023
8930e1d96a3ffff,4615450323,185.49625387187183,185.49625387187183,188.39087225534888,192.21838246652632
8930e1d96a7ffff,4615455402,39.657721813395916,39.657721813395916,76.01520802678469,123.07390854233454
8930e1d96abffff,2820825910,83.13621867925974,83.13621867925974,137.60863638996517,156.41819385623467
8930e1d96afffff,2820666806,253.31641592214154,253.31641592214154,290.16968298121236,302.9607914439566
8930e1d96b3ffff,4617077111,53.51165560488833,53.51165560488833,64.66616002086846,74.38826866796668
8930e1d96b7ffff,2820067370,172.95196892910565,172.95196892910567,197.9424237923231,215.20697779963123
8930e1d96bbffff,9991334774,154.32658356789278,154.32658356789278,174.74365528068267,189.6564540389236
8930e1d96c7ffff,2820257337,283.2155296801123,283.21552968011224,338.70349434207685,358.0579671282419
8930e1d96cbffff,2589910098,160.6416616050538,160.6416616050538,183.01110313204316,195.03647844480466
8930e1d96cfffff,2820045482,318.68126267616356,318.68126267616356,346.55702597922175,369.6798945477772
8930e1d96d3ffff,2589163288,0.0,0.0,43.34888713571267,76.40300594476005
8930e1d96d7ffff,1836004111,0.0,0.0,104.61568419199865,160.08724503422857
8930e1d96dbffff,2589375635,215.38198776185368,215.38198776185368,222.2353299675013,229.82487973160968
8930e1d984fffff,9914441892,766.4004598107209,766.4004598107209,816.8519005115152,848.3131010211347
8930e1d9857ffff,5578058316,47.87189213145998,47.87189213145998,75.9532747387343,168.4367552549074
8930e1d9867ffff,798688402,362.27389744928183,362.27389744928183,567.3821080533754,691.6543499295071
8930e1d986fffff,2551950326,623.3294548848892,623.3294548848893,684.7631568668003,716.022336104978
8930e1d9897ffff,3785116736,300.16356504293077,300.16356504293077,309.9818824371255,325.21334931772384
8930e1d98b3ffff,8484284761,260.4375370202324,260.4375370202324,352.5374380233794,390.1645093887104
8930e1d98b7ffff,4172393696,185.59424335251185,185.59424335251182,222.36363685040607,247.3341499564755
8930e1d98cbffff,4611290237,110.90572646017525,110.90572646017526,115.73363019601436,137.1183037443595
8930e1d98dbffff,436881334,0.0,0.0,60.38828553478891,95.28013131002525
8930e1d9913ffff,8486707737,362.1786191532719,362.17861915327194,372.4274920681004,439.88032888763564
8930e1d9917ffff,8486738731,146.52251835682745,146.52251835682745,162.8945579478201,225.62039036343776
8930e1d9963ffff,5170500440,298.54197156375176,298.5419715637518,351.3210798068499,439.05557925916605
8930e1d996bffff,13403840319,484.18326506147554,484.18326506147554,529.3330168721651,578.6604137713949
8930e1d996fffff,4146924165,390.96017288941863,390.9601728894186,503.2407973591976,569.1324792727463
8930e1d99a3ffff,1378780970,200.49962959310076,200.49962959310076,362.25110651608446,433.16483732451644
8930e1d99a7ffff,1378780924,177.31668668719396,177.31668668719396,227.44021233223913,256.2102231054123
8930e1d99abffff,4203603129,64.32231821570187,64.32231821570187,72.03606087676089,136.99819643370043
8930e1d99afffff,4203603293,390.38096315918534,390.3809631591853,416.0046947183465,450.60879613340694
8930e1d99b7ffff,4596772924,234.7393424914095,234.7393424914095,382.77954875083157,432.20052165137736
8930e1d99c3ffff,4654249560,121.6309562432669,121.6309562432669,138.79796884148817,254.39343991967306
8930e1d99d3ffff,2533124217,529.9948151864174,529.9948151864174,567.8170442108396,618.260883967196
8930e1d99d7ffff,2533124244,285.0276228268459,285.0276228268459,316.15535412690986,349.4468659112599
8930e1d99dbffff,4172978811,310.551880091925,310.551880091925,430.8479317223876,482.3912906646894
8930e1d9a03ffff,8484258017,233.0454881732975,233.0454881732975,243.62527736843987,264.50902006314595
8930e1d9a07ffff,8278909542,183.37546140717393,183.37546140717393,200.61046747386297,227.69051957804012
8930e1d9a0bffff,6110715494,118.71615140691445,118.71615140691445,126.86607908435116,175.25423858531562
8930e1d9a0fffff,8278909509,72.35061561165176,72.35061561165176,88.70219005052184,109.21890686376177
8930e1d9a13ffff,10058769708,64.05964243531719,64.05964243531719,141.2097878451985,237.319118406456
8930e1d9a23ffff,4195811998,283.86671703251216,283.8667170325121,291.7011731964918,306.2320914396153
8930e1d9a27ffff,13088642359,56.700518243184355,56.700518243184355,128.52783638251995,173.2539099040645
8930e1d9a2bffff,4195737271,161.45770070803104,161.45770070803104,187.78130288596876,215.2751046037174
8930e1d9a2fffff,3804191210,216.18786813915315,216.18786813915315,273.924011479812,296.9491997167442
8930e1d9a33ffff,4195788641,444.87481231947345,444.87481231947345,529.3455554865649,560.7595974824782
8930e1d9a37ffff,4195788585,0.0,0.0,89.35643457741573,135.31938798768192
8930e1d9a3bffff,4639372050,83.34507313873513,83.34507313873513,134.22344540773906,215.7532859086516
8930e1d9a43ffff,2826157626,234.01797209318565,234.01797209318562,240.24222998946996,249.2260833729571
8930e1d9a47ffff,4195693782,68.91211606254149,68.91211606254149,81.55089576613732,92.91555340831731
8930e1d9a4bffff,4195681183,581.8917375382312,581.8917375382312,584.1577640571991,590.7098036068222
8930e1d9a4fffff,4195681160,443.5117446880952,443.5117446880952,464.50034559547345,477.77184640499877
8930e1d9a57ffff,4195696330,95.0885730800118,95.0885730800118,160.4475362128316,191.7894465249773
8930e1d9a5bffff,2826157619,0.0,0.0,63.0882547335875,107.74490524627957
8930e1d9a63ffff,1828215897,58.662884518237725,58.662884518237725,75.10658382071507,89.62176057933209
8930e1d9a67ffff,4195788510,111.39361847806569,111.39361847806569,123.38136357843828,129.31160133162672
8930e1d9a6bffff,2876972752,400.10833667055863,400.10833667055863,405.26623372380635,418.7290911932499
8930e1d9a6fffff,1685607855,284.9743791104688,284.9743791104688,296.9621242108414,310.50984861852055
8930e1d9a77ffff,7500001737,291.22922695551944,291.2292269555194,307.5808013943895,338.9985678335428
8930e1d9a7bffff,1685686548,69.96474568679174,69.96474568679174,108.27707823567306,148.04897136570244
8930e1d9aafffff,4195788593,372.57603060670056,372.57603060670056,461.93246518411627,507.8954185943824
8930e1d9ac3ffff,2826160217,0.0,0.0,83.51545635195657,112.9876779647314
8930e1d9acfffff,4195610580,0.0,0.0,67.84975862153576,107.08332025619325
8930e1d9ad3ffff,2826156923,268.05715931125496,268.05715931125496,296.3669185705445,347.19667038580764
8930e1d9b03ffff,2622874596,69.73129813609668,69.73129813609668,87.10347391419147,114.04477848053716
8930e1d9b0fffff,2385934107,344.735631472048,344.735631472048,379.20179410185955,419.0199228587547
8930e1d9b1bffff,2624211523,59.32443365902038,59.32443365902038,107.68525947016253,140.61800513217187
8930e1d9b23ffff,2622713701,169.71184149672308,169.71184149672308,208.68907992777372,231.27154952560628
8930e1d9b2bffff,436842104,131.8442465706819,131.8442465706819,162.16464582296558,205.99605217774533
8930e1d9b3bffff,2622810023,138.52254915390574,138.52254915390574,193.25292721698003,216.58332864494096
8930e1d9b47ffff,2510006962,0.0,0.0,71.62624940478878,98.74992457197197
8930e1d9b4bffff,2509978198,208.84453671633264,208.84453671633264,211.278061077151,221.02735176628872
8930e1d9b4fffff,2511519004,147.59351110953924,147.59351110953924,153.59776130635098,195.43724587861666
8930e1d9b53ffff,2624211562,135.9696685251132,135.9696685251132,204.9599387353415,251.59045400503848
8930e1d9b57ffff,2624211629,189.5805396397348,189.58053963973478,217.76978409354308,235.09481135066486
8930e1d9b5bffff,3804191233,219.4640689354331,219.4640689354331,219.50728791445982,247.26751754939494
8930e1d9b63ffff,2623456204,424.9820011553675,424.98200115536747,443.72808628384973,451.43545685105795
8930e1d9b6bffff,7513740462,89.36953826723385,89.36953826723385,92.88935938374371,103.7856329214978
8930e1d9b73ffff,2623456130,72.65840638194412,72.65840638194412,150.21505235664887,238.22304121972925
8930e1d9b77ffff,2385936396,104.06878909603094,104.06878909603094,120.72062091911478,146.48483102833185
8930e1d9b7bffff,2623456306,156.8894241555624,156.8894241555624,220.22221299207388,250.39393937452917
8930e1d9b8bffff,798554083,91.72138266415618,91.72138266415618,172.44833138931602,216.92749207807756
8930e1d9ba3ffff,12538508618,153.57067672581775,153.57067672581775,160.81273809151008,163.72938074569365
8930e1d9ba7ffff,12815107449,253.8216927718383,253.8216927718383,276.8741702251373,334.3457297989362
8930e1d9babffff,5754366054,276.6035427138243,276.6035427138243,284.2769347843038,291.16665038265927
8930e1d9bafffff,10918104805,304.7591504853631,304.7591504853631,338.61490136080914,354.9194359336982
8930e1d9bb3ffff,5745506266,433.3639488105886,433.3639488105886,446.48459529321474,451.55855942085464
8930e1d9bb7ffff,13624245658,655.9061149100016,655.9061149100016,678.9585923633007,736.4301519370997
8930e1d9bbbffff,3088430277,237.85111973544628,237.85111973544628,250.97176621807242,256.04573034571234
8930e1d9bc3ffff,2533109227,83.89537143971816,83.89537143971816,109.50325323918413,121.34235853311058
8930e1d9bc7ffff,2551950254,136.61206750657,136.61206750657,160.71798961308713,184.92323278500953
8930e1d9bcbffff,2533109205,87.63868321894061,87.63868321894061,111.90489604563203,179.56459003947302
8930e1d9bcfffff,2533109217,71.19177522806962,71.19177522806962,158.53922269007884,193.49938264671323
8930e1d9c07ffff,12875272639,278.60846506101626,278.60846506101626,311.0152761097196,411.5807818178776
8930e1d9c17ffff,4595296916,202.80365335766885,202.80365335766885,320.29441559038656,387.2462893093336
8930e1d9c23ffff,9990755093,620.0867170148861,620.0867170148861,626.3887916960798,682.035919455467
8930e1d9c27ffff,4595432937,291.04819635765034,291.04819635765034,317.578597997065,329.1718630370335
8930e1d9c2fffff,798685068,154.71534211014938,154.71534211014938,183.3914928635352,213.46787082276205
8930e1d9c33ffff,4634411518,65.6697789300636,65.6697789300636,126.22944978796292,213.73519130496985
8930e1d9c37ffff,4634411536,189.91220423884073,189.91220423884073,195.41094228407627,217.2708007754981
8930e1d9c3bffff,11187059517,0.0,0.0,150.2222065790893,207.84043618903294
8930e1d9c4bffff,571452260,0.0,0.0,16.174380521750887,32.52360083946829
8930e1d9c4fffff,2281726768,79.0430464918039,79.0430464918039,167.96051833902897,204.66248090503043
8930e1d9c5bffff,5741177108,87.8077477869864,87.8077477869864,157.22100170366792,200.6405313635626
8930e1d9c8fffff,12875272527,135.95194863228576,135.95194863228576,191.7021711849153,262.09416412487633
8930e1d9ca7ffff,8034788926,477.70204854327625,477.70204854327625,521.464456224744,546.3709085844686
8930e1d9cabffff,4595321149,453.0148119022978,453.0148119022978,499.60434964075375,558.9179046488789
8930e1d9d13ffff,6351858001,597.006241747658,597.0062417476579,660.9965008999129,713.702211864974
8930e1d9d43ffff,4172393732,153.50019949915492,153.50019949915492,192.73159642398912,241.34923712047112
8930e1d9d47ffff,6345088287,498.734000997277,498.73400099727695,537.9653979221112,649.5002370506828
8930e1d9d4bffff,8484284746,221.62354624453957,221.62354624453954,233.9274864271522,249.0491563525305
8930e1d9d4fffff,4172393730,288.5542790488355,288.5542790488355,313.6122152286988,324.4093987062363
8930e1d9d53ffff,4174674073,218.93395425193646,218.93395425193646,245.46435589135115,363.2829384584772
8930e1d9d5bffff,4172978867,297.83555963437016,297.83555963437016,349.12731073499003,374.06377589990717
8930e1d9d6bffff,7031573276,0.0,0.0,575.4345204863295,797.7779997870981
8930e1d9d83ffff,11736290362,268.8968650853245,268.8968650853245,271.3738839228136,299.4116707051246
8930e1d9d87ffff,5851157739,116.32265079302543,116.32265079302543,164.35521464073565,199.91185832795495
8930e1d9d8bffff,4595384311,187.81162015103175,187.81162015103178,209.72066517272364,228.59302510161265
8930e1d9d8fffff,4595432919,142.49197780083807,142.49197780083807,188.6238111842371,212.53376809186662
8930e1d9d93ffff,4593926980,72.45158197156336,72.45158197156336,121.69685162535737,175.15117909652267
8930e1d9d9bffff,4593553373,253.44164916996124,253.44164916996124,270.69042475106687,299.7513891923906
8930e1d9dc3ffff,10816047755,0.0,0.0,47.293172274840636,115.31901269094908
8930e1d9dc7ffff,3541136699,199.39250035694758,199.39250035694758,242.70283991000372,287.031238964844
8930e1d9dcbffff,3541149494,175.70812618909338,175.7081261890934,210.58669455906005,262.9284083881734
8930e1d9dd3ffff,5878389593,412.1278276103236,412.1278276103236,425.5647085123873,439.8668518777253
8930e1d9ddbffff,5161537005,19.237432097307366,19.237432097307366,27.57945445903521,57.293049105491946
8930e1d9e07ffff,6963042973,625.1272715331278,625.1272715331278,632.0632713803625,636.5018648158222
8930e1d9e13ffff,4621486059,132.56197585724755,132.56197585724755,176.4803608449691,198.5783235557997
8930e1d9e1bffff,2825731331,99.93106498714734,99.93106498714734,178.43583278044673,221.20987760208175
8930e1d9e33ffff,12864823352,0.0,0.0,225.42221811055055,305.82781438894295
8930e1d9e3bffff,2824759203,0.0,0.0,133.39615762795125,200.4353846640788
8930e1d9e43ffff,2825723272,230.42684840933597,230.42684840933597,233.95459628525538,246.75691185039872
8930e1d9e4fffff,2825726591,302.21295258520024,302.21295258520024,315.51207628535826,326.92896958591564
8930e1d9e53ffff,10570464798,302.8256324149135,302.8256324149135,317.5307337032243,331.80499331413404
8930e1d9e57ffff,4621460690,121.48778816167777,121.48778816167777,127.84919473806104,140.20719902727734
8930e1d9e5bffff,10570464787,769.8362854666531,769.8362854666531,784.5413867549639,798.8156463658737
8930e1d9e6bffff,8482687980,155.68393025650533,155.68393025650533,234.75167289411934,286.2777283902024
8930e1d9e73ffff,2825714904,220.6989466512743,220.6989466512743,235.6510289386793,308.1117208316832
8930e1d9e7bffff,2824550303,60.4031014696385,60.4031014696385,131.87036311627332,200.01660272108856
8930e1d9e83ffff,13363604110,114.07697109070834,114.07697109070834,128.84557757612382,177.77555995821066
8930e1d9e8bffff,4644112573,119.58515492979286,119.58515492979286,181.90098235216377,207.78829195416907
8930e1d9e8fffff,4621493643,352.6451737476269,352.6451737476269,367.4137802330424,388.811098272926
8930e1d9e93ffff,3119042901,409.2359586010135,409.2359586010136,410.1178613202692,434.87989133172067
8930e1d9e97ffff,4613385588,0.0,0.0,99.34288560036265,146.56990912485983
8930e1d9e9bffff,13363604131,0.0,0.0,49.82622612436601,84.88068768332592
8930e1d9ea3ffff,2829530617,377.95680217558106,377.95680217558106,399.18776383310694,412.9066328519791
8930e1d9ea7ffff,5819694072,249.79832009916734,249.79832009916734,314.4103014513353,352.5057613405448
8930e1d9eafffff,7775271107,37.4616575240341,37.4616575240341,48.84229608304754,59.04599396583328
8930e1d9eb3ffff,4613270050,347.08002339958347,347.0800233995834,349.3320679335442,354.34095666830143
8930e1d9ebbffff,4621493631,632.8347417938551,632.834741793855,647.6033482792704,653.7799923699489
8930e1d9ec3ffff,4621505856,150.2685988474016,150.2685988474016,161.46509123920606,179.293480600381
8930e1d9ec7ffff,4621478345,193.2430884430889,193.2430884430889,206.13562808855414,215.9112000560705
8930e1d9ecbffff,2824029416,612.466563620853,612.466563620853,632.0011351084372,666.1988610954163
8930e1d9ed3ffff,1829429059,0.0,0.0,36.97697117612556,67.79209809435703
8930e1d9ed7ffff,10265961153,62.47276918005789,62.47276918005789,89.85044410047479,106.89351624062351
8930e1d9edbffff,1829434156,220.7531186764731,220.75311867647312,223.07427439215445,224.12663099989607
8930e1da003ffff,9758585512,225.33387838050928,225.33387838050928,241.66910908786713,283.1655847914786
8930e1da007ffff,3822997744,92.70688262566242,92.70688262566242,103.00783464303225,110.4683956482559
8930e1da00bffff,3823348603,131.48766078685952,131.48766078685952,137.7201205093936,189.54835610248537
8930e1da00fffff,3822999095,100.60328176831248,100.6032817683125,136.9137515756012,152.7670601501422
8930e1da013ffff,10159253111,111.12502212288126,111.12502212288128,172.43573408020504,206.954482439499
8930e1da017ffff,3823348971,231.71124061035175,231.71124061035175,255.55810855543191,269.41430989861857
8930e1da01bffff,3823348751,93.40602889479254,93.40602889479254,143.96880814693355,214.44059561422765
8930e1da027ffff,3811554560,0.0,0.0,50.803004681661086,112.89382515284144
8930e1da02bffff,3811554353,307.73609502203016,307.73609502203016,320.1943012390706,334.5608337881574
8930e1da02fffff,3811554476,234.71486176313266,234.7148617631327,255.99395382237367,306.82420628488177
8930e1da033ffff,3822944599,212.43192700725456,212.4319270072546,286.8344358769193,319.3061702571624
8930e1da037ffff,3811554616,104.50304478881361,104.50304478881361,121.79212782569533,146.97189517818697
8930e1da03bffff,3822999229,288.7523725388166,288.7523725388166,301.57558125044056,314.94413940594774
8930e1da043ffff,414686059,117.49544355163762,117.49544355163762,120.94772998217476,146.97083729067168
8930e1da047ffff,9692166281,190.07077388372952,190.07077388372952,262.1863841361234,300.33496821826094
8930e1da04fffff,10180522567,563.7862000350337,563.7862000350337,599.7640952192946,664.2423427436435
8930e1da053ffff,10915550869,355.7452844777549,355.7452844777549,487.86933723212314,534.8933457167708
8930e1da063ffff,3822999558,78.493303991169,78.493303991169,119.51456176054813,135.97873600361604
8930e1da067ffff,3811554272,283.7758203068165,283.77582030681657,294.77049729858936,299.06219893041947
8930e1da06bffff,436849390,20.993806272045923,20.993806272045923,81.1562898136962,102.18670152720897
8930e1da06fffff,3811441444,146.8928085520081,146.8928085520081,159.24254217254136,164.4590978836455
8930e1da077ffff,3822999174,254.32121619963073,254.32121619963073,263.6403682967988,270.7477814078161
8930e1da07bffff,9692166342,165.6430984381371,165.6430984381371,222.94269002064533,260.657555763576
8930e1da087ffff,3823349173,104.35122093822162,104.35122093822162,117.88372673092307,136.5629625799721
8930e1da08bffff,8509859725,331.170120177486,331.170120177486,484.1196310262461,537.4676392524483
8930e1da08fffff,10232972630,86.719984639687,86.719984639687,98.72440162351009,136.7829683603371
8930e1da0a3ffff,3822944283,179.38723292335942,179.38723292335942,193.08354160840832,213.50310167499777
8930e1da0a7ffff,3820984281,41.35714322304112,41.35714322304112,85.79695112352542,101.76558776450982
8930e1da0abffff,3822944432,85.17167286936544,85.17167286936544,111.61127286248721,122.51046275020794
8930e1da0afffff,3822944369,137.69350221500588,137.69350221500588,177.80426824769907,198.4098668715171
8930e1da0b3ffff,3823349226,280.5888882913792,280.58888829137925,295.14923854949416,312.3604229666826
8930e1da0b7ffff,3820983939,132.24832920772133,132.24832920772133,151.23713719799593,165.82703052668796
8930e1da103ffff,3811092415,209.07405796701505,209.07405796701505,246.08720374346902,301.3241240414873
8930e1da107ffff,3811139917,140.3394428225733,140.3394428225733,176.02305687408494,208.44205591737287
8930e1da10bffff,436862858,93.27318292297046,93.27318292297046,123.75884070056992,141.4387367189406
8930e1da10fffff,3811139686,405.3839168655601,405.38391686556,448.4063724064723,494.3676355230041
8930e1da113ffff,10789220105,67.9686972169365,67.9686972169365,97.46095468328436,146.4454004534376
8930e1da117ffff,3811140061,133.87084206920505,133.87084206920505,141.5434407254586,144.34662023904104
8930e1da11bffff,3811092381,148.15857038603826,148.15857038603826,188.98234667073993,206.90009569313716
8930e1da12bffff,3811714788,327.7062913439276,327.7062913439276,434.7052792535527,524.0897018944324
8930e1da12fffff,8374148086,618.4805367193406,618.4805367193408,645.2728160551882,671.3505914775029
8930e1da133ffff,11204976852,162.25007924584435,162.25007924584435,183.1670555183967,191.46076017859946
8930e1da13bffff,3811139713,238.97689609222303,238.97689609222297,251.7448960750201,278.92773350402996
8930e1da143ffff,3811327053,256.61508390068803,256.61508390068803,278.5822030451668,311.95281558882454
8930e1da147ffff,3811327156,0.0,0.0,40.18328628124111,70.6925766696863
8930e1da14bffff,3811326803,98.76136621664632,98.76136621664632,251.05721587068942,307.90009727378117
8930e1da14fffff,10682150155,1389.6090610527456,1389.6090610527456,1457.0781445360267,1495.6982611404603
8930e1da153ffff,3811078666,223.19408216656876,223.1940821665688,230.83512474756373,234.4588698322641
8930e1da157ffff,3811078686,141.66828253387857,141.66828253387857,171.79544473325507,185.16252364779425
8930e1da15bffff,3811326853,147.77258162485938,147.77258162485938,269.75010242670487,332.60301391371394
8930e1da167ffff,10682149113,1030.1477483543908,1030.1477483543908,1058.7105553950291,1097.036704813738
8930e1da173ffff,3811678425,246.25977781755483,246.2597778175548,256.15207548087176,283.2492372906
8930e1da177ffff,2309932436,161.83714088025144,161.83714088025144,202.90301446109532,221.76754697546303
8930e1da17bffff,4583483762,538.8422613034026,538.8422613034027,555.4261552126624,566.3342240219878
8930e1da183ffff,4580507749,24.308604333490976,24.308604333490976,63.30321864974384,147.78549691792475
8930e1da187ffff,3819769144,7.857841157073465,7.857841157073465,130.95236536164626,208.71785267387713
8930e1da18bffff,4580515499,223.9083380764706,223.9083380764706,244.04179992960113,251.38892417415693
8930e1da193ffff,3819769192,233.77624922715313,233.77624922715307,243.61858245113768,252.51756086274796
8930e1da197ffff,3819769309,257.5918197432262,257.5918197432262,263.34899029598705,301.8670488044279
8930e1da19bffff,3819768781,231.21561030571323,231.21561030571323,232.70146131570613,237.4769657278098
8930e1da1a3ffff,3819769077,142.05169296259857,142.05169296259857,171.1691675826871,184.2079759405071
8930e1da1a7ffff,3824954013,191.87867806944382,191.8786780694438,241.00655639939248,307.5832557374279
8930e1da1abffff,3811140112,67.386263634775,67.386263634775,139.54857327873245,168.4296603473944
8930e1da1afffff,3819768733,272.19835864890194,272.19835864890194,302.90920274013644,314.4264321212747
8930e1da1b3ffff,8370698273,331.3682418364837,331.3682418364838,364.96516550788556,376.51082418193454
8930e1da1b7ffff,3819769356,327.11903289493586,327.11903289493586,356.1468176081993,366.6213995590454
8930e1da1bbffff,4580517237,181.47900533377873,181.47900533377873,201.66775970436825,229.46311077213412
8930e1da1c3ffff,3819767896,225.91089255382622,225.91089255382624,231.73772927130346,272.8857184014926
8930e1da1c7ffff,4583516175,35.34054589075665,35.34054589075665,92.36056594772292,117.5508636687493
8930e1da1cbffff,3819767613,164.46837861513833,164.46837861513836,182.8789696014926,191.94726972781305
8930e1da1cfffff,3819767789,151.59430993638384,151.59430993638384,173.25498757616378,188.6334006482917
8930e1da1d3ffff,3819768052,216.29905762534588,216.29905762534588,225.8128342851042,231.20381156887893
8930e1da1d7ffff,3819768180,104.93510327758602,104.93510327758601,109.48842120004386,128.64069163351198
8930e1da1dbffff,3819767827,212.24803712155315,212.24803712155315,243.79002738157567,254.75942327737152
8930e1da203ffff,3811629479,225.76224646883344,225.7622464688335,311.8924523896385,360.84548633091777
8930e1da207ffff,3811629566,41.952310519731164,41.952310519731164,171.48807780783667,233.23190964808077
8930e1da20bffff,3811629196,154.00969156191695,154.00969156191698,167.94094798157357,196.4115174716865
8930e1da20fffff,3811629374,0.0,0.0,130.56944242825443,200.20856935194288
8930e1da213ffff,10203648046,347.42597211766997,347.42597211766986,361.601088614338,387.05859565118993
8930e1da21bffff,3811629405,161.95001227317624,161.95001227317624,220.29366365275902,259.72238168203967
8930e1da223ffff,4581894651,328.09110333847127,328.0911033384714,330.74069454704426,360.8723571240555
8930e1da227ffff,3811439906,354.26104128285306,354.261041282853,365.0132276161551,402.35011882817054
8930e1da22bffff,6032472110,104.87488678284214,104.87488678284214,145.6247850280638,161.1517823590187
8930e1da22fffff,3811524343,389.32992721965263,389.3299272196526,451.6353145879219,489.992944487579
8930e1da233ffff,3811629648,55.2788398309405,55.2788398309405,107.06503023862834,126.07085305889876
8930e1da237ffff,3811629680,0.0,0.0,46.72880995944773,65.58804128571221
8930e1da23bffff,3811629467,142.38425792439745,142.38425792439745,236.89939717079167,280.38233371485995
8930e1da243ffff,4103448484,236.63019205312224,236.63019205312224,353.11730277954587,398.8972650463086
8930e1da24bffff,4672220032,299.4053242564237,299.4053242564237,350.41433764554824,376.5752314509109
8930e1da24fffff,3855510816,263.9064376797202,263.9064376797202,300.10004733860035,318.07718991741945
8930e1da253ffff,4672280776,302.95268317873047,302.95268317873047,328.32336327487633,346.12086597652484
8930e1da257ffff,9891051202,308.65604484344783,308.65604484344783,322.6669588478477,366.12436900316976
8930e1da25bffff,4674626816,155.07460494734121,155.07460494734121,168.81143896082284,186.28828210348482
8930e1da263ffff,5643497444,402.9940182110476,402.9940182110476,407.6009577903676,415.73206634505385
8930e1da267ffff,3966543493,214.63229726300406,214.63229726300406,264.6487426940622,328.4904649279237
8930e1da26bffff,3855510765,184.31206201371657,184.31206201371657,197.30815091385463,249.67297320988413
8930e1da26fffff,5756085337,44.791636112519654,44.791636112519654,74.90870479787151,118.29202464702757
8930e1da273ffff,5643497449,367.93647318549415,367.93647318549415,395.71966463108834,467.90685537325777
8930e1da277ffff,4581782759,285.4912386680022,285.49123866800227,303.4580738609076,367.67721128574294
8930e1da27bffff,3855510836,99.51869540302279,99.51869540302279,108.3876044418114,244.87381011198997
8930e1da28fffff,3823125224,516.1357820970625,516.1357820970626,576.2422131129413,612.6024578669122
8930e1da293ffff,8460251116,181.53734712809808,181.53734712809808,263.0644650598947,373.50384813724
8930e1da297ffff,10203286064,371.348052459272,371.348052459272,452.87517039106865,563.314553468414
8930e1da29bffff,3823125427,199.62322054091214,199.62322054091214,324.51873619103185,368.1971003272374
8930e1da2a3ffff,3823124838,173.81705255418166,173.81705255418166,190.9203420221442,205.2311087530394
8930e1da2abffff,3811629696,0.0,0.0,89.40185899803473,122.91618381988162
8930e1da2afffff,3811440413,45.73750581099739,45.73750581099739,75.94736661091187,87.58389027258072
8930e1da2b3ffff,3823124986,572.8178895399803,572.8178895399805,573.7342688252123,582.4888908632244
8930e1da2b7ffff,3823124779,296.2264104007575,296.2264104007575,303.3228660419354,305.91858484104415
8930e1da2bbffff,4659755543,327.01610760190783,327.0161076019078,417.63432734100786,462.7143791621731
8930e1da2c3ffff,2605603657,112.12832097662866,112.12832097662866,239.2626185529889,290.38864742329537
8930e1da2c7ffff,6033413577,0.0,0.0,67.49335297930213,126.01073332715613
8930e1da2cfffff,7836559859,0.0,0.0,77.92239976533389,142.2745751262502
8930e1da2d3ffff,6483619567,152.4228558683098,152.4228558683098,174.03386815749815,196.25576146958988
8930e1da2d7ffff,7738724583,150.02384789928473,150.02384789928473,237.38355488577525,276.1957114910834
8930e1da2dbffff,4587538899,202.46658558021392,202.46658558021392,213.58333731767456,248.98060133584644
8930e1da303ffff,10572566352,346.46702954584373,346.4670295458438,401.78034991631694,423.0478332265775
8930e1da30bffff,10784761204,47.51460261902097,47.51460261902096,60.91337528155696,70.08276573705372
8930e1da30fffff,3811440519,199.00333074156143,199.00333074156143,251.5186345716328,296.73346737709045
8930e1da313ffff,3811066682,0.0,0.0,25.997716555016282,55.94523548475817
8930e1da31bffff,3811440600,163.39198825591262,163.39198825591262,176.70102809984496,200.68452259146076
8930e1da323ffff,3820786365,199.82635897254028,199.82635897254028,200.2327870014195,219.02561353620004
8930e1da327ffff,2300585373,94.54267232776785,94.54267232776785,106.18866008351833,153.6548678893125
8930e1da32fffff,3825027184,0.0,0.0,93.19242942955208,175.49217599934187
8930e1da337ffff,10682126175,506.98957294065696,506.989572940657,527.7510741985157,558.0885880998786
8930e1da343ffff,10752017043,134.07354488286998,134.07354488286998,140.7533874584712,170.53632316461287
8930e1da347ffff,13598374614,92.8853032373523,92.8853032373523,117.09903653741893,131.73016227449833
8930e1da34bffff,3811524135,178.0701416769126,178.0701416769126,183.72719438204058,193.02023480575372
8930e1da34fffff,3811435004,81.64674276687427,81.64674276687427,93.77546024344423,134.24364869024248
8930e1da353ffff,3811439952,99.54162523079518,99.54162523079518,143.0259487738931,174.42811512215212
8930e1da357ffff,3811440040,35.39751474093874,35.39751474093874,91.49801757883802,120.20182046233622
8930e1da35bffff,436873096,199.87171362926858,199.87171362926858,227.06992307412713,237.5382988432865
8930e1da363ffff,3811524439,234.2834637029627,234.28346370296268,254.7251567945654,269.0035288910887
8930e1da367ffff,2329649100,54.20901312598171,54.20901312598171,56.95755835208901,83.61084514652903
8930e1da36bffff,11665462706,124.54500785965043,124.54500785965043,186.79378349481453,219.05367594767065
8930e1da36fffff,3825312031,42.50816380085898,42.50816380085898,122.02239029772525,152.37811594802253
8930e1da373ffff,3811524557,111.04561379636733,111.04561379636733,159.97569139302558,197.88600108108494
8930e1da37bffff,3811524409,294.1388115919206,294.1388115919206,294.21483718077184,301.76347016499443
8930e1da383ffff,9774398683,259.1674085787796,259.1674085787796,262.7145102462056,267.5008267094203
8930e1da387ffff,3811067080,118.78912761492997,118.78912761492997,135.17059763810838,162.05063062839255
8930e1da38bffff,3811066732,160.84294600341306,160.8429460034131,180.8301999797531,194.48534095824277
8930e1da38fffff,7445035407,0.0,0.0,87.69614664978027,144.8861628504896
8930e1da393ffff,436867900,0.0,0.0,40.6976604067025,59.48181605160294
8930e1da397ffff,9764159728,490.8383365268402,490.8383365268401,606.7506556511843,652.9428457292007
8930e1da39bffff,3811066969,114.5347315980369,114.5347315980369,161.29082620000298,186.31643730848177
8930e1da3c3ffff,3811440762,48.18245198912695,48.18245198912695,77.62909732590022,162.4900346558322
8930e1da3c7ffff,3811441192,68.12280682030335,68.12280682030335,91.21623270220618,130.6753160944966
8930e1da3cbffff,3811440318,201.61438011362748,201.61438011362748,207.1751187968953,232.26258663972885
8930e1da3cfffff,3811440476,249.76874586950368,249.76874586950368,284.13536712823293,305.4194783959677
8930e1da3d3ffff,3811441250,172.009783762785,172.009783762785,252.8285254482834,291.11301619018803
8930e1da3d7ffff,4582193537,170.8856531535537,170.8856531535537,179.65835851534493,195.7678616741151
8930e1da3dbffff,3811440553,102.80480327790919,102.80480327790919,193.09334254376964,246.3360650611336
8930e1da503ffff,3823586623,537.0806519263834,537.0806519263834,543.7660168594191,574.4008386526543
8930e1da507ffff,3823586723,359.1773955127752,359.1773955127752,371.79481009404924,411.56140669384894
8930e1da50bffff,3823585037,0.0,0.0,74.54020074808106,108.79478601879872
8930e1da50fffff,3823586300,172.26894571311885,172.26894571311885,248.77333743817977,281.114735738031
8930e1da51bffff,3823349652,53.31996239431714,53.31996239431714,109.66113738803,148.4040534749597
8930e1da523ffff,4580111217,49.50005907209722,49.50005907209722,127.60456096937422,179.8875052842657
8930e1da52bffff,3823585054,144.12498450800797,144.12498450800797,157.872237110967,167.26460410852022
8930e1da52fffff,3819769546,259.468700253768,259.468700253768,268.2323017026241,290.71962893824076
8930e1da533ffff,3823586793,123.7101075156963,123.71010751569631,129.01849968399617,133.93340112460695
8930e1da537ffff,3823586977,167.933748306594,167.93374830659397,169.25299902201505,202.58127774075172
8930e1da53bffff,3823586521,143.12169485365663,143.12169485365663,166.1172379615353,204.34280504889
8930e1da547ffff,4583405484,276.3724229192538,276.3724229192538,277.22301049735137,281.89687501587315
8930e1da54bffff,3823349282,59.847029263916646,59.847029263916646,121.37661839720833,144.63871381876868
8930e1da54fffff,3823349312,145.54842535867004,145.54842535867004,154.11370426424864,169.63504304612266
8930e1da557ffff,3823349486,49.56560207035578,49.56560207035578,90.63761009367616,122.6767103568199
8930e1da563ffff,3820983728,188.6398931695536,188.6398931695536,196.67843978611398,219.75944825949
8930e1da567ffff,3823584976,103.37708348908264,103.37708348908264,114.03593041154687,123.55940573161543
8930e1da56bffff,3820984117,152.71670153729423,152.7167015372942,171.62455645668877,180.75731902572264
8930e1da56fffff,3819768583,60.42796101575934,60.42796101575934,93.07237955947085,138.60967896225762
8930e1da573ffff,3820983735,62.35332362735045,62.35332362735045,114.78462751924953,145.43555910860744
8930e1da577ffff,4580122457,122.34325975369815,122.34325975369815,168.51366993213855,202.8669677344335
8930e1da57bffff,3820983892,217.86168410458427,217.86168410458427,241.0560620486812,263.4521798630342
8930e1da5a3ffff,3823587906,610.7274278190038,610.7274278190038,637.5178624235506,678.1912381237385
8930e1da5a7ffff,3823588208,96.55300175489775,96.55300175489775,157.61224974850717,183.48256360926453
8930e1da5abffff,3823587114,202.07463789412577,202.07463789412577,224.0236880098164,283.1153674205441
8930e1da5afffff,13198663367,154.5213511502266,154.5213511502266,171.9409362687411,189.74904804329617
8930e1da5bbffff,11655519582,325.28464095884175,325.28464095884175,474.36136299114855,608.4345182431512
8930e1da5c7ffff,3823349797,75.82552723304381,75.82552723304381,179.92225530107552,245.88799090486546
8930e1da60bffff,3823207502,357.3237978998054,357.32379789980536,432.993973358694,470.9011307037642
8930e1da643ffff,2605603660,0.0,0.0,61.054073897903066,109.26180614675998
8930e1da647ffff,3823206892,49.40171008793583,49.40171008793583,54.426521569548996,94.21609878075742
8930e1da64bffff,2605603663,0.0,0.0,53.23728979274074,75.99024438742812
8930e1da64fffff,2605578793,0.0,0.0,53.562021226529374,104.95485281651979
8930e1da657ffff,3230872623,125.5684496637999,125.5684496637999,186.27683309292323,234.59979549804007
8930e1da65bffff,2605603670,0.0,0.0,58.52037396429319,118.52588314465855
8930e1da663ffff,3823206717,181.6288792039906,181.6288792039906,284.3038471205173,318.81345353976536
8930e1da667ffff,11729817167,2052.130568589706,2052.130568589705,2055.5828550202423,2065.831523776909
8930e1da66bffff,9052183228,158.84809562596456,158.84809562596456,249.68766830740415,311.86780229544235
8930e1da66fffff,3823125451,85.77900457392464,85.77900457392464,95.2117946505634,146.49566970451932
8930e1da673ffff,10203285884,334.0666721516463,334.0666721516463,346.9232851498946,355.3215130092524
8930e1da67bffff,3823206677,97.61852727290716,97.61852727290716,142.07872284960965,174.51130250987197
8930e1da6c3ffff,9891051086,750.2875123319234,750.2875123319235,837.0046860777404,875.2336490405772
8930e1da6cbffff,8457229512,70.1896651754222,70.1896651754222,158.2034140973193,215.24173105630112
8930e1da803ffff,4590214477,393.4851570132822,393.4851570132822,422.4603627636192,493.09506804862593
8930e1da80bffff,8482431951,58.87291062703718,58.87291062703718,94.52073555147844,120.18484500584202
8930e1da813ffff,2279623767,77.6787790250281,77.6787790250281,164.86228208643894,254.8997531418037
8930e1da817ffff,4590235199,355.74026746156494,355.74026746156494,451.79675461743665,500.54210086833535
8930e1da81bffff,10676244856,422.0232422686538,422.02324226865386,457.67106719309515,483.3351766474587
8930e1da847ffff,10676255077,324.0839971387678,324.0839971387678,336.90553498659887,357.83937904153646
8930e1da84fffff,8482494519,550.2551131691489,550.2551131691489,563.0766510169799,651.2235883933422
8930e1da857ffff,4593188606,293.3270721364027,293.32707213640265,329.5124302766274,349.4816106587039
8930e1da86bffff,12769527132,709.9392690387989,709.939269038799,739.6974289263253,837.2591501354403
8930e1da87bffff,4590275329,252.0993822778227,252.0993822778227,266.3354319509993,277.5417524166456
8930e1da883ffff,7919488389,0.0,0.0,19.49900671317439,68.2556962235485
8930e1da88bffff,2305266920,324.7556083184474,324.7556083184474,388.7168640378769,413.303548470364
8930e1da88fffff,4294500725,0.0,0.0,63.81702238837288,140.97598315291847
8930e1da893ffff,2457192145,134.21721623075177,134.21721623075177,136.81992904707568,159.39054352554302
8930e1da8a3ffff,2523186128,432.6320078494066,432.63200784940653,469.11091943547797,488.36450790901455
8930e1da8a7ffff,8482533122,581.0943694236194,581.0943694236194,624.8072502888643,650.9849613212847
8930e1da8abffff,4637050899,70.54086112053683,70.54086112053683,113.13070096950625,135.00993368699844
8930e1da8afffff,7682259927,43.967622622244384,43.967622622244384,72.51954219834792,92.14415624981007
8930e1da8b7ffff,2303507782,294.41720317471584,294.4172031747159,342.4237663736693,396.1166482215078
8930e1da8bbffff,2304465043,257.42558271358973,257.42558271358973,377.14286102926775,421.2757704951039
8930e1da8c3ffff,2296749719,0.0,0.0,63.274101963842845,102.72234708487575
8930e1da8d7ffff,8959714290,385.50235076864163,385.5023507686416,414.7164898277354,445.07110942712217
8930e1da983ffff,2523186734,147.35163178559478,147.35163178559478,217.5100516011658,278.5793245251348
8930e1da98bffff,2523186470,514.6852724456985,514.6852724456985,646.7274890992292,723.1359378178514
8930e1da993ffff,4197540205,0.0,0.0,106.58875485539005,202.558864588338
8930e1da99bffff,439215000,385.0868024553346,385.0868024553346,486.42777365716887,525.2396178484483
8930e1da9c3ffff,8483623900,494.6596219072159,494.659621907216,500.707464557393,512.7026160673303
8930e1da9d7ffff,2523186341,509.94434433712127,509.94434433712127,517.1123147602034,533.5127372945605
8930e1da9dbffff,436856027,186.80662990211542,186.80662990211542,213.8383125902734,233.96967227105074
8930e1daa07ffff,2419997690,164.25529586503455,164.25529586503455,268.5708816447873,317.4515352105595
8930e1daa23ffff,12192804704,230.92075417436342,230.92075417436342,244.07649132616805,263.0183474927797
8930e1daa2bffff,2419990535,92.37117897085207,92.37117897085209,165.10818097172046,192.95384482806136
8930e1daa2fffff,2323213746,165.27766411707034,165.27766411707034,183.67986659147334,194.5346091262259
8930e1daa33ffff,10684173979,433.26974466355784,433.2697446635578,453.17635248058014,461.5489255209104
8930e1daa37ffff,5895180216,255.18350872712153,255.18350872712156,289.1803550691926,320.1689537319557
8930e1daa3bffff,2419990667,51.069669859225904,51.069669859225904,65.07100956936141,121.04000637353352
8930e1daa43ffff,2064295248,78.37400539557504,78.37400539557504,125.52075572768618,164.8849883828625
8930e1daa47ffff,8382462515,135.6292751391588,135.62927513915878,347.35006192184505,449.3548244041479
8930e1daa4bffff,4591927851,0.0,0.0,26.268951378151534,54.63947329642008
8930e1daa4fffff,1149288261,71.82733871158295,71.82733871158295,123.7213264386013,144.94961458205225
8930e1daa53ffff,11296428358,119.10782868488792,119.10782868488792,131.02242615668487,158.17552436249522
8930e1daa63ffff,4593020370,85.60235969154004,85.60235969154004,129.74148317253187,153.31752513385095
8930e1daa67ffff,4450129400,32.338581755990894,32.338581755990894,122.49274708458046,159.45934132571176
8930e1daa6bffff,7217810887,335.1033996302199,335.1033996302199,365.3174555469592,429.79720422844565
8930e1daa77ffff,2419990419,294.0784072610733,294.0784072610734,336.5719916231718,395.2364244882761
8930e1daaa7ffff,4593146793,324.4240645365768,324.42406453657674,354.18222442410297,451.74394563321795
8930e1daaafffff,4593133972,390.90087052032374,390.9008705203236,399.22261333073783,423.6836684566413
8930e1daac3ffff,4588381130,738.1364894168682,738.1364894168685,749.5358854342502,798.9036577498301
8930e1daad3ffff,5053350384,406.87885749904746,406.8788574990475,418.2782535164293,467.64602583200923
8930e1daadbffff,8356500244,192.87137797291444,192.87137797291444,319.3605974985128,400.1004790234891
8930e1dab03ffff,9332925368,213.68373411679093,213.68373411679093,252.98403930533777,324.55533231852
8930e1dab0fffff,4214866048,232.5373682327113,232.5373682327113,236.5200341947662,251.1264963639712
8930e1dab2fffff,4014319825,282.7896208893747,282.7896208893747,361.2957321501952,480.9608983866483
8930e1dab47ffff,2454980074,168.3008097107982,168.3008097107982,241.52708649797913,276.4017206486711
8930e1dab4bffff,4448593958,612.134683566651,612.1346835666508,617.6095413293044,628.8595268012344
8930e1dab4fffff,3199472196,0.0,0.0,46.56061170943781,107.83043793830036
8930e1dab63ffff,4198110652,91.35884921868829,91.35884921868829,147.32441317406187,174.95736024493934
8930e1dab6bffff,436836526,0.0,0.0,67.33068722451084,93.79552965195376
8930e1dab73ffff,2454980103,203.96327780359894,203.96327780359894,219.6620906360464,261.38618526610963
8930e1dab77ffff,436836534,0.0,0.0,23.773126442108445,103.94243875942779
8930e1dab7bffff,5803683701,647.113080028749,647.1130800287489,662.5553772119313,668.8307449447681
8930e1daba7ffff,3844428543,776.4706513836588,776.4706513836588,798.4650882526371,864.3312024265351
8930e1dabcbffff,4535236139,222.32804198415843,222.32804198415843,249.9519552651003,271.5046424160193
8930e1dabdbffff,436869319,0.0,0.0,29.758159887526237,134.436694496298
8930e1dac23ffff,4590224859,287.5766425989294,287.5766425989294,396.3364552035382,512.5272948216248
8930e1dacc3ffff,4641474938,211.91975111709058,211.91975111709058,244.73138573947588,311.9739371999853
8930e1dacdbffff,3824953825,178.87888746003705,178.87888746003702,206.6959214476816,294.1480291115343
8930e1dad4fffff,2523186434,249.7460956600025,249.7460956600025,329.7335698592057,424.7452265550707
8930e1dad7bffff,2523186582,68.60172773319404,68.60172773319404,315.1855337177244,453.2296515980518
8930e1dae03ffff,8374498331,199.0925712037653,199.0925712037653,276.0896703338774,315.3487026466973
8930e1dae07ffff,4586322748,39.36194747682873,39.36194747682873,76.99709913011212,90.41108105260139
8930e1dae0bffff,4588308873,114.99967009376861,114.99967009376861,153.3703337754105,173.39183290318192
8930e1dae0fffff,4588355433,69.43661527973643,69.43661527973643,83.19820376211416,113.4315108073863
8930e1dae17ffff,8374498579,218.91824703614074,218.9182470361407,259.1193845498527,302.27614912064206
8930e1dae1bffff,8374406062,122.85662203373883,122.85662203373883,154.39320141917085,181.632016854835
8930e1dae2bffff,4588353188,0.0,0.0,25.26317075540387,82.63565332748078
8930e1dae33ffff,4586322725,89.72250187150357,89.72250187150357,121.22142611494154,150.65047214030724
8930e1dae3bffff,4656535022,383.47171360967786,383.4717136096779,399.7303503207711,413.06858830498277
8930e1dae43ffff,3825027403,427.4021351329539,427.40213513295384,434.9861666250175,467.5457637133363
8930e1dae47ffff,3825027519,139.29223611054772,139.29223611054772,146.78383789626443,162.01075721416268
8930e1dae4bffff,8382417530,55.59635227918621,55.59635227918621,143.77088331837817,185.27969007523924
8930e1dae4fffff,3825027198,93.09131702368215,93.09131702368215,95.1244826344743,119.4726904316019
8930e1dae57ffff,8382398008,346.5540716997273,346.5540716997273,410.3998831108807,436.24692531485243
8930e1dae63ffff,4588304099,414.43632240699543,414.43632240699543,415.3120143645914,419.7741637769034
8930e1dae6bffff,1833774982,0.0,0.0,61.41078291883596,86.88618659054127
8930e1dae73ffff,4588371183,183.58436712793596,183.58436712793596,220.884354965279,259.7917468026855
8930e1dae77ffff,4588274128,405.3282748853219,405.3282748853219,488.1199655053693,516.7456306090079
8930e1dae7bffff,1833778320,143.56281818550394,143.56281818550391,179.8470947461451,192.9685598553422
8930e1dae93ffff,8374239415,441.7082156519344,441.70821565193444,514.2090556541267,591.3870081629461
8930e1dae9bffff,3811678060,418.7043788750369,418.7043788750369,490.47500652341944,533.3294486690792
8930e1daea7ffff,4586296482,100.23849678255091,100.23849678255091,207.1781092030322,270.66973286270354
8930e1daeabffff,4586322742,26.962882811322714,26.962882811322714,39.74536235175279,58.75783884723697
8930e1daeafffff,4586302769,226.30037800146025,226.30037800146025,233.86489988775034,287.9571950478221
8930e1daeb7ffff,4654939791,521.2860751141949,521.2860751141949,534.4551327679749,580.3017158670319
8930e1daebbffff,2453030267,181.54705148109008,181.54705148109008,217.40056984398922,244.40232348859368
8930e1daed3ffff,3811677873,0.0,0.0,67.46908348328128,135.29045032364456
8930e1daedbffff,3811798136,118.20662119282022,118.20662119282022,142.99322947522907,155.12747823194738
8930e1db00bffff,5815778177,179.36224804990727,179.36224804990727,241.9390993187401,501.21590852870776
8930e1db013ffff,8087279164,1463.712503549662,1463.712503549662,1480.7776897434323,1493.354558424664
8930e1db043ffff,2812530406,0.0,0.0,49.346507964708685,65.94206166270878
8930e1db04bffff,4686667501,261.93537917352955,261.93537917352955,286.15656598894793,348.0246479766531
8930e1db053ffff,4936393516,123.52783543456187,123.52783543456187,278.66255539760164,342.7869563632956
8930e1db06bffff,2817088807,0.0,0.0,88.70448440323368,150.73338047592327
8930e1db06fffff,8459847923,200.61821730239004,200.61821730239004,211.78647680576066,261.9040142665918
8930e1db07bffff,9030513722,682.2050200296463,682.2050200296463,700.9365691924907,721.0755585655519
8930e1db0b3ffff,8087288524,1399.9834622968024,1399.9834622968024,1422.1079127317582,1441.0909011945716
8930e1db0cbffff,12948949805,148.57449383284109,148.57449383284109,190.91256080518758,217.73981099976695
8930e1db0d3ffff,2598208145,402.95428328667356,402.9542832866736,458.428659807132,478.13033223812545
8930e1db0d7ffff,798566883,1081.6232695342676,1081.6232695342676,1144.2001208031004,1235.6406975827747
8930e1db0dbffff,4658433362,0.0,0.0,91.64383003817196,143.8804820787762
8930e1db103ffff,6583985217,131.64418821336,131.64418821336,146.14564559012257,172.78045076780973
8930e1db107ffff,6454567373,239.58211744342063,239.58211744342066,258.440337059271,277.7340971491931
8930e1db10bffff,3504544699,29.223973337879702,29.223973337879702,129.8147916980747,170.71221935126323
8930e1db10fffff,2374750057,142.88928917122115,142.88928917122115,158.658088017466,164.32515831629038
8930e1db113ffff,2374750053,40.15997380575584,40.15997380575584,77.59088644517945,105.14753127478673
8930e1db117ffff,2930463919,72.32069177805836,72.32069177805836,94.91685582015052,109.84261737520474
8930e1db11bffff,4634390376,72.94624142226724,72.94624142226724,80.33035624927763,94.54891099425242
8930e1db123ffff,3464948596,0.0,0.0,71.93577736312555,112.1641236271361
8930e1db127ffff,6270987426,64.79108544607683,64.79108544607683,69.85601116191776,73.49084136116761
8930e1db12bffff,3438593393,135.46923622374666,135.4692362237467,177.0758861136631,190.99904048835432
8930e1db12fffff,4258003048,152.6658242870081,152.6658242870081,157.85085503319212,176.9673355484473
8930e1db133ffff,6454567344,300.2315952847466,300.2315952847466,302.33877905387476,328.4564316627893
8930e1db13bffff,4638577980,139.4531768633916,139.4531768633916,155.8381817347506,172.83999113933245
8930e1db147ffff,6585522992,12.035541103519215,12.035541103519215,27.77433480436571,77.36988749165327
8930e1db153ffff,3494540108,234.51991012640278,234.51991012640278,300.8709324312926,324.567704867091
8930e1db157ffff,6585496832,152.3821653224769,152.3821653224769,158.60844213808815,164.14578416394522
8930e1db163ffff,2374776992,272.67905535254783,272.67905535254783,281.6524690386507,304.14304346669144
8930e1db167ffff,1969395184,46.31990354842452,46.31990354842452,124.2294466579617,158.6302597085701
8930e1db16bffff,3447932393,58.02178714504234,58.02178714504234,194.668458078909,240.65880921520844
8930e1db16fffff,5577887720,252.1374920619634,252.1374920619634,276.0438274707451,292.6652176058226
8930e1db173ffff,6585518470,113.86610443546863,113.86610443546863,123.03269615336995,161.77553063981512
8930e1db177ffff,6585518435,193.67458772898473,193.67458772898476,194.4917502516289,222.93315547403222
8930e1db17bffff,387154850,0.0,0.0,97.8172721124834,137.73161809487254
8930e1db183ffff,8460541544,138.623033033165,138.62303303316497,167.98131440733337,207.17248859378128
8930e1db187ffff,3855510383,160.9557027148838,160.9557027148838,190.3139840890522,208.01698988520988
8930e1db18bffff,355432281,127.62843196212998,127.62843196212998,177.04345111914563,206.67078035196437
8930e1db18fffff,3048485596,154.34921408441735,154.34921408441735,171.37843327114666,192.67392343194524
8930e1db193ffff,4100639030,189.57674828170775,189.57674828170778,197.75631210479781,216.03640923488513
8930e1db197ffff,8460570864,141.06655672786013,141.06655672786013,198.0444287508643,251.02113782206757
8930e1db1a3ffff,3855509944,147.17472086023656,147.1747208602366,184.21284897381236,243.04220880100647
8930e1db1a7ffff,3855510388,109.51156083496912,109.51156083496912,125.90607913308077,204.60038571914035
8930e1db1abffff,3634040198,419.8001806532479,419.80018065324793,506.05294122429217,535.4625953509761
8930e1db1afffff,3855509891,290.81479162240106,290.814791622401,345.21546675744025,397.92582884659487
8930e1db1b7ffff,4674668609,0.0,0.0,115.39074919687704,173.48422951839586
8930e1db1c7ffff,6583419264,33.53018305104499,33.53018305104499,90.9150572805108,111.69754754774742
8930e1db1cbffff,2139867170,1396.5477860920846,1396.5477860920846,1412.0030692048845,1417.3438373011822
8930e1db1cfffff,6584010583,0.0,0.0,39.05819268079762,62.65732358065369
8930e1db1d3ffff,2139811858,1086.9516879809812,1086.9516879809812,1091.561213087446,1111.8735635277417
8930e1db1d7ffff,6583349376,147.24719343356315,147.24719343356315,199.45271623272112,245.4599315767297
8930e1db1dbffff,9266047315,1475.6915700708191,1475.691570070819,1511.3514171285572,1536.043015096712
8930e1db203ffff,9687158313,906.4151972688056,906.4151972688056,917.5551730551288,951.4407275676134
8930e1db213ffff,4644172349,249.5727312523251,249.5727312523251,385.85320479696037,442.35812599309344
8930e1db217ffff,4632997194,283.0507700541602,283.0507700541602,353.93060398794074,394.833353061222
8930e1db21bffff,9687158316,590.7798537153035,590.7798537153035,636.0381975908685,711.4835143465701
8930e1db223ffff,2817101177,105.36027745958042,105.36027745958042,148.8235665603228,170.57824413094502
8930e1db227ffff,13071839128,11.683601310990435,11.683601310990435,78.61927077156007,105.27010053760876
8930e1db22bffff,11455186035,123.93778739324357,123.93778739324357,209.1580660776857,237.7455023471864
8930e1db22fffff,11433306038,155.57207671038296,155.572076710383,227.4312557608428,254.530337203189
8930e1db237ffff,4598539790,0.0,0.0,67.66066219619981,116.35250892014137
8930e1db23bffff,13167265267,499.71989573345627,499.71989573345627,557.2504169496767,578.471658821178
8930e1db247ffff,7455217762,251.61791135278241,251.61791135278241,277.3368969815524,295.1747501783852
8930e1db24fffff,2812775478,69.99887888647429,69.99887888647429,83.89616586733847,95.4536309388832
8930e1db263ffff,2814728181,117.18470822991672,117.18470822991672,139.18385171321233,148.24331739984174
8930e1db267ffff,11443206526,134.73319227806624,134.73319227806624,166.50275250773308,177.83194543413958
8930e1db26fffff,11443206623,119.35235366395212,119.3523536639521,151.56907266189305,165.8353169213066
8930e1db273ffff,4598752789,101.70979349600813,101.70979349600813,142.43303729241603,199.2466443480786
8930e1db27bffff,2814724828,243.77747858449146,243.77747858449146,249.15156698530762,256.72082654642304
8930e1db283ffff,4658444649,194.96251465700124,194.96251465700124,229.19484384928072,251.12095760899865
8930e1db287ffff,2808335788,261.1670647350125,261.16706473501245,279.70970380140045,309.45509621988293
8930e1db28bffff,4676723902,332.68117007982255,332.6811700798226,342.8109697057145,387.6459111086033
8930e1db28fffff,4644172364,609.1756732726654,609.1756732726657,691.6843581374399,728.7108235670567
8930e1db293ffff,4658444595,139.71655543479363,139.71655543479363,205.89238267461573,296.1884959656329
8930e1db297ffff,4658444612,96.7199257253619,96.7199257253619,109.267173673169,183.39140058194934
8930e1db29bffff,414685074,56.7205276311404,56.7205276311404,131.57630585280666,168.91393040586
8930e1db2a7ffff,12438692508,359.7157388299434,359.71573882994346,380.68495883179605,400.4312808408176
8930e1db2abffff,2929200056,0.0,0.0,356.82470827895975,503.87180791081954
8930e1db2bbffff,2808357307,293.513729519824,293.513729519824,345.3044394836672,370.24818866847664
8930e1db2c3ffff,1794320054,92.47996028876543,92.47996028876543,137.73830416433057,213.18362092003213
8930e1db2c7ffff,9687158351,611.343030822758,611.343030822758,656.6013746983232,732.0466914540248
8930e1db2cbffff,6237605847,109.88116385265339,109.88116385265339,203.78013461085948,248.8950125651644
8930e1db2cfffff,2929186913,379.6928806450649,379.69288064506486,424.95122452063003,500.39654127633156
8930e1db2d3ffff,2659647394,411.3842378647228,411.3842378647228,446.25715668539226,533.7312534625142
8930e1db2d7ffff,11155104504,86.29091141451995,86.29091141451995,175.68830576515856,215.38839697261628
8930e1db2dbffff,2605799327,32.67769468692004,32.67769468692004,134.03487039360488,190.78057653893316
8930e1db30bffff,2817079187,179.1489903744601,179.14899037446014,188.01795299561056,244.36468231975826
8930e1db31bffff,2134054229,469.1276379432588,469.12763794325883,471.11028733545487,487.52718712031265
8930e1db343ffff,5215341463,143.7574242893536,143.7574242893536,147.32521544430327,149.53306092908292
8930e1db347ffff,10253078722,9.41523650297951,9.41523650297951,50.294042424957404,69.75250953931781
8930e1db34bffff,3871598868,225.04234621412485,225.04234621412485,253.16516523413532,288.38396152704445
8930e1db34fffff,2815791964,0.0,0.0,108.45262777943192,155.76412880578403
8930e1db353ffff,11433237338,100.47358028054134,100.47358028054134,150.11309268964507,183.4501714464668
8930e1db357ffff,11433306048,0.0,0.0,49.00983634272057,98.64958299984436
8930e1db363ffff,2140367639,1176.0872066653294,1176.0872066653296,1176.4082829145398,1196.6309359231834
8930e1db36bffff,13057450351,221.02888059194498,221.02888059194498,293.36674571454165,328.1001064663454
8930e1db373ffff,3871598640,317.6128009546397,317.6128009546397,326.3610986651913,334.22864530579756
8930e1db37bffff,11433305979,54.776400934983485,54.776400934983485,66.56374516571098,110.19495790243529
8930e1db3a7ffff,387154319,556.4605400165487,556.4605400165486,576.5314071645016,585.1784578803399
8930e1db3b7ffff,3235521161,370.83470154922117,370.8347015492212,377.15685775563094,437.9237355207368
8930e1db3c3ffff,2817088227,100.48259152789807,100.48259152789807,131.29095166852687,177.5630027045125
8930e1db3c7ffff,2134054207,454.67411186355775,454.67411186355764,521.5249894036219,545.6194158260951
8930e1db3cbffff,2817086342,177.75671906160878,177.75671906160878,215.8591533566401,234.8724280402837
8930e1db3cfffff,11436629192,269.9022716456515,269.9022716456515,272.2981343418312,288.14931643590165
8930e1db3d3ffff,2817088220,165.81110068850668,165.81110068850668,177.0343525218007,182.61310957180035
8930e1db3d7ffff,5563746126,113.7570790440162,113.7570790440162,231.50588464619278,317.6612123969552
8930e1db3dbffff,4598547011,0.0,0.0,50.01283864370074,123.22528927446287
8930e1db443ffff,10681256710,36.412093578187175,36.412093578187175,84.90023740786138,104.96350383195416
8930e1db44bffff,798568113,239.22860741938797,239.22860741938797,285.38309464212614,334.1671423377724
8930e1db44fffff,10705895892,111.10909023246987,111.10909023246987,122.32702651668201,128.08068102363035
8930e1db45bffff,2825869602,213.42604770595585,213.42604770595585,266.55484967593384,285.5208174927882
8930e1db46bffff,3966618879,180.98478518050985,180.98478518050982,246.08728414768552,276.2185812663306
8930e1db47bffff,8456619716,0.0,0.0,54.46559658150592,88.1425278287076
8930e1db4c3ffff,10669942780,41.39742014417263,41.39742014417263,78.62369098833936,103.57497831621954
8930e1db4cbffff,8453295811,322.7653536837264,322.7653536837264,420.94255631723087,467.81070676492686
8930e1db4cfffff,4639333450,109.83761091185123,109.83761091185123,128.51952826552298,189.00206770584373
8930e1db4dbffff,10669942736,269.4863825829872,269.4863825829872,296.54721486665034,321.9116919081827
8930e1db517ffff,414685926,0.0,0.0,102.34558565333894,166.05075887878914
8930e1db527ffff,4668152450,726.1491661775658,726.1491661775658,761.1826165824781,820.2668450774323
8930e1db52bffff,4836277487,146.5681899217833,146.5681899217833,159.21048313057446,242.62205427395313
8930e1db543ffff,5703054986,923.468553132798,923.4685531327979,1178.9687496961244,1280.6644768344806
8930e1db553ffff,2858504968,280.28983117703297,280.28983117703297,535.7900277403594,637.4857548787155
8930e1db57bffff,8459688923,848.9708931516113,848.9708931516116,871.0953435865674,890.0783320493807
8930e1db593ffff,5818220971,91.13973426041234,91.13973426041234,220.6503680528145,304.52112050567627
8930e1db5a3ffff,6483618173,89.23659100659756,89.23659100659756,98.3705724097594,103.5681323582454
8930e1db5a7ffff,2881092161,53.22258080612069,53.22258080612069,149.19868116259335,197.93657786189146
8930e1db5abffff,2881092583,0.0,0.0,82.34465217751934,152.71680322824272
8930e1db5afffff,8460054286,281.48987870909366,281.48987870909366,304.8660954746958,322.5335367484085
8930e1db5b3ffff,2605603675,132.38754303559918,132.38754303559918,169.01716147799323,181.94155633940264
8930e1db5b7ffff,3422723888,149.37770816949288,149.37770816949288,180.64999976846843,194.4737723433341
8930e1db5bbffff,436776235,215.25076025855645,215.25076025855645,231.7518645527682,242.66509126112453
8930e1db5c3ffff,4681969841,113.25415542380688,113.25415542380688,126.69578223422016,246.6075299094372
8930e1db603ffff,4698742128,452.1160968328112,452.1160968328113,506.2178904881126,548.3579302626055
8930e1db607ffff,4655431499,68.68475547397763,68.68475547397763,202.20362228582192,263.80245442684696
8930e1db60bffff,2825812025,201.5344484876249,201.5344484876249,240.51755439143946,268.4121734528787
8930e1db60fffff,2825888296,199.1033817661326,199.1033817661326,267.01140672943995,301.5856318071855
8930e1db613ffff,2825816193,299.46883324847505,299.4688332484751,369.42034052604026,452.274567196413
8930e1db617ffff,4684995774,302.43993889548346,302.4399388954834,348.7516052420849,381.94405402973763
8930e1db61bffff,2825801524,240.00721866577965,240.00721866577965,289.0547886232969,330.24762933786286
8930e1db633ffff,2479739491,275.8184994820613,275.8184994820613,301.4573142876768,325.49519053462654
8930e1db637ffff,2484697103,77.84647858473133,77.84647858473133,110.59349762420216,156.80487781029225
8930e1db63bffff,4601055624,297.80908037268904,297.80908037268904,437.91952138292504,515.984333238123
8930e1db643ffff,4636743345,44.43502071071744,44.43502071071744,85.66622016783597,192.26053547232905
8930e1db647ffff,4600454394,384.8352130463986,384.8352130463986,390.71683440589334,407.7857699809654
8930e1db64bffff,2825796688,0.0,0.0,126.39242545785105,177.42680103481044
8930e1db64fffff,2825886958,220.41178047808444,220.41178047808444,277.1076381293766,304.4769769401509
8930e1db657ffff,2825801522,67.23604580926056,67.23604580926056,77.65863947386947,176.29104060186765
8930e1db65bffff,2825792014,282.8485734311671,282.8485734311671,326.4489402293193,346.2928885759622
8930e1db663ffff,4600431108,0.0,0.0,89.37188821123007,124.91200461444907
8930e1db667ffff,4658444630,117.55423000859045,117.55423000859045,134.00475336884784,151.45378748407379
8930e1db66bffff,4676620287,165.7178319073407,165.71783190734067,200.5907507280101,311.3134600522451
8930e1db673ffff,8456764835,92.85406568549922,92.85406568549922,102.04634754596896,129.96860592838155
8930e1db677ffff,4604815752,308.9989942068941,308.9989942068941,325.4495175671515,380.6153415375431
8930e1db67bffff,4600431101,243.08546351441325,243.08546351441328,243.7517243019229,301.8018313972043
8930e1db683ffff,2825822371,200.76198314532235,200.76198314532232,245.85186457327598,324.54575725092684
8930e1db687ffff,3413845558,193.95269923338108,193.9526992333811,215.52130373402264,256.1801492651205
8930e1db68bffff,2825826661,207.2865787428438,207.2865787428438,285.409951179922,345.9576243171293
8930e1db68fffff,4941450501,318.1923069748589,318.1923069748589,334.1835180655463,370.08732336105373
8930e1db693ffff,2825881889,322.63417528613377,322.63417528613377,344.45538341132544,365.7413502322129
8930e1db697ffff,2825881875,0.0,0.0,95.49589830249947,141.87533648679377
8930e1db6a3ffff,2825863131,213.75122670026394,213.75122670026394,249.4749241285349,281.44564620187566
8930e1db6a7ffff,2825866004,183.48043111259278,183.48043111259278,202.60604894338383,215.84730152585698
8930e1db6abffff,4655213709,141.65664325900087,141.65664325900087,153.75746137335736,166.81639853898218
8930e1db6afffff,4697166014,225.034688828478,225.03468882847798,234.8577943633482,273.73257969660176
8930e1db6b3ffff,4605117412,276.32058566955953,276.32058566955953,301.5301016227588,339.34811571621964
8930e1db6b7ffff,2825865486,0.0,0.0,25.209515953199315,65.12181725135436
8930e1db6bbffff,2825820857,68.34744254708642,68.34744254708642,98.76704290944225,120.80303923430641
8930e1db6c7ffff,2290015300,201.6958233970073,201.6958233970073,237.47475322890068,275.40411913331644
8930e1db6d7ffff,2825826660,382.3186957025159,382.3186957025159,512.2018916268659,579.1687131557845
