hex_id,registered_population,registered_senior_population,demand_index_final,access_cost_m0,access_cost_m3,official_400m_ok_m0,vulnerable_m3_final,hidden_vulnerable_final,access_cost_m4_ref_min,senior_hidden_robust,district_name,admin_name,admin_code
8930e036007ffff,2534.26827806746,603.7236516314715,0.31338768409502765,329.6211561479864,391.9305275409888,True,True,True,6.929887654529086,True,금천구,독산2동,11180530
8930e036027ffff,3395.8965426455297,926.4775457375002,0.3118452150037277,176.00368952189115,199.9806030487568,True,False,False,3.680131055128908,True,금천구,시흥4동,11180600
8930e03602fffff,3395.8230552920163,926.4574967218513,0.2916643638754727,131.96126092381616,154.96557184116932,True,False,False,2.9185698301468888,True,금천구,시흥4동,11180600
8930e036033ffff,2441.8550384224277,575.7990542833148,0.20340292412573518,217.93082567256508,264.2796686815498,True,False,False,5.024644912245708,True,금천구,독산2동,11180530
8930e03603bffff,2286.2215688112474,528.7332413125814,0.20756811752480364,432.9834947224182,481.53604698064686,False,True,False,8.56081115993434,False,금천구,시흥1동,11180570
8930e0360abffff,2534.3436631245727,603.7805872027072,0.21726984429753618,280.21456431149545,313.1484071409973,True,True,True,5.61491008381121,True,금천구,독산2동,11180530
8930e0360bbffff,2473.132745484962,477.4714815971403,0.22278819909031333,280.4242108202971,306.96444869650963,True,True,True,5.504623397583609,True,금천구,독산1동,11180520
8930e0360d7ffff,2258.6062312802874,341.3282338546891,0.20069868329708787,548.9539165057912,607.7883961654692,False,True,False,11.05911602006033,False,금천구,독산1동,11180520
8930e036117ffff,2910.5422313447752,746.4272985685034,0.23450563525725787,488.84648103334894,638.274130661592,False,True,False,9.856293230905088,False,관악구,난곡동,11210810
8930e036123ffff,2904.9914822132896,753.1094555415988,0.2915897884117308,383.61107223935073,541.6760024026725,True,True,True,8.766979697835282,True,관악구,난곡동,11210810
8930e036133ffff,2922.3358217783766,750.1037132649058,0.343631155921108,197.99524045696415,249.7968667905111,True,True,True,3.8865732385996674,True,관악구,난곡동,11210810
8930e036147ffff,3075.6051267118783,700.8969220543426,0.2583575899320881,400.33723796725985,520.0587951869262,False,True,False,8.044435269943843,False,관악구,난향동,11210710
8930e03616bffff,3066.778232583778,691.7916086277481,0.261144593721912,274.2997935068013,342.8087678016395,True,True,True,6.324562890666996,True,관악구,난향동,11210710
8930e03618bffff,2283.0276414168684,548.9296861117002,0.19509842132401942,523.0729113940678,757.4989408762791,False,True,False,14.084520961034274,False,관악구,미성동,11210830
8930e0361afffff,2922.39898727669,750.1199265537695,0.2829233517812834,206.31761284401452,254.18164675337366,True,True,True,4.0499383261973225,True,관악구,난곡동,11210810
8930e0361d3ffff,2413.913359214006,565.460500963635,0.2525093572570919,185.57761377909793,251.1167325953349,True,False,False,4.974228608068584,True,금천구,독산4동,11180550
8930e0361dbffff,2529.2090401953283,602.1159413776801,0.2166835682783557,217.98670459096232,271.7661934429567,True,False,False,4.278998275304075,True,금천구,독산2동,11180530
8930e036233ffff,1424.555549229682,370.16272244719784,0.13254026470010924,390.9408292779151,425.18904045787247,True,False,False,7.752834847203902,True,금천구,시흥3동,11180590
8930e0362a7ffff,2226.0797775389874,510.5582262518523,0.2216629027356876,251.577832531332,308.0336775274902,True,True,True,4.953529815041104,True,금천구,시흥1동,11180570
8930e0362afffff,1703.5882323931683,419.039063024292,0.18570890283369532,500.33275542285287,588.1194829104254,False,True,False,10.366801323738494,False,금천구,시흥3동,11180590
8930e036307ffff,3926.487548203083,987.7956096108385,0.3801783716005579,310.92926400172047,503.9638159843746,True,True,True,9.487295403707456,True,금천구,시흥2동,11180580
8930e036333ffff,3926.8028430432373,987.874929067481,0.39302904859835647,157.24839914159108,221.821528875399,True,True,True,4.038638286751038,True,금천구,시흥2동,11180580
8930e036387ffff,2438.320462329099,687.4348262486258,0.20620220503646688,385.77173038382676,685.3419948117615,True,True,True,13.343527440169566,True,금천구,시흥5동,11180610
8930e036393ffff,3342.2777799409887,907.4227923212352,0.3058370434544766,233.4729207408351,289.63525670503145,True,True,True,4.61951483309895,True,금천구,시흥4동,11180600
8930e0363abffff,3926.5726226218685,987.8170119803442,0.3613790527404769,352.92552900394855,433.4531779367574,True,True,True,22.922702360186136,True,금천구,시흥2동,11180580
8930e0363c7ffff,2402.8844374917007,679.9551656776907,0.2533225511078452,211.99078846397114,262.500207283787,True,True,True,5.010627493581024,True,금천구,시흥5동,11180610
8930e036507ffff,2423.7984082506878,421.37657875380125,0.30375088912779435,308.2409073043992,352.5485464272738,True,True,True,6.478042036833194,True,관악구,조원동,11210720
8930e03650fffff,2153.5947016147666,496.15978425668163,0.22508046018368427,328.0855307320815,355.16783992725027,True,True,True,6.557940485750079,True,금천구,독산3동,11180540
8930e036907ffff,3889.5277489619166,748.5598655910449,0.2975641477831135,670.8001704779352,894.2089145749861,False,True,False,14.108582193329916,False,관악구,남현동,11210630
8930e0369afffff,3766.9470148747814,724.8635855568373,0.33716228980660035,218.92480307291106,250.05004194651534,True,True,True,4.2974128010608466,True,관악구,남현동,11210630
8930e0369b3ffff,2954.1023925742443,667.5350273262083,0.2736699349819009,435.54807965446895,526.743007336112,False,True,False,9.533712212760193,False,동작구,사당4동,11200660
8930e0369b7ffff,2746.1983717646744,571.1975952969133,0.22636800220809744,371.6522415588778,411.0803630773372,True,True,True,7.346312957097157,True,동작구,사당1동,11200630
8930e0369d7ffff,3306.3072332150746,589.7071822605201,0.2405151474043814,368.13421000968464,515.113423961691,True,True,True,8.415662294919462,True,관악구,인헌동,11210620
8930e036c27ffff,2931.379319672239,425.2651252395216,0.2761469977864407,321.4196936650333,426.6130250320375,True,True,True,6.581080664539522,True,관악구,청룡동,11210800
8930e036c37ffff,2931.207321847206,425.2401729325606,0.25979275303718596,342.4851344532903,406.98349547044734,True,True,True,6.722856342971994,True,관악구,청룡동,11210800
8930e036c53ffff,2598.948524296182,805.0580316737146,0.2679857900296856,242.4448511737084,295.0067077530259,True,True,True,4.759102634150572,True,관악구,삼성동,11210820
8930e036c87ffff,3294.0519993054772,524.7761786256145,0.29392276636393094,302.1132538520751,393.7828257433858,True,True,True,6.0154566853805935,True,관악구,서원동,11210640
8930e036cb3ffff,3277.2533145479138,520.1529336383414,0.22462729986374558,228.31576080950722,334.2077812361538,True,True,True,5.335294940008971,True,관악구,서원동,11210640
8930e036cc7ffff,2717.228364098241,542.9267116561319,0.21897950449245093,599.9729667428796,1045.6653143251183,False,True,False,21.42754727309577,False,관악구,신원동,11210650
8930e036cd7ffff,2564.468443968469,523.2052391329776,0.27168383172285476,233.39893673992552,301.30212428014835,True,True,True,4.918349734534697,True,관악구,신원동,11210650
8930e036d13ffff,2937.771690523214,499.98614348327783,0.32502799590634734,303.9065515212768,368.21761660068734,True,True,True,6.054737203893473,True,관악구,중앙동,11210610
8930e036d23ffff,3056.5906686959297,549.2566385430308,0.29984707349616835,722.3223577690229,1003.7764263872216,False,True,False,15.073590296891435,False,관악구,행운동,11210570
8930e036d2bffff,3150.5922874562025,533.2769244016777,0.25169747154162425,436.82322886149814,571.4223829675398,False,True,False,8.983001171869152,False,관악구,행운동,11210570
8930e036d33ffff,3161.096573472809,538.0255780233249,0.25199972248589253,415.23058206560273,541.4434536909001,False,True,False,8.357317050173044,False,관악구,행운동,11210570
8930e036d37ffff,3253.1084037244286,653.2007224347698,0.2875953905617112,414.5893270151444,613.4971781773595,False,True,False,8.835542885025838,False,동작구,사당5동,11200670
8930e036d3bffff,3150.407404762511,533.2456307066287,0.2630160576410182,357.96601499578253,478.7728435099395,True,True,True,7.172827185938172,True,관악구,행운동,11210570
8930e036d83ffff,4365.118349643684,930.187324975931,0.42172277866610886,184.8955125689433,254.45177140400978,True,True,True,4.515601097753767,True,관악구,성현동,11210790
8930e036d8fffff,4043.7669836126242,833.312869300247,0.34113593096467254,161.22831843857685,201.00042793112834,True,True,True,3.4394087821575368,True,관악구,성현동,11210790
8930e036d97ffff,4313.359216832167,915.0811402080009,0.41187197572528106,263.1316956160728,315.18913260251713,True,True,True,5.358541302694083,True,관악구,성현동,11210790
8930e036da3ffff,4203.0954978370055,900.9128413918879,0.37011121538770086,149.90417788753265,200.97269076307646,True,True,True,2.942563491866382,True,관악구,성현동,11210790
8930e036da7ffff,3773.77892508662,819.11993383562,0.320716103155096,197.3223918275263,289.03750854195414,True,True,True,5.892987922985654,True,관악구,청림동,11210540
8930e036dbbffff,4365.7249965299125,930.3165987318995,0.3705424421357162,357.9892388682182,501.15630541108976,True,True,True,7.741782889358386,True,관악구,성현동,11210790
8930e036e17ffff,2599.084725896456,805.1002218868728,0.24110656132436983,663.5544418218067,950.6233760860116,False,True,False,15.34335594095484,False,관악구,삼성동,11210820
8930e036e8fffff,2598.9323084615608,805.0530086085097,0.2448002309611002,360.4695207445362,474.21677129838923,True,True,True,8.691516066412785,True,관악구,삼성동,11210820
8930e0a5007ffff,638.679947019489,163.15550621625718,0.050841304802530025,1298.0788612302974,1426.8082231200522,False,False,False,26.225629435919462,False,강서구,방화2동,11160710
8930e0a502fffff,726.5192612807542,185.59470733861264,0.05963039635571615,2205.4430823526827,2360.8348265079885,False,True,False,43.54371609408246,False,강서구,방화2동,11160710
8930e0a503bffff,726.4182730985063,185.56890916211844,0.06121878525877859,3221.473113950946,3518.661973558872,False,True,False,64.31180739888676,False,강서구,방화2동,11160710
8930e0a5303ffff,1725.4395775584314,502.761683335825,0.18644037651213757,296.51840087359403,334.15812883138364,True,False,False,6.047875855195415,True,강서구,방화3동,11160761
8930e0a5313ffff,1725.3380503579742,502.732100157793,0.1530719310675757,305.7704689355335,339.747589403543,True,False,False,6.048282882622748,True,강서구,방화3동,11160761
8930e0a532bffff,1127.107787611245,169.5044755092011,0.06500325579800519,784.0957528083785,843.5949814026783,False,False,False,15.634944758901078,False,강서구,가양1동,11160751
8930e0a5337ffff,1725.854579202336,502.88260726025004,0.14998710067736057,1567.0621071584262,1670.2313278896322,False,True,False,30.873641250644738,False,강서구,방화3동,11160761
8930e0a536bffff,2372.540821542947,481.6471684440199,0.2656807972015731,296.2374560703484,329.0468337263721,True,True,True,6.127340385073175,True,강서구,방화1동,11160700
8930e0a5393ffff,726.5037885665246,185.59075471956695,0.06362904398659727,768.3967317090542,834.9944123995592,False,False,False,15.1439678087057,False,강서구,방화2동,11160710
8930e0a53cfffff,1725.162962495399,502.6810827419038,0.19775181888665905,627.9377144026984,695.8945728781198,False,True,False,12.575616731175026,False,강서구,방화3동,11160761
8930e0a53d7ffff,1446.8862026451711,414.3254974645576,0.12177184797727389,823.6524918504025,1114.6685590967352,False,True,False,17.37227952349605,False,강서구,방화3동,11160761
8930e0a5a4fffff,2306.5319224422933,806.0695916694232,0.25888085403385486,194.4702681290875,208.68637731339896,True,False,False,3.820041391973943,True,강서구,가양2동,11160650
8930e0a5a6bffff,2764.3779069629522,1053.6933159592068,0.3501398083014012,195.83756007492084,211.95995331203864,True,True,True,3.8442187718410397,True,강서구,가양2동,11160650
8930e0ac067ffff,1455.20389780909,364.5040820931304,0.12082787561989625,648.8690116317752,748.4532162264236,False,True,False,12.886038234766803,False,구로구,수궁동,11170690
8930e0ac10fffff,1648.8031104331822,385.81239986268616,0.1234640401553011,440.83135243189184,499.2675215518648,False,False,False,8.653356177366765,False,구로구,수궁동,11170690
8930e0ac1b3ffff,2350.651107637029,541.2922907556401,0.18007503968243188,344.69366710986554,397.08785808933493,True,True,True,6.85271560851395,True,양천구,신정3동,11150660
8930e0ac303ffff,1786.7683531763898,343.5981530640281,0.13461064834021197,440.5987853314579,550.3045414478742,False,True,False,9.05009934115131,False,구로구,오류2동,11170730
8930e0ac327ffff,1806.4055501708647,423.9881911821549,0.14562593533846263,321.6996037273126,346.0949156494126,True,False,False,6.424454724396357,True,구로구,오류2동,11170730
8930e0ac39bffff,1455.2893180840538,364.52547843419626,0.13420515835386657,351.86286984749006,401.35453052948105,True,False,False,6.906937815524806,True,구로구,수궁동,11170690
8930e0ac807ffff,2342.1566990527326,485.2249232237972,0.19461981012730228,334.33084208590645,440.37408055633045,True,True,True,7.190937024719421,True,구로구,고척1동,11170610
8930e0ac82fffff,1485.7847411910716,363.52122172423475,0.12918894575769288,425.0376789978506,465.22822782763853,False,False,False,8.48698887236524,False,구로구,구로2동,11170710
8930e0ac8c7ffff,2451.217474894036,566.2374217165988,0.2786539481806705,370.3837421766939,406.120425717342,True,True,True,7.270495679764733,True,구로구,고척2동,11170620
8930e0ac913ffff,2309.751126072352,368.2239763782537,0.15660366176863771,424.58841535557883,470.8949136311595,False,True,False,8.563943497343827,False,구로구,신도림동,11170510
8930e0ac983ffff,2695.716665130468,458.37856016468,0.20407041343822827,287.8830983756585,319.69639564774974,True,True,True,8.26361223391985,True,양천구,신정2동,11150650
8930e0ac993ffff,2991.9719594839403,516.7364732614658,0.2348242609922442,280.0713483703249,312.1608209082941,True,True,True,5.627512476636204,True,양천구,신정2동,11150650
8930e0ac99bffff,2663.3417778818166,440.59286549556856,0.24617589114609717,337.51073473540947,359.4226014970944,True,True,True,6.625210718880261,True,양천구,신정6동,11150690
8930e0ac9dbffff,2250.0042502014126,427.1875539007598,0.1812882755923259,309.4142258946663,340.7454575747073,True,False,False,6.106501810668283,True,양천구,신정7동,11150700
8930e0aca83ffff,3707.8948103246803,978.2622331500908,0.3930386903786327,141.35687869434983,152.3017554351585,True,False,False,2.7747831743705715,True,구로구,개봉2동,11170640
8930e0acad3ffff,3072.2879904545716,821.4665203160672,0.3226952483863759,241.08469595074988,283.12501100120704,True,True,True,5.197837920594664,True,구로구,개봉3동,11170650
8930e0acb77ffff,2948.5774185078635,748.099499671254,0.3192334641373515,225.86623190997946,245.04461045112345,True,True,True,4.483917785901301,True,구로구,구로4동,11170550
8930e0acc07ffff,2387.6280101217017,471.2298066977773,0.21825295681380458,500.57795922867535,599.9072116543059,False,True,False,9.835048517684756,False,양천구,신정3동,11150660
8930e0acc13ffff,3250.1832490427305,565.7421754647422,0.3357395766641246,351.9472666879029,389.9812006468733,True,True,True,6.936700865737755,True,양천구,신월6동,11150620
8930e0acc17ffff,2699.9883436058167,624.279514684777,0.275836262263107,453.175424431757,521.8327696629115,False,True,False,8.902335519297669,False,양천구,신월2동,11150580
8930e0acc93ffff,2617.6137808037397,630.2325929158116,0.3175780118738747,260.19508713190953,295.0955512518047,True,True,True,5.471303303544083,True,양천구,신월4동,11150600
8930e0acc97ffff,2630.958904743731,632.1013893069346,0.2739800105584731,421.8360488423641,453.5365720680539,False,True,False,8.414305549795143,False,양천구,신월2동,11150580
8930e0accabffff,2332.7439934818344,477.2352758452782,0.26967415173445153,407.6317131694631,528.4174047466739,False,True,False,8.507078754697504,False,양천구,신정3동,11150660
8930e0accb3ffff,2635.7116910504074,632.7965297865169,0.27605345126659414,231.5460062612366,268.97700106544744,True,True,True,4.635297272651625,True,양천구,신월2동,11150580
8930e0acd83ffff,2266.3779860063773,536.4774827089661,0.24372431548229043,386.23702093169834,414.6699604668822,True,True,True,7.641285841469037,True,강서구,화곡4동,11160590
8930e0acd9bffff,2473.7272145954944,549.8571822943816,0.20087386068878796,424.69508305011385,461.19804241775364,False,True,False,8.484931064449432,False,양천구,신정4동,11150720
8930e0acda7ffff,2133.1334589733447,299.73187562139026,0.14506869727037944,428.47353716033297,463.3119770945069,False,True,False,8.410776840554684,False,양천구,목5동,11150710
8930e0ace03ffff,3369.1350350137145,689.0334609383451,0.3615881449471968,191.47734248772127,206.02387679081912,True,True,True,3.7944407464433345,True,구로구,오류1동,11170670
8930e0ace07ffff,3052.631894634317,642.6676866573325,0.2796778488500057,223.06259690480317,255.20050340877344,True,True,True,4.56790526995485,True,구로구,오류1동,11170670
8930e0ace23ffff,2565.7580586982795,615.4357769547308,0.2972584796777649,252.69464159980473,269.64096496049046,True,True,True,4.970874324394773,True,구로구,개봉1동,11170720
8930e0ace27ffff,2279.0012844023727,524.9143846493552,0.2540287543303614,380.14581840769927,426.3992544203881,True,True,True,7.754857374071644,True,구로구,개봉1동,11170720
8930e0ace2fffff,3520.268219394816,899.1700563641513,0.3341075548947321,216.92470331875336,231.17759883244065,True,True,True,4.263951334320136,True,구로구,개봉2동,11170640
8930e0ace6fffff,3072.3542398994005,821.4842340528932,0.2963593733185315,218.02609890408073,246.06669756597813,True,True,True,4.439092483016297,True,구로구,개봉3동,11170650
8930e0ace83ffff,2272.5227827432846,528.3134456118854,0.19076046963468524,253.77096963919868,318.38580439623536,True,False,False,5.01037198332406,True,구로구,개봉1동,11170720
8930e0ace8fffff,2451.2759301970286,554.5200058643479,0.24871969215850775,251.26444504980577,296.99449224162186,True,True,True,4.932227995422114,True,구로구,개봉1동,11170720
8930e0aceb7ffff,2519.2813160679398,631.1670116351819,0.2465395545106692,201.03114882523562,270.58862052372143,True,True,True,4.075538067797874,True,구로구,고척2동,11170620
8930e0ae80bffff,2743.939854318464,653.7218250610317,0.25447984617536784,405.8095608936243,465.6486872530354,False,True,False,8.099694555349819,False,강서구,화곡3동,11160580
8930e0ae80fffff,3027.395471193663,733.6041594127281,0.2655674427850532,205.75343218516497,227.92140203140156,True,False,False,4.038863668819905,True,강서구,화곡3동,11160580
8930e0ae82bffff,3168.655793884107,544.6087516685558,0.29933072949727896,276.4289878445741,333.6156513822592,True,True,True,5.475849735788609,True,강서구,우장산동,11160740
8930e0ae82fffff,3176.2098588502154,534.8508077248058,0.2502666658870686,350.729375094009,399.8983366110606,True,True,True,6.986014123825937,True,강서구,우장산동,11160740
8930e0ae837ffff,3176.0911131801645,534.8308118113231,0.27180398059268246,403.13544857641887,457.9259022921556,False,True,False,8.081590998961795,False,강서구,우장산동,11160740
8930e0ae863ffff,3031.5701151126236,720.4623558201534,0.35022560543743647,198.25192810359454,219.51302308379505,True,True,True,3.8916119220335226,True,강서구,화곡3동,11160580
8930e0ae86bffff,2848.075518797933,587.0865144753053,0.27048084875773976,211.89205026667128,235.61739769480442,True,False,False,4.338469627454465,True,강서구,화곡1동,11160730
8930e0ae873ffff,3015.6043375441463,730.2834779615406,0.32531939294697776,282.76785105446174,330.9260432282675,True,True,True,6.316834274120454,True,강서구,화곡3동,11160580
8930e0ae913ffff,2333.1916761662974,506.71439119007664,0.20220157053384774,420.41985829067795,496.29633995410836,False,True,False,8.28438174545933,False,강서구,화곡6동,11160610
8930e0ae963ffff,2357.7151144428058,453.0443229490813,0.17934748744057694,383.66350355550725,453.2924326307615,True,True,True,7.542379433999029,True,강서구,화곡6동,11160610
8930e0ae997ffff,1991.0808496391696,531.6505931792949,0.18989922725393935,332.12763796421643,356.4663845145699,True,True,True,6.526166354531324,True,강서구,등촌3동,11160540
8930e0ae9a7ffff,2807.879203530225,1028.934501314063,0.3497580471259777,139.76723048414436,152.6496041949473,True,False,False,2.743578968762834,True,강서구,가양2동,11160650
8930e0ae9afffff,2759.6132864749625,606.4093464944469,0.3309310916546739,243.1640813088984,260.56127077769105,True,True,True,4.774728974525015,True,강서구,등촌1동,11160520
8930e0ae9b7ffff,2764.1562554013544,1053.6088294031758,0.36311295436391455,240.33962269047515,261.6584846057977,True,True,True,4.801844846556508,True,강서구,가양2동,11160650
8930e0ae9c3ffff,3176.413775103217,534.8851457495186,0.28876272252074997,373.0173431133548,409.4484037176392,True,True,True,7.580950111967796,True,강서구,우장산동,11160740
8930e0ae9d7ffff,2921.027060728013,567.4972400120264,0.2616571775303637,318.39763430274706,353.92986670616114,True,True,True,6.432859391737573,True,강서구,우장산동,11160740
8930e0aea0fffff,1853.9170368602506,494.57172566761864,0.18629707342836088,402.4693200294543,475.1048837918986,False,True,False,8.005980956917307,False,양천구,신월3동,11150590
8930e0aea23ffff,2238.9445243342175,620.4676947187431,0.23035652709875065,266.45609647906934,287.4770192325579,True,True,True,5.305535980780727,True,양천구,신월1동,11150570
8930e0aea2bffff,2497.379100499509,627.105648829148,0.2027565340885425,397.609856292236,431.1371435577735,True,True,True,7.99657476849943,True,양천구,신월4동,11150600
8930e0aea2fffff,2553.55135943956,625.3080612895222,0.2225056941287649,383.44427598892827,417.28060618417294,True,True,True,7.623581433135601,True,양천구,신월1동,11150570
8930e0aea3bffff,2114.02949766916,579.5492755242151,0.19804481176089717,335.3275885155466,370.41185366266427,True,True,True,6.854285623474745,True,양천구,신월1동,11150570
8930e0aea7bffff,2458.5288525235587,694.6565988577945,0.27729547275237965,235.52208293442067,279.2536999357769,True,True,True,4.623211257601591,True,양천구,신월7동,11150630
8930e0aea83ffff,1760.8005156748854,465.14353026826444,0.1810666215048007,434.99481204582037,504.64604192814033,False,True,False,8.632363141843605,False,양천구,신월3동,11150590
8930e0aea8fffff,1781.3939345899807,470.5836102143958,0.22597134471492925,291.5234380222795,347.99789539992145,True,True,True,5.722497116733635,True,양천구,신월3동,11150590
8930e0aeaa3ffff,2238.729424581233,620.4080851811158,0.27356317388247614,244.34466902250608,266.1483029489337,True,True,True,4.856751041805512,True,양천구,신월1동,11150570
8930e0aeaa7ffff,2682.931202782695,613.8095502251253,0.2815458089610869,214.81676163898544,243.7367032947679,True,True,True,4.443969937586183,True,강서구,화곡1동,11160730
8930e0aeaafffff,2255.704418654729,620.5265911909664,0.2905243336996227,312.41184978502156,347.51693477943525,True,True,True,6.380110467438501,True,양천구,신월1동,11150570
8930e0aeb13ffff,3021.2861068540924,672.0658866851937,0.25172922979380447,211.70997048064896,286.21242698325864,True,True,True,4.3843667113663125,True,강서구,화곡8동,11160630
8930e0aeb43ffff,3060.7651384462188,624.6274352830816,0.30858758690678667,231.684643803189,292.1785058029063,True,True,True,5.650261035495998,True,강서구,화곡1동,11160730
8930e0aeb4bffff,2656.7857959300663,632.352626842667,0.21660237223539597,365.7922307606706,403.2357907251511,True,True,True,7.509109395076147,True,양천구,신월2동,11150580
8930e0aeb4fffff,2746.4623404946497,630.6893206362339,0.24093778636123406,347.26492750308296,374.69230980069244,True,True,True,6.8414929356935925,True,양천구,신월2동,11150580
8930e0aeb53ffff,3061.53970450735,624.5724481949778,0.2997842556764949,197.0201150492341,224.90532193497467,True,True,True,4.2094359443410365,True,강서구,화곡1동,11160730
8930e0aeb5bffff,3000.958775320384,625.7184622761356,0.3677120043409344,432.1339106529825,473.7900188329345,False,True,False,8.671849812555354,False,강서구,화곡1동,11160730
8930e0aeb6bffff,2444.070328717867,552.6459843350093,0.23241454153565946,289.4279720441688,318.78940196020983,True,True,True,5.744135014368047,True,양천구,신정4동,11150720
8930e0aeb6fffff,2459.5568380491477,552.6112148914674,0.23069775705948975,268.3846341227811,296.0355685667584,True,True,True,5.517727611151438,True,양천구,신정4동,11150720
8930e0aeb8bffff,3173.293840480157,609.1146810207737,0.2574350633521667,220.17486163971228,262.59768263701403,True,True,True,4.3219509877425,True,강서구,화곡본동,11160550
8930e0aeb8fffff,3194.9052849664986,606.1965536353588,0.2959426702476746,382.79643307415614,437.03933674438434,True,True,True,7.516809433256286,True,강서구,화곡본동,11160550
8930e0aebc3ffff,3061.425451007535,624.5491397962694,0.3138992502032389,248.06493759254508,286.9161305259835,True,True,True,4.871507161693788,True,강서구,화곡1동,11160730
8930e0aebc7ffff,3063.4959206869516,629.7646062753608,0.28379639055383016,532.3032396490852,664.228592052943,False,True,False,10.594815172494823,False,강서구,화곡1동,11160730
8930e0aedcbffff,2372.7692810054887,481.69354777382455,0.2645481616243501,290.72425730858146,312.93085757907295,True,True,True,5.728651850551394,True,강서구,방화1동,11160700
8930e1c0003ffff,2547.0921145714624,613.1028748907515,0.26144733070449727,251.20013242078946,273.6209127966202,True,True,True,4.932782546739739,True,중랑구,묵2동,11070650
8930e1c000bffff,2354.752006409954,563.504491873176,0.20348707216047532,331.566580047901,355.7244708761594,True,True,True,6.551871451514107,True,중랑구,중화2동,11070620
8930e1c0017ffff,2575.8424880934886,620.5158881327986,0.24869886681617237,204.88611333558976,223.50649173431842,True,False,False,4.0339850527226755,True,중랑구,묵2동,11070650
8930e1c002bffff,2671.823502916028,648.1226841027825,0.24258157105149794,529.7940497916128,601.4112764350037,False,True,False,10.507961400324405,False,중랑구,중화1동,11070610
8930e1c005bffff,2618.6190634620116,559.4358673415022,0.2725907411720303,338.9906321484471,361.34208448002784,True,True,True,6.65909170054142,True,동대문구,이문2동,11060900
8930e1c00bbffff,2575.897308208892,620.5290942013972,0.31795937492384485,235.43934977836676,252.19207401436498,True,True,True,4.635720356992988,True,중랑구,묵2동,11070650
8930e1c00cbffff,2600.2570837157855,601.3018386489364,0.3333392212789951,342.27741287137064,368.1749808435634,True,True,True,6.779975234409272,True,동대문구,이문2동,11060900
8930e1c00cfffff,2601.7561236701385,601.5869079571326,0.20928206902828042,679.093958499266,750.2497402121021,False,True,False,13.5045760025814,False,동대문구,이문2동,11060900
8930e1c010fffff,3040.9098744350977,768.9167976271519,0.30373548771608794,191.38541446570264,209.32991247748816,True,False,False,3.818083985854608,True,중랑구,신내2동,11070700
8930e1c0137ffff,2115.8288344037082,487.63421817484294,0.17143281487921336,460.38419770933535,554.4828710895925,False,True,False,10.113917888302975,False,중랑구,신내1동,11070690
8930e1c014fffff,3129.249045437959,766.5061531798316,0.32348055704525425,209.5363722283444,233.77139653764925,True,True,True,4.113121380778613,True,중랑구,신내2동,11070700
8930e1c0177ffff,2135.464881982609,495.1743753351342,0.20531656182480892,322.51809259920685,356.0394242329394,True,True,True,6.584062746915302,True,중랑구,신내1동,11070690
8930e1c018bffff,3046.645518155933,654.0440628014994,0.24903660696961588,226.8977711467404,275.2587156765169,True,True,True,4.842599210648422,True,중랑구,묵1동,11070640
8930e1c0227ffff,2446.446465978532,588.8879607703311,0.26256300382855985,304.95785545907574,331.9063274673531,True,True,True,6.1140976139979495,True,중랑구,면목2동,11070520
8930e1c0287ffff,2380.573472553743,517.1190174471725,0.24008306209235422,3861.6073321591093,4126.189893355233,False,True,False,76.37724528507258,False,중랑구,중화2동,11070620
8930e1c02d7ffff,2408.4205270402617,426.6393013706134,0.20037742303983733,408.67068850711297,511.9367882059686,False,True,False,8.957932955547738,False,동대문구,휘경2동,11060730
8930e1c02dbffff,2341.484373675157,462.5118625419812,0.18985531046064716,554.1935409704381,686.1154870328855,False,True,False,12.03257635247302,False,동대문구,휘경2동,11060730
8930e1c032fffff,2335.2565521108986,595.8090626294244,0.25706827986400743,269.5627164302591,296.9645356762269,True,True,True,5.310969158688921,True,중랑구,망우3동,11070680
8930e1c034fffff,2790.276695562295,629.2993640971423,0.3064021562958053,242.86956596426504,276.4069380359636,True,True,True,4.785610919722005,True,중랑구,면목본동,11070710
8930e1c0357ffff,2790.1719726590463,629.2757456307279,0.2842469721834021,259.28046778627305,287.7356528013401,True,True,True,5.186926040373875,True,중랑구,면목본동,11070710
8930e1c0367ffff,2443.7281392082696,625.9106883666034,0.23555456623568727,224.4145468577617,248.29491651407872,True,False,False,4.44550958397691,True,중랑구,면목3·8동,11070720
8930e1c0377ffff,2416.644452456153,631.4465036089782,0.24971126353790726,195.39342251576255,221.2920923867103,True,False,False,4.090926193519522,True,중랑구,망우3동,11070680
8930e1c038bffff,2524.9646506969225,535.0328635289941,0.24029308370976452,293.1976376872809,324.640526114081,True,True,True,5.880747623555568,True,중랑구,상봉1동,11070590
8930e1c038fffff,2524.4203775601504,534.4617230445272,0.23261636315796538,321.10894857835797,368.95703219671384,True,True,True,6.640955219799513,True,중랑구,상봉1동,11070590
8930e1c03a3ffff,2932.9236221112487,697.0609868804981,0.2997906390970384,252.16397157108122,273.75710709616385,True,True,True,5.00191632276971,True,중랑구,상봉1동,11070590
8930e1c03b3ffff,2524.7430137528813,534.5414454091587,0.26908254798306336,404.8395278360284,457.4853376393536,False,True,False,8.075899480375504,False,중랑구,상봉1동,11070590
8930e1c03b7ffff,3076.3791532305027,773.1400204194405,0.3337932730132951,259.0750148738407,292.9428569652794,True,True,True,5.100640711798647,True,중랑구,신내2동,11070700
8930e1c03bbffff,2524.6228606906325,534.5045920863741,0.2761516983315993,430.26577265498975,473.45863175268124,False,True,False,8.474216240109383,False,중랑구,상봉1동,11070590
8930e1c03cbffff,2421.7486035587362,505.7212079463777,0.23179593295143214,255.066468272431,278.01465065082635,True,True,True,5.006860303125498,True,중랑구,면목2동,11070520
8930e1c03d3ffff,2535.1991823880257,577.8659885919002,0.262471542484607,456.1253047035698,508.31112696717474,False,True,False,9.070260860004614,False,중랑구,중화1동,11070610
8930e1c03d7ffff,2560.1578549321666,563.6303506877264,0.25150204085941674,381.7342074051537,426.998221182387,True,True,True,7.541763470074724,True,중랑구,상봉1동,11070590
8930e1c042fffff,2665.707831509539,674.3484348351991,0.3119827480476831,595.7654849324306,638.3454489126239,False,True,False,11.741843768012114,False,노원구,월계3동,11110530
8930e1c0437ffff,2665.6074223944875,674.3230341784663,0.2649395902580167,356.48324526911364,395.5822029951982,True,True,True,7.114021889476374,True,노원구,월계3동,11110530
8930e1c044bffff,2392.073130234748,566.3039249800127,0.29576804167964826,302.78652308890906,331.5434270712394,True,True,True,5.9435873050785855,True,성북구,장위2동,11080770
8930e1c0487ffff,2173.339523573003,526.409041097724,0.20989858188622507,253.10770627823973,325.44936343974985,True,True,True,4.968410530646928,True,노원구,월계1동,11110510
8930e1c048fffff,1918.9002799355392,429.7137085809527,0.19434758545354344,340.4797758706684,463.0126959536839,True,True,True,7.169869092571033,True,노원구,월계1동,11110510
8930e1c04a3ffff,2123.414267236103,496.69247235567235,0.1905623109314722,301.27830636487664,322.8244009103643,True,False,False,5.985780656159794,True,노원구,월계1동,11110510
8930e1c04afffff,2553.8174667831154,637.7058720809836,0.2517520557533475,435.1170917622048,464.9185606955835,False,True,False,8.599972824260036,False,노원구,월계3동,11110530
8930e1c04b7ffff,2504.984320644285,621.712795888568,0.22484527566425908,411.4320137103427,447.15740691645664,False,True,False,8.211569680244933,False,노원구,월계3동,11110530
8930e1c04dbffff,2866.819528275255,582.8670366210995,0.27072716702908106,235.19925785583243,262.0093561279825,True,True,True,4.8167115498155235,True,성북구,장위1동,11080760
8930e1c05b3ffff,2210.460682864555,458.84663224554686,0.17516633640515275,346.6385653026623,384.13391637748805,True,True,True,6.926659762316506,True,노원구,하계1동,11110580
8930e1c05b7ffff,2190.160862441331,452.88663232173985,0.16508553509493543,357.727466168211,417.14820037134143,True,True,True,7.275622112527867,True,노원구,하계1동,11110580
8930e1c061bffff,2190.7291866447013,265.1325393762006,0.12777557571821663,574.6518874788359,779.8932087427287,False,True,False,11.48145406871243,False,동대문구,회기동,11060710
8930e1c0697ffff,2217.7527835348765,503.61964921585394,0.24579896910591428,283.9047582720152,331.958622378497,True,True,True,6.076339419559396,True,성북구,월곡2동,11080720
8930e1c06b3ffff,1973.3004671914273,486.20490067311044,0.17781134453470118,297.64807570051767,332.86902704660474,True,False,False,5.901578595263423,True,성북구,석관동,11080850
8930e1c06cfffff,2059.7948895033237,269.0107090781666,0.11892473989294619,725.881795938154,967.0873082772007,False,True,False,15.135334449878819,False,동대문구,회기동,11060710
8930e1c0c43ffff,2136.1500317686778,495.3332487589915,0.23519768156551563,334.95820631535616,377.9295344630981,True,True,True,7.089371495196534,True,중랑구,신내1동,11070690
8930e1c0c47ffff,2136.321351737874,495.372974656357,0.1967872347409908,299.8921940448526,372.1803951713778,True,True,True,6.315818341438916,True,중랑구,신내1동,11070690
8930e1c0c53ffff,2136.02416923423,495.3040635907412,0.17297887862068845,271.2531356771054,318.69214845690993,True,False,False,5.324598589217253,True,중랑구,신내1동,11070690
8930e1c0c5bffff,2135.978724830017,495.29352588316357,0.16049134899681888,494.80715590064506,566.4238987862321,False,True,False,10.22385067092447,False,중랑구,신내1동,11070690
8930e1c0e53ffff,1951.9964329792158,422.47841901232033,0.18954317067562448,373.7770642679002,440.9476970825456,True,True,True,7.4209117690018545,True,중랑구,망우본동,11070730
8930e1c0e87ffff,1952.3193835137533,422.54831649212383,0.16833453063725484,377.18349893162133,430.2949240509024,True,True,True,7.677579244377481,True,중랑구,망우본동,11070730
8930e1c0e8fffff,1952.2778102005689,422.5393186131674,0.15440800839505037,352.28005048304357,417.4671492750465,True,False,False,6.932595699201125,True,중랑구,망우본동,11070730
8930e1c0ea7ffff,1527.7246306689221,354.25077511611494,0.11603205466903276,1191.8756538466562,1384.4874118001533,False,True,False,23.426807883531744,False,중랑구,신내1동,11070690
8930e1c0eabffff,1952.549412397535,422.59810256627094,0.1679347730880528,562.4811963726261,633.2838869076987,False,True,False,11.041405836191078,False,중랑구,망우본동,11070730
8930e1c111bffff,2390.3684217257555,503.7073198399688,0.22820463488676498,417.971849719568,448.95085408823894,False,True,False,8.24761598572591,False,동대문구,장안1동,11060870
8930e1c1147ffff,2385.1521242660315,503.27974470452887,0.23404248680522377,286.32821679351736,306.723852369037,True,True,True,5.634889809030398,True,동대문구,장안1동,11060870
8930e1c1187ffff,2806.208128627097,540.4771811479113,0.249874349730421,225.17033055808437,252.38076114592388,True,False,False,4.6449879871634545,True,동대문구,장안2동,11060880
8930e1c11a3ffff,2808.659129886503,538.963935502305,0.33804913805722764,256.78915536727135,272.637290067486,True,True,True,5.041738593826516,True,동대문구,장안2동,11060880
8930e1c11c7ffff,2384.922525155348,503.231298074801,0.259387287481916,263.99813555900516,285.16734121344086,True,True,True,5.182185623936028,True,동대문구,장안1동,11060870
8930e1c11cbffff,2384.6801707861064,503.18016001788664,0.2735896587398292,291.2642475404008,309.9539415409819,True,True,True,5.717760672789741,True,동대문구,장안1동,11060870
8930e1c11cfffff,2384.871502859172,503.2205320997788,0.2255658008873433,417.43069069512813,450.05250838063995,False,True,False,8.253936411712747,False,동대문구,장안1동,11060870
8930e1c11d3ffff,2685.1953971977373,633.0468231203696,0.2921684816945892,352.85758867198024,395.9074225604693,True,True,True,6.9498131530655165,True,동대문구,답십리2동,11060860
8930e1c11d7ffff,2660.8743346271026,622.4958586506361,0.2772628288717553,282.2007002953963,316.6361735647273,True,True,True,5.67053579741377,True,동대문구,답십리2동,11060860
8930e1c11dbffff,2651.756868405515,618.609946495158,0.28828046102629146,248.16433838203957,266.845657321772,True,True,True,4.885398428100927,True,동대문구,답십리2동,11060860
8930e1c134bffff,2095.223380816303,414.12647873933383,0.21401785931602973,363.9121167785872,389.33548580394665,True,True,True,7.146534778962374,True,광진구,자양4동,11050670
8930e1c139bffff,651.4156749904728,115.165619831483,0.04203103527154551,1276.4570287078675,1372.3413525688056,False,False,False,25.34635962051588,False,성동구,용답동,11040700
8930e1c1437ffff,1991.3581752675216,357.82532406587575,0.22587998746072838,394.44312719938017,438.5613245904738,True,True,True,7.938944109889454,True,동대문구,용신동,11060810
8930e1c144bffff,4787.155857133356,880.7075645253753,0.41095252309567426,240.51471753078013,265.6410198729383,True,True,True,4.942647405684775,True,성동구,왕십리2동,11040520
8930e1c1507ffff,2289.9985745557383,527.04468948697,0.20432524631230642,301.95498484012234,342.8537876842997,True,True,True,5.962367889979744,True,동대문구,전농2동,11060840
8930e1c150bffff,2161.448505225259,435.99671367624904,0.26299937284102315,329.88691215358443,363.18560397921385,True,True,True,7.837486164720259,True,동대문구,전농1동,11060830
8930e1c1523ffff,2325.420021388468,552.0107291958524,0.20110735046466477,409.9794166463893,493.2231577898239,False,True,False,8.07469209057184,False,동대문구,전농2동,11060840
8930e1c1533ffff,2325.2831531230427,551.978239258419,0.19505251155618694,549.5617393427519,608.8851807957069,False,True,False,10.819417825656837,False,동대문구,전농2동,11060840
8930e1c153bffff,2325.2334899954935,551.9664501712862,0.2418772593930132,248.41756637670673,294.3013087562606,True,True,True,5.015086613982983,True,동대문구,전농2동,11060840
8930e1c154fffff,3235.033620506867,557.0797967443233,0.2913948819703958,238.22641739827435,255.66094470431676,True,True,True,4.725318142964225,True,동대문구,답십리1동,11060910
8930e1c1553ffff,2336.270279950985,455.68429361979577,0.23683605896140814,275.59196102657165,308.6839782680076,True,True,True,5.601813246387895,True,동대문구,전농1동,11060830
8930e1c1567ffff,2651.213261129268,625.393638191024,0.2561084175505603,193.9892806641664,232.70394291989595,True,False,False,3.9698396508353064,True,동대문구,답십리2동,11060860
8930e1c158bffff,2304.688689116208,670.9202446682705,0.30271106597120745,189.96202169381564,209.81877254864975,True,False,False,3.764078697355007,True,동대문구,청량리동,11060800
8930e1c1597ffff,2214.855525281728,510.8747147262461,0.20615310966142095,359.5048989275152,443.8339383480268,True,True,True,7.101129619700766,True,동대문구,청량리동,11060800
8930e1c159bffff,2367.2778558376804,773.6227006516517,0.2849131055142247,356.4060805943564,423.7889639903822,True,True,True,7.0395382726324565,True,동대문구,청량리동,11060800
8930e1c15a7ffff,2349.737074440964,434.7192747074308,0.18690211049261776,293.41885452938476,326.79309068016755,True,False,False,5.801592177174432,True,동대문구,휘경2동,11060730
8930e1c15afffff,2333.4697067707148,506.36311227363024,0.2101165241051495,644.7620531097564,711.3500157932596,False,True,False,12.715081563744384,False,동대문구,전농2동,11060840
8930e1c15d7ffff,2358.8604996023532,759.9015109450073,0.3410327401652593,295.031805049122,325.1016145088385,True,True,True,5.791365062075358,True,동대문구,청량리동,11060800
8930e1c163bffff,2568.995057076954,475.4738652714012,0.1764641544695829,666.5675632406021,737.8311108287814,False,True,False,13.630562325579028,False,성동구,응봉동,11040580
8930e1c164bffff,1923.29165703211,385.3212933631572,0.1358169923440744,1209.2722443409907,1352.5622552798345,False,True,False,24.618744085440863,False,성동구,금호4가동,11040620
8930e1c1657ffff,2514.6039827448476,485.14971178417363,0.19967436378112294,337.8703059309486,521.4189208511877,True,True,True,12.371100615018603,True,성동구,응봉동,11040580
8930e1c1667ffff,1580.5577216551428,281.517300737797,0.14413213592501245,529.3677383488256,566.4944821273054,False,True,False,10.433757587970105,False,성동구,성수1가2동,11040660
8930e1c1683ffff,4193.212739183476,827.9677465157828,0.3704664168582235,318.89621737855845,422.77165447971686,True,True,True,6.939798160845797,True,성동구,행당2동,11040570
8930e1c1687ffff,3931.8726646299137,733.9619183631543,0.3122196161004728,296.8600822335754,342.7233460502034,True,True,True,6.065612049919188,True,성동구,행당2동,11040570
8930e1c168bffff,4155.4138674606775,823.0681542650539,0.4391779547502932,224.20047861126793,326.68516287399757,True,True,True,5.317990582860602,True,성동구,행당2동,11040570
8930e1c16cbffff,3554.560909956011,724.9176677405304,0.3152835983396693,164.996013259797,240.2606588273261,True,True,True,3.744193617968573,True,성동구,금호2·3가동,11040720
8930e1c16dbffff,3713.7819627465396,755.4062215920978,0.36009804600330503,297.37828098404407,373.3774150210804,True,True,True,5.837425515612717,True,성동구,금호2·3가동,11040720
8930e1c1863ffff,2047.659590796281,279.8901520177167,0.11752127915028562,979.2087301910177,1141.496269900692,False,True,False,19.40998487332213,False,광진구,광장동,11050630
8930e1c1967ffff,1527.288874325457,298.4013706707194,0.10595155645877584,1127.7749673198332,1239.503725378579,False,True,False,22.974891807030367,False,강동구,암사3동,11250590
8930e1c1a9bffff,1980.1312429345894,326.72981066217795,0.12400461690462762,426.27100059069414,514.3037105984668,False,False,False,8.620370842177824,False,광진구,광장동,11050630
8930e1c1ab7ffff,2065.428115148441,282.318893105547,0.1375140388148841,472.73598283043555,642.8444702025415,False,True,False,10.147918957883405,False,광진구,광장동,11050630
8930e1c1ad3ffff,1970.4883075129371,331.66106503791787,0.14657493003810856,385.2359447193347,477.2906925862487,True,True,True,7.644437880070296,True,광진구,구의2동,11050610
8930e1c1b0bffff,2306.767903591975,471.87921736021815,0.20140789279313526,390.7949498394896,419.09903958739267,True,True,True,7.704760419330519,True,강동구,천호2동,11250730
8930e1c1b17ffff,1673.6626796404094,333.0603621702806,0.15997455496331547,440.16018115943086,476.466464931665,False,True,False,8.645144965710518,False,강동구,암사2동,11250580
8930e1c1b23ffff,3268.120350880514,740.5217244540155,0.34990941425455346,450.05707894351053,489.62641261483566,False,True,False,8.855197071410917,False,강동구,암사1동,11250720
8930e1c1b27ffff,3268.3826497565606,740.5811586226378,0.36455208963182706,271.7255593649849,298.042648525332,True,True,True,5.349864124344168,True,강동구,암사1동,11250720
8930e1c1b2bffff,3106.8521271654,688.1961469605947,0.30311159941247484,237.11478864622768,255.2261073392299,True,True,True,4.706197955286264,True,강동구,암사1동,11250720
8930e1c1b2fffff,3262.3792565657823,740.7147846329419,0.316017333887271,181.12590322409463,196.45015845933688,True,False,False,3.593415857496095,True,강동구,암사1동,11250720
8930e1c1b3bffff,3229.363482625969,727.9705852591346,0.3460070347280895,188.88202589626573,205.98101761748745,True,True,True,3.81882086772816,True,강동구,암사1동,11250720
8930e1c1b43ffff,2717.401667844003,561.9200089792959,0.2807588185382458,400.6620769800619,441.1962964265314,False,True,False,7.988313726747855,False,강동구,천호2동,11250730
8930e1c1b47ffff,2717.619776097402,561.9651106634373,0.2438975621809258,292.37858963916096,316.80819986615245,True,True,True,5.8465587762892355,True,강동구,천호2동,11250730
8930e1c1b4bffff,2710.1032801847764,561.7359007577288,0.26786779454061854,309.2096978103478,336.25378408695764,True,True,True,6.069671845906827,True,강동구,천호2동,11250730
8930e1c1bbbffff,1673.6985515463027,333.0675007114657,0.11968548099098894,662.6715254287413,770.9849311492633,False,True,False,14.005276966373422,False,강동구,암사2동,11250580
8930e1c1c13ffff,2832.6267754959413,704.319434969909,0.3037917191027465,175.00379151579816,239.2574861056094,True,True,True,3.565105739997963,True,중랑구,면목7동,11070570
8930e1c1c17ffff,3120.9478901964985,778.6748621073732,0.3534738481525812,274.5801278608219,323.3796057083703,True,True,True,5.39533671234374,True,중랑구,면목7동,11070570
8930e1c1c4fffff,2674.3143392282536,635.5341502880651,0.2290819761908243,316.04044084844713,451.5137850259198,True,True,True,6.731219058282187,True,광진구,중곡4동,11050580
8930e1c1c8bffff,3120.513857368964,778.5665711444923,0.31503910126308454,165.2879641511007,180.93203391883833,True,False,False,3.365243178569017,True,중랑구,면목7동,11070570
8930e1c1c97ffff,2641.1086818986723,625.3331146821305,0.3096199631254196,224.0025084496661,253.18277246018238,True,True,True,4.448051589389204,True,중랑구,면목본동,11070710
8930e1c1ca7ffff,2466.977889909697,620.9622715390057,0.2072644041004872,325.7528389487919,396.54371871534124,True,True,True,6.406455520008025,True,중랑구,면목3·8동,11070720
8930e1c1cabffff,3121.0140197785904,778.69289635533,0.3226015921971778,157.1872876307069,190.83697504514961,True,False,False,3.3266961279592655,True,중랑구,면목7동,11070570
8930e1c1cc3ffff,2359.56992113769,582.3230740002798,0.2373038721406841,313.20719363743865,347.0798769337452,True,True,True,6.1707179567597965,True,중랑구,면목4동,11070540
8930e1c1cd3ffff,2446.457444256037,581.0403350103436,0.21466850285919054,221.42174339214216,247.88814226981756,True,False,False,4.354826719438343,True,중랑구,면목4동,11070540
8930e1c1d93ffff,2415.1072105626404,631.921866348157,0.2616336162769075,350.3789867345977,389.02838295604465,True,True,True,6.964120430349029,True,중랑구,망우3동,11070680
8930e1c1e0fffff,2549.5413746634963,596.8241341840661,0.2879430662787467,241.51865389795125,273.7448941487485,True,True,True,4.7409217246634885,True,광진구,중곡4동,11050580
8930e1c1e67ffff,1868.335295620943,385.4329852663235,0.1448800474321872,411.82081165984806,523.6169309386715,False,True,False,8.083890006656278,False,광진구,구의2동,11050610
8930e1c1e6bffff,1868.1453017520791,385.3937899975566,0.17161494929055435,583.7559216240164,702.8278058554262,False,True,False,11.78286319743119,False,광진구,구의2동,11050610
8930e1c1e8bffff,2690.9114700072546,543.6494580386312,0.2530740470736338,310.00265817822924,333.93533694212715,True,True,True,6.085237364239314,True,광진구,중곡2동,11050560
8930e1c1eb3ffff,2674.2571057019477,635.5205490969204,0.2420449305911825,284.89204875985126,413.8047883401938,True,True,True,6.18214279816192,True,광진구,중곡4동,11050580
8930e1c200bffff,3783.9919255435393,897.3754699689954,0.3183234837145206,264.20525988977784,302.58871444200923,True,True,True,5.186251397836379,True,도봉구,창1동,11100590
8930e1c2023ffff,2486.6389720087877,536.3669269533336,0.27624062679021283,236.18218502080293,257.618049066162,True,True,True,4.701739288274377,True,도봉구,창4동,11100620
8930e1c2043ffff,3553.0092741175163,840.9980614688657,0.3959450237534045,173.1441166722405,188.40295078678832,True,True,True,3.3987548828254615,True,도봉구,창2동,11100600
8930e1c2053ffff,3690.421142188583,874.5401825879796,0.4013909133836301,181.91135282073577,197.30078303520025,True,True,True,3.6231860498031567,True,도봉구,창1동,11100590
8930e1c2057ffff,3764.6904007233197,892.6663055173602,0.3537496463811818,206.8433338630362,225.36844181804688,True,True,True,4.171862712775949,True,도봉구,창1동,11100590
8930e1c205bffff,3552.7244842975756,840.9306516570646,0.3605847402298739,202.78301087438567,222.56122601307607,True,True,True,4.0881739670304365,True,도봉구,창2동,11100600
8930e1c2067ffff,3784.741597452017,897.5532550156946,0.2991754838882745,176.3238481022354,198.55286540323186,True,False,False,3.6397461496503247,True,도봉구,창1동,11100590
8930e1c208bffff,2504.0404019441703,666.3824130997956,0.3392674134165992,211.90380482720786,240.40730308053926,True,True,True,4.196507354822142,True,도봉구,쌍문2동,11100520
8930e1c2097ffff,2354.9116377707414,621.5185237581853,0.2274234846914834,192.06642358125393,224.30941653268002,True,False,False,4.087229093677131,True,도봉구,쌍문2동,11100520
8930e1c20a3ffff,2596.0787528830388,599.5135387142681,0.2529400570969887,415.1934640069752,451.16167658448137,False,True,False,8.214958878352569,False,도봉구,창5동,11100630
8930e1c20abffff,2619.6394286164887,608.7870838673647,0.27705090617154654,218.16738914806515,235.57022951725284,True,True,True,4.329404533854944,True,도봉구,창5동,11100630
8930e1c20afffff,2377.8595012838646,513.6795858347673,0.2509938394546175,563.1766335093832,605.1987234090618,False,True,False,11.08358685448366,False,도봉구,창4동,11100620
8930e1c20dbffff,2733.512279776695,679.5926170082689,0.2768720361384881,236.56132856011067,280.72969681214147,True,True,True,5.090997608469392,True,도봉구,쌍문3동,11100530
8930e1c2103ffff,2830.843210027726,530.8969031548763,0.24214865667181523,329.4393579123705,361.0242789979032,True,True,True,6.584597810649953,True,노원구,상계10동,11110740
8930e1c2113ffff,2858.3441255072844,521.143736770044,0.25064760611557113,336.0735917470771,359.16753757625156,True,True,True,6.645028734930394,True,노원구,상계10동,11110740
8930e1c2127ffff,3335.513580545144,893.4350603784376,0.37860446121955094,153.23661303235826,167.56616687048395,True,True,True,3.1012588210142953,True,노원구,상계5동,11110690
8930e1c2137ffff,3377.5098587160205,908.6832297285201,0.3131969824428548,168.02665511825236,181.48470893250783,True,False,False,3.3677933817877364,True,노원구,상계5동,11110690
8930e1c2183ffff,2886.427389317626,474.31975076277905,0.22937806291964227,359.8365033396035,384.9874748753394,True,True,True,7.0711882488492765,True,노원구,상계8동,11110720
8930e1c21b3ffff,3242.761881630652,720.6326761478696,0.2654357339567296,359.32557577943976,391.06447090154256,True,True,True,7.096489060246827,True,노원구,상계9동,11110730
8930e1c2293ffff,2133.1364449776374,477.34418538919056,0.20495276248992547,280.79859498761334,306.6699135712055,True,False,False,5.590401324720056,True,강북구,번1동,11090600
8930e1c2297ffff,3552.6491732566333,840.912825517431,0.36089315237674435,149.13379979562364,162.8614797656007,True,False,False,2.983616987333619,True,도봉구,창2동,11100600
8930e1c22a3ffff,2035.1159433603705,545.0073402422635,0.20351901020075586,444.6654067237319,518.9149645763946,False,True,False,9.039036310138837,False,도봉구,창3동,11100610
8930e1c22bbffff,2034.9528066536907,544.9636519684364,0.2122865777939709,274.70242788440584,307.34991247003165,True,True,True,5.439694828112041,True,도봉구,창3동,11100610
8930e1c2303ffff,2149.424778966562,435.63374998640825,0.16443770082712988,811.3618323501853,887.6268772018587,False,True,False,16.333114043200148,False,노원구,상계6·7동,11110770
8930e1c2307ffff,3108.5487026778783,788.8468915884087,0.25299430994387656,262.6582213525016,282.6795760784321,True,True,True,5.193876901942641,True,노원구,중계2·3동,11110780
8930e1c230fffff,3509.1110807199966,716.6776799191534,0.2828603879169806,434.28730310697,468.315147491614,False,True,False,8.648956700455496,False,노원구,하계2동,11110590
8930e1c2333ffff,3478.342465690576,938.355831564255,0.37788664492040736,232.0052332793833,256.6467751912471,True,True,True,4.646056028077579,True,노원구,중계2·3동,11110780
8930e1c2337ffff,3478.6213207288647,938.4310585592737,0.39490020547929505,366.2627693911319,388.6397346615837,True,True,True,7.197859866377664,True,노원구,중계2·3동,11110780
8930e1c233bffff,3501.130837583293,884.2523561874386,0.37494689532963027,194.03214231796562,209.83260243676978,True,True,True,3.8087790899452516,True,노원구,중계2·3동,11110780
8930e1c234fffff,2744.903770856542,741.067700691064,0.28758140330855847,237.06943152571517,262.0123113172547,True,True,True,4.771441377138494,True,노원구,월계2동,11110520
8930e1c236bffff,2664.098093049647,672.37538890607,0.22792482733743538,239.79148950414023,277.2689324175468,True,False,False,6.230746739903155,True,노원구,월계3동,11110530
8930e1c23c3ffff,2808.292677167776,767.7443759612389,0.23484475197495258,602.767957627886,753.3448320400499,False,True,False,12.81422679488719,False,노원구,월계2동,11110520
8930e1c23c7ffff,2773.941966784174,748.7826095284566,0.25053972514624084,490.5133780992676,583.040471615082,False,True,False,10.029478447270748,False,노원구,월계2동,11110520
8930e1c241bffff,3327.898485582874,848.1776766891171,0.2721767181969805,409.6921804766515,471.2614839254993,False,True,False,8.155415676801175,False,도봉구,방학3동,11100570
8930e1c2423ffff,2239.907070720261,645.3068391643318,0.24773119511448208,224.49744599526156,246.8036992655531,True,False,False,4.406801717684765,True,도봉구,방학2동,11100560
8930e1c2427ffff,2066.5286002559487,607.5418553959013,0.21798075753784793,282.1427659709099,313.0723498845057,True,True,True,5.58163757730002,True,도봉구,방학2동,11100560
8930e1c245bffff,2039.4799352930381,536.136693233206,0.20875438684723535,225.83109552451106,284.04418720652166,True,False,False,5.208384696814767,True,도봉구,쌍문1동,11100510
8930e1c2463ffff,2839.707886629967,668.5482060068507,0.2923113567349655,211.24033572598353,243.36398289496267,True,True,True,4.146569553139677,True,도봉구,쌍문4동,11100540
8930e1c2467ffff,2734.3320702318188,629.7594592291148,0.32330570864069236,195.76581197515497,215.80512969075497,True,True,True,4.018033983923284,True,도봉구,쌍문4동,11100540
8930e1c246bffff,2672.4154875962113,616.0536064813366,0.26471576273886366,399.53915886115817,514.5254125259423,True,True,True,8.796741677344897,True,도봉구,쌍문4동,11100540
8930e1c246fffff,2710.005792883207,620.8198886485296,0.3236814934015593,284.38651670180195,350.40583538503773,True,True,True,6.680237132519859,True,도봉구,쌍문4동,11100540
8930e1c2477ffff,3217.22068906469,807.3944456389795,0.2877470744686251,325.9469881563721,354.94157937484306,True,True,True,6.529585887748152,True,도봉구,방학3동,11100570
8930e1c24cbffff,2046.7763559318971,545.9707205878082,0.19072490122989505,404.1799984601463,513.2345844540198,False,True,False,8.720737768563055,False,도봉구,쌍문1동,11100510
8930e1c252fffff,2822.212990213915,490.55817765589666,0.2530861900991162,263.9769909837607,282.96207865028657,True,True,True,5.2317737104502875,True,노원구,상계8동,11110720
8930e1c2533ffff,2280.36935179544,648.7388983407537,0.23355865285443486,460.3012266555436,493.67553749048193,False,True,False,9.113169097361936,False,도봉구,도봉2동,11100650
8930e1c2537ffff,2396.44684691659,598.4823579102249,0.202655263414647,312.8551296576673,337.1219585050526,True,True,True,6.180320257212821,True,노원구,상계1동,11110650
8930e1c2543ffff,1980.7796105292873,507.5690218522837,0.19209026887062147,260.2122052371677,279.91542729305945,True,False,False,5.178686682431502,True,도봉구,방학1동,11100550
8930e1c254bffff,2268.9121040625682,595.3319106095709,0.224620129274875,235.35404115718592,263.7956643214637,True,False,False,4.8431479240133,True,도봉구,쌍문2동,11100520
8930e1c2577ffff,2044.1989986509102,505.3625126798959,0.31879713987830166,297.5919578826415,323.80736582156504,True,True,True,5.927176481954097,True,도봉구,방학1동,11100550
8930e1c2617ffff,2520.2232196650775,730.5132881614061,0.2781836404996373,217.10857371940537,234.28720598403154,True,True,True,4.270977090894141,True,강북구,수유2동,11090640
8930e1c261bffff,2529.5488367726525,734.3124851183301,0.316432908636577,301.4379718959781,324.1832866454092,True,True,True,5.943489484395834,True,강북구,수유2동,11090640
8930e1c263bffff,2333.0196997245584,539.7909823214006,0.24509523924957455,235.4539993867815,256.84135231860057,True,False,False,4.755062117802186,True,강북구,수유3동,11090650
8930e1c2643ffff,2263.6219053432387,540.2994302000884,0.18933628632857383,228.95041120020497,251.30646548486794,True,False,False,4.6612729709249745,True,강북구,수유3동,11090650
8930e1c2647ffff,2332.596255929996,539.6930100917397,0.24682859184655434,294.8175216635486,318.46516528371455,True,True,True,5.813468450976129,True,강북구,수유3동,11090650
8930e1c2653ffff,2020.2525435321472,542.5648831987402,0.18303830933071183,234.0291452299025,256.32436964390934,True,False,False,4.624867258737423,True,강북구,인수동,11090750
8930e1c2667ffff,2107.06874510083,470.67310016220756,0.22641774533117864,305.9418109661714,335.06863731502364,True,True,True,6.158528163068416,True,강북구,번1동,11090600
8930e1c268fffff,2404.5243400808954,683.757789689372,0.2320057906111053,237.5842994673429,269.28889143361306,True,False,False,4.967776675919639,True,강북구,수유2동,11090640
8930e1c26c3ffff,1900.81987708942,544.4300430741388,0.22864136153021497,273.11420705789527,312.138365537902,True,True,True,5.361130731136462,True,강북구,인수동,11090750
8930e1c26d7ffff,2119.6614147754162,613.4812983039643,0.2045223680698483,226.50879901638817,250.6156581707363,True,False,False,4.5096325107581245,True,강북구,우이동,11090740
8930e1c2a5bffff,1480.2832381475714,244.95556380067796,0.1308856766682386,728.7011631049627,859.3743495626131,False,True,False,14.740672873278008,False,노원구,공릉2동,11110560
8930e1c2bc3ffff,1481.0898530624445,245.08904150693778,0.09895100164150405,532.350558341376,616.4596145510407,False,False,False,10.69042830155271,False,노원구,공릉2동,11110560
8930e1c2bd7ffff,1097.169170745382,181.5582895750283,0.08334156014830386,937.115824693111,1072.9337664239722,False,True,False,18.748531432673346,False,노원구,공릉2동,11110560
8930e1c2c43ffff,2647.2844188863337,639.3584879522048,0.37986920639893,294.6814938064898,322.1437720204988,True,True,True,5.852126298976504,True,노원구,중계4동,11110640
8930e1c2c47ffff,2613.2053881326133,632.7933886702448,0.2386157392804718,479.8982906070777,577.4664920154179,False,True,False,9.420225704509303,False,노원구,중계4동,11110640
8930e1c2c4bffff,2647.228394788675,639.3449573009032,0.30432615144310304,339.8670635725024,381.0722539984981,True,True,True,6.949383750653659,True,노원구,중계4동,11110640
8930e1c2c8fffff,1682.3465384996753,453.18866482263246,0.16311797420353688,300.23806709719247,376.5736017076531,True,False,False,5.973354784288028,True,노원구,상계3·4동,11110760
8930e1c2ca7ffff,1682.7510711933526,453.2976373958386,0.15876569387187175,291.3572130497473,337.65290775617876,True,False,False,5.795068496881545,True,노원구,상계3·4동,11110760
8930e1c2cb3ffff,1682.5169153129557,453.23456074167194,0.14659331173814116,464.6193756158367,594.2776284866136,False,True,False,9.338449483887551,False,노원구,상계3·4동,11110760
8930e1c2cb7ffff,1682.6517584841843,453.27088464719975,0.14015375179262285,443.0546414534715,566.1415318613134,False,True,False,9.077217217129878,False,노원구,상계3·4동,11110760
8930e1c2ccbffff,3377.78057338343,908.7560626405194,0.3468405790520933,198.27816140379971,226.52800888660283,True,True,True,4.142649672912027,True,노원구,상계5동,11110690
8930e1c2cdbffff,3377.5812894989435,908.7024474235806,0.34781682669465575,290.59191331779147,326.16547788267883,True,True,True,5.767541454470434,True,노원구,상계5동,11110690
8930e1c2e67ffff,2552.659153118111,337.5587119081765,0.1499129427219108,374.88114314640194,556.4198348426116,True,True,True,8.76107907192445,True,노원구,중계본동,11110600
8930e1c2e93ffff,2302.704430316423,518.8057302170437,0.24360074024716552,267.3405462123075,290.9855355297863,True,True,True,5.329838945440715,True,노원구,상계2동,11110660
8930e1c3003ffff,3672.0470803660883,602.076167924181,0.3457209253665711,237.77480430742617,308.7205146146415,True,True,True,4.724731388957132,True,성북구,길음1동,11080660
8930e1c3013ffff,3334.698774665261,649.011154708187,0.2727833740313104,222.7781189236708,324.9012559803591,True,True,True,5.205472743794713,True,성북구,정릉1동,11080620
8930e1c302bffff,2903.4800131608154,703.4404052185262,0.29068774776817785,347.2437432961256,437.4648205517226,True,True,True,6.889056171952113,True,성북구,돈암1동,11080580
8930e1c302fffff,2760.628683147469,632.7789705537645,0.2559606364302922,148.24870771323162,205.72926133295695,True,False,False,3.9476314615998684,True,성북구,돈암1동,11080580
8930e1c307bffff,2337.0393754415863,464.3636544108782,0.2001740894526785,283.9947439682601,348.00234348609695,True,True,True,6.027891859368079,True,성북구,동선동,11080830
8930e1c308bffff,2180.1095665706575,515.7056708272829,0.17125479134919214,345.95375518901955,470.0866377723797,True,True,True,8.503103567048685,True,성북구,정릉2동,11080630
8930e1c3093ffff,2709.684450056696,640.2273791997899,0.2150153623001443,228.03558823306142,293.67487987685695,True,False,False,4.944244125589275,True,성북구,정릉4동,11080650
8930e1c3097ffff,3223.2170237148607,619.5387786561072,0.2219857450803159,245.54489959666273,369.3288569341313,True,True,True,6.4728567348406365,True,성북구,정릉1동,11080620
8930e1c309bffff,2501.880396344518,591.3652155058371,0.21543795250104456,264.5760643686455,337.5564402051815,True,True,True,5.211417212789202,True,성북구,정릉2동,11080630
8930e1c30afffff,3532.513400718569,575.9371830795968,0.3217190746141725,292.52864563595006,336.79946336083617,True,True,True,5.9038264371941205,True,성북구,길음2동,11080680
8930e1c30b3ffff,3845.2712135129686,612.3729857860557,0.35013147665983024,321.43530693965204,420.7625499596197,True,True,True,8.83552807984383,True,성북구,길음1동,11080660
8930e1c30bbffff,3798.815947546584,574.1167985886299,0.31746581192250317,220.93205338252722,270.23582049463823,True,True,True,4.446417892571727,True,성북구,길음1동,11080660
8930e1c3103ffff,2600.611152566263,578.5132108825585,0.24502673966132127,257.44186079538787,349.2739397890717,True,True,True,5.752516817493875,True,성북구,월곡1동,11080710
8930e1c310bffff,2560.771644301504,572.2893841958648,0.2541992675719495,262.5577068136759,302.39574562626024,True,True,True,5.153910541157343,True,성북구,월곡1동,11080710
8930e1c3137ffff,2804.561734304837,593.5593319357366,0.22473752451836862,271.781907369372,330.9309867186026,True,True,True,6.215167200005919,True,성북구,장위1동,11080760
8930e1c3143ffff,2560.511798924262,572.2313131252722,0.3539403262090582,268.80311115213135,289.1135640381114,True,True,True,5.326702471063416,True,성북구,월곡1동,11080710
8930e1c3147ffff,2472.039291104619,550.5330056252441,0.2213153351678787,216.7902106589031,267.78584837317084,True,False,False,4.654011602599706,True,성북구,월곡1동,11080710
8930e1c3173ffff,2505.8834784147116,558.8272884518371,0.2346019042963589,227.5521346681581,272.4248517593278,True,False,False,4.476290430059142,True,성북구,월곡1동,11080710
8930e1c3177ffff,2257.7944869606135,497.9903177073626,0.24069917908158056,449.9183206244958,577.4782184289387,False,True,False,10.101491789400406,False,성북구,월곡2동,11080720
8930e1c3247ffff,1956.3624406810077,441.76624407579203,0.16754077236619216,255.0276309365276,376.5023372603624,True,False,False,6.9407187081567905,True,종로구,숭인1동,11010700
8930e1c3253ffff,3008.0721703279773,709.120809923054,0.2563610154062508,254.3041553697335,328.93214739880176,True,True,True,5.715844995812423,True,종로구,창신3동,11010690
8930e1c3257ffff,2851.4113475606528,661.4954776398315,0.2663140733279706,332.5277682963305,391.77889704650244,True,True,True,6.527396933224266,True,종로구,창신3동,11010690
8930e1c325bffff,2958.677047471239,718.1402656939009,0.2574534864895167,599.8871523290014,724.817670984748,False,True,False,11.82307383239423,False,종로구,창신2동,11010680
8930e1c327bffff,2293.2852260670443,423.97275179604304,0.17234509836116832,330.21804184827306,502.69395717697535,True,True,True,7.394558436803923,True,종로구,숭인2동,11010710
8930e1c32c3ffff,1943.7184481785569,389.1961421148075,0.1790062672460961,382.72241156523677,474.200852024269,True,True,True,8.906895097112367,True,성북구,삼선동,11080820
8930e1c3307ffff,2476.617845558934,576.2867689546167,0.2028370498400525,210.35582956159476,232.49017153150595,True,False,False,4.329217941589288,True,성북구,종암동,11080840
8930e1c3377ffff,2266.7585484635565,720.2576976042363,0.2520502922911737,240.03656684110643,266.81069854266184,True,True,True,4.715543999723073,True,동대문구,청량리동,11060800
8930e1c33b3ffff,2513.242767458122,510.3662240997136,0.2733324391520643,372.7829786789012,399.75221665637747,True,True,True,7.380526135031843,True,성북구,종암동,11080840
8930e1c33b7ffff,2309.2319210175483,483.1704663642436,0.1988400068365764,607.9428681854067,650.4276296984107,False,True,False,12.032868073752283,False,성북구,종암동,11080840
8930e1c3427ffff,3978.5288696128387,722.7198006415346,0.35648167911365086,249.05679218540942,293.3988237075773,True,True,True,5.229808824664769,True,강북구,삼각산동,11090730
8930e1c3437ffff,2952.619288700019,649.5489146589516,0.2698050462157308,272.46870941310914,372.8877814398629,True,True,True,5.348459851442513,True,강북구,삼양동,11090690
8930e1c344bffff,1649.4529044404053,354.1013804179996,0.14762379517826607,555.157186625438,693.3222821098749,False,True,False,11.442709161033573,False,성북구,정릉3동,11080640
8930e1c350fffff,1791.1151123260227,512.7741840057383,0.19572723291909805,296.747272034346,341.0684461790002,True,True,True,6.371099555240551,True,강북구,송천동,11090720
8930e1c3527ffff,2240.936329852091,560.7649051226831,0.2657084043725961,195.92249863330625,302.5887792333117,True,True,True,4.808883036171553,True,강북구,미아동,11090700
8930e1c352bffff,2095.788107737666,552.6336152820262,0.30088645290424665,267.9062822867085,288.1929043811432,True,True,True,5.258901096739093,True,강북구,송중동,11090710
8930e1c353bffff,1889.6042206670713,520.4980588532925,0.21246504251466608,255.13935914864115,281.6038116326531,True,False,False,5.168438472464722,True,강북구,송천동,11090720
8930e1c3543ffff,3979.08229554724,722.8203332489603,0.3792469390610716,186.82025044552864,235.88878955633305,True,True,True,4.233830396085329,True,강북구,삼각산동,11090730
8930e1c3547ffff,3908.8039074349945,716.1238070256261,0.34949158600027386,177.53505522109253,212.81965832060558,True,True,True,3.564806362461186,True,강북구,삼각산동,11090730
8930e1c3553ffff,3920.7808190712444,718.6269957535021,0.3723744638624097,234.4399071806462,324.48136813753587,True,True,True,5.212129350523535,True,강북구,삼각산동,11090730
8930e1c355bffff,3898.845269956296,716.9965491886134,0.2975784885228493,388.9181800693126,489.5128853772163,True,True,True,8.214261355481531,True,강북구,삼각산동,11090730
8930e1c356bffff,1755.5549101024194,510.00233425964996,0.19634335943232378,247.33459742070565,315.8381936635886,True,False,False,6.167865054057866,True,강북구,송천동,11090720
8930e1c3577ffff,1755.6295540152144,510.024018895969,0.20298900837200345,316.6909788687329,345.7672223839441,True,True,True,6.3914907800017025,True,강북구,송천동,11090720
8930e1c35abffff,2133.533780092286,539.5398102352584,0.23289091731641087,298.18276526700447,319.53063112991106,True,True,True,5.905123068280571,True,강북구,미아동,11090700
8930e1c35afffff,2133.7048291305678,539.583066061117,0.2627626164204494,245.0238778666934,283.4665478256553,True,True,True,4.809727972938796,True,강북구,미아동,11090700
8930e1c35bbffff,2218.452225102174,561.0244437560341,0.23050931180042222,350.597433635974,399.5598064862653,True,True,True,7.36408156884498,True,강북구,삼양동,11090690
8930e1c35cfffff,2517.083545029063,618.2971556492593,0.2299135537474585,229.50800434106043,348.1936776671955,True,True,True,7.265732762837322,True,강북구,삼양동,11090690
8930e1c36b3ffff,1672.7927769576838,361.20334363382767,0.12804140848858087,506.1129758595189,655.5137903097894,False,True,False,10.479445671825946,False,성북구,정릉3동,11080640
8930e1c8137ffff,2258.0194143066874,395.57352456168223,0.149261301055012,692.013725401789,844.4002836232198,False,True,False,13.871735238799285,False,강남구,일원본동,11230720
8930e1c8283ffff,836.4414441596349,190.10032821809884,0.0660483665445308,1817.7371596890468,2468.6152768583365,False,True,False,45.48352224174828,False,서초구,내곡동,11220680
8930e1c842fffff,2894.5727173938003,491.80921844728437,0.24693784958225232,262.5583442839447,288.7537683286233,True,True,True,5.204597028786915,True,강남구,개포1동,11230680
8930e1c8433ffff,2252.6921352840354,397.30069779962264,0.16664618500544678,384.0690336796656,411.4611510926828,True,True,True,7.600205659661789,True,강남구,개포4동,11230710
8930e1c8437ffff,3325.6376523083622,560.3777199836562,0.2401216257950454,459.38816654423965,505.6992748020877,False,True,False,9.28585658241667,False,강남구,개포1동,11230680
8930e1c848fffff,2554.6160512430397,443.74710417724594,0.23120010507778044,268.6546385755413,310.84911775724095,True,True,True,5.811750537142676,True,강남구,도곡2동,11230670
8930e1c84abffff,3032.6828245950987,542.3208082244349,0.22930769937883452,357.8694994857353,385.6811985873745,True,True,True,7.065170101638926,True,강남구,도곡2동,11230670
8930e1c8513ffff,2465.638343966858,314.70892967067135,0.17153430375677942,507.8891810812897,544.0158375368708,False,True,False,10.035349122598733,False,강남구,대치1동,11230600
8930e1c853bffff,3051.0003984288383,438.13944498121566,0.27725474660274646,305.7092652649884,331.123480093195,True,True,True,6.000959651497922,True,강남구,개포2동,11230800
8930e1c8577ffff,3050.9345020177316,438.1299819155919,0.23958209688715784,315.0293398137002,342.97980400090063,True,True,True,6.267591474658907,True,강남구,개포2동,11230800
8930e1c85dbffff,3081.996584983638,547.0608168730541,0.27067410073908005,387.33313439572055,413.50420367911966,True,True,True,7.638641674794662,True,강남구,도곡2동,11230670
8930e1c888bffff,1595.2041167886523,284.5011653574579,0.1408305079178003,746.9583942431664,809.670451898718,False,True,False,14.712680482248185,False,강남구,세곡동,11230760
8930e1c88abffff,1424.3575943504713,232.23704307761506,0.11024327675192802,759.51655359991,828.344441659588,False,True,False,15.154926865411985,False,송파구,문정2동,11240690
8930e1c8b97ffff,2106.49273006098,210.02359134225048,0.10685914448116475,707.3559591207938,779.4955694793962,False,True,False,14.156908903376387,False,송파구,위례동,11240820
8930e1c8c0bffff,1594.7016064209724,284.4115437324229,0.10457243209354823,551.210805087996,653.876120524595,False,True,False,10.921391781096082,False,강남구,세곡동,11230760
8930e1c8c2fffff,1539.4562648061865,343.0013265257091,0.11173304680663382,780.9170073885678,836.3137897549311,False,True,False,15.378363860437663,False,강남구,세곡동,11230760
8930e1c8c33ffff,1403.552714099978,560.410593677151,0.2219613726502077,329.73961288075077,359.9747114833131,True,True,True,6.6235807464769625,True,강남구,수서동,11230750
8930e1c8c67ffff,1595.0168965244118,284.46777503280015,0.13696929940581723,714.3893014546703,771.0716423437188,False,True,False,14.233833453224944,False,강남구,세곡동,11230760
8930e1c8c83ffff,1403.1928673887219,560.2669140653617,0.15270644740178774,797.5367762147621,872.425827725851,False,True,False,15.71305913042027,False,강남구,수서동,11230750
8930e1c8c93ffff,1575.516934271172,507.87628362679516,0.16331261297691,546.5550969329446,596.9501641103456,False,True,False,11.075133825702363,False,강남구,일원1동,11230730
8930e1c8c97ffff,1672.0622943720086,478.6358374604826,0.15895778082716813,662.8333102587366,724.3426610175309,False,True,False,13.259587108456383,False,강남구,일원1동,11230730
8930e1c8ca3ffff,1412.1016951050265,558.3775375346365,0.2037453870972733,1683.8751480451633,1819.4386443545618,False,True,False,33.474742245211985,False,강남구,수서동,11230750
8930e1c8d37ffff,2762.9622628833104,465.9700596350252,0.22374443793942966,250.21481431526362,285.90421956152335,True,False,False,5.3733879643650395,True,송파구,가락2동,11240670
8930e1c8d77ffff,2756.8961562663176,530.574044318567,0.2953254436462297,304.0443331138042,351.96102656715743,True,True,True,6.002300339945402,True,송파구,문정1동,11240680
8930e1c8d83ffff,2211.8717041815485,398.83515434382207,0.15167952296773954,309.2245360890827,356.6585915552168,True,False,False,6.697807058512546,True,송파구,가락본동,11240650
8930e1c8dd7ffff,2231.1155814380277,366.9791443623173,0.15449356268303976,435.6358530724776,471.3832081577792,False,True,False,8.599543420772928,False,송파구,가락1동,11240660
8930e1c8e93ffff,1594.2484711797185,284.3307280531976,0.12373897874516993,636.8486307959552,806.8963269473529,False,True,False,13.510230023878558,False,강남구,세곡동,11230760
8930e1ca147ffff,2717.313377326304,379.72121114524555,0.24434938793734515,429.2073245274657,472.2166853060083,False,True,False,8.78759781823905,False,강남구,삼성2동,11230590
8930e1ca197ffff,1225.0566074505007,254.87482399760427,0.1149051395557316,485.7489437672179,606.2275302807202,False,True,False,11.024513618075822,False,강남구,압구정동,11230770
8930e1ca36bffff,3033.057305854177,542.3877749963773,0.23987432295820477,347.28413443387825,418.38009681104614,True,True,True,6.840795730340253,True,강남구,도곡2동,11230670
8930e1ca417ffff,969.3405238209913,203.19052752944512,0.06935269998554594,685.4566836682254,803.1365177114268,False,False,False,14.858612596432565,False,강남구,신사동,11230510
8930e1ca443ffff,2740.5830426903494,401.26307880194213,0.17546136763513104,1321.6755705996031,1423.8458507913813,False,True,False,26.056320304471328,False,서초구,잠원동,11220550
8930e1ca447ffff,2740.80300487567,401.2952846144743,0.17600884242392648,925.3216329392674,1034.897968125223,False,True,False,18.633421621074774,False,서초구,잠원동,11220550
8930e1ca503ffff,1198.1213985575328,259.8076867839811,0.09746924368487506,697.5934651634909,757.4352356605277,False,True,False,14.053491293403436,False,강남구,압구정동,11230770
8930e1ca5a7ffff,1629.182451012178,294.0313486918576,0.1069015416226055,1169.1942997778876,1307.7841364604647,False,True,False,23.832028877350325,False,성동구,성수1가1동,11040650
8930e1ca5c7ffff,1197.9548404498464,259.7715693448592,0.09015085897416034,744.0512991775582,816.5366726383835,False,True,False,15.023790198583047,False,강남구,압구정동,11230770
8930e1ca5cfffff,1143.040630318705,246.40983316754395,0.08910907486300837,658.2322902892065,715.2875109027091,False,False,False,13.193777196666488,False,강남구,압구정동,11230770
8930e1ca633ffff,2857.3203179991146,381.17346853971014,0.2314380238658075,493.5003910835033,539.6262646120521,False,True,False,10.034263981813794,False,서초구,반포1동,11220570
8930e1ca663ffff,2509.061950490665,398.28745316214145,0.1663238474325502,302.65480596700854,352.0553645124698,True,False,False,6.553011427561844,True,서초구,서초4동,11220540
8930e1ca66fffff,2508.6963471412205,398.3360955839625,0.26827847223814355,483.60930337211045,571.3604519787159,False,True,False,10.822597828299664,False,서초구,서초4동,11220540
8930e1ca693ffff,2116.7190304436776,321.4941679795724,0.1367372253505228,1086.1053550997349,1206.0710897699466,False,True,False,22.15055305699997,False,서초구,반포3동,11220590
8930e1ca697ffff,2151.8823463180333,325.9938045055651,0.14876317611332598,1055.954283528063,1164.1492571639571,False,True,False,21.29561074282889,False,서초구,반포3동,11220590
8930e1ca6a7ffff,2741.0660766935575,401.3338023334951,0.2703109432085985,423.42028021915155,477.09431400238384,False,True,False,8.586196523799146,False,서초구,잠원동,11220550
8930e1ca81bffff,2698.492193655386,334.18341203612005,0.21800786016449758,410.7585079944815,443.68802457212166,False,True,False,8.158075252746537,False,송파구,잠실2동,11240790
8930e1ca827ffff,2149.210032257062,430.4887087838174,0.17113035190091455,467.317995779748,499.9302783776941,False,True,False,9.214379574386786,False,송파구,잠실3동,11240800
8930e1ca82bffff,2379.9880529697407,413.03448820887456,0.24475927247909054,537.1573937225794,577.5917712893548,False,True,False,10.665607340182145,False,송파구,잠실3동,11240800
8930e1ca82fffff,2239.1251228197443,447.8648053016515,0.22531324895996563,284.9260276507625,307.45784420623454,True,True,True,5.595719393956068,True,송파구,잠실3동,11240800
8930e1ca83bffff,2678.1646692097065,339.4173901580221,0.2039549275343266,491.7926426298548,522.9140744866814,False,True,False,9.67017530661275,False,송파구,잠실2동,11240790
8930e1ca857ffff,2564.689226208742,348.48825891565616,0.24409796121693983,370.9763010778915,397.70234499740315,True,True,True,7.303094761830051,True,송파구,잠실2동,11240790
8930e1ca867ffff,2273.0818261692684,439.3860581753444,0.2281650951430783,510.2337395818178,545.6902958589299,False,True,False,10.033760648941637,False,송파구,잠실3동,11240800
8930e1ca8c3ffff,2698.117063090631,334.1369555696594,0.18978660808575856,543.5999111271374,581.8494644822151,False,True,False,10.733098015056777,False,송파구,잠실2동,11240790
8930e1ca8cfffff,2698.2755755959133,334.15658588394757,0.29589081947329776,469.51825270280733,504.8844697059212,False,True,False,9.240734783121987,False,송파구,잠실2동,11240790
8930e1ca8d3ffff,2697.9585523087853,334.117325468803,0.1547686939550388,802.1602186432303,880.2868435521721,False,True,False,15.875601176944208,False,송파구,잠실2동,11240790
8930e1ca8dbffff,2697.9004796069007,334.1101336993743,0.1560763892829012,394.46039407123345,429.73510169667713,True,True,True,7.77566728876233,True,송파구,잠실2동,11240790
8930e1ca91bffff,1467.152201736215,288.5772749863845,0.10398922009634744,469.7965167337961,519.2967964533195,False,False,False,9.249625012810286,False,송파구,잠실6동,11240770
8930e1ca92bffff,2542.6044087116625,408.19374453204637,0.24299598965541713,360.97612373975517,393.07065929475095,True,True,True,7.14683709858549,True,송파구,잠실4동,11240750
8930e1ca9dbffff,1868.4887467193844,376.2377219387085,0.13108620168000124,671.6565598209215,772.3835434308328,False,True,False,14.207400952058965,False,송파구,잠실3동,11240800
8930e1caa03ffff,1477.67140055054,345.781560280053,0.13133441769587229,364.67207823974724,412.80194821089924,True,False,False,7.7265932939139965,True,강남구,개포3동,11230511
8930e1caa13ffff,1470.3526594019172,342.4725891686906,0.11222606437805896,673.4318128481679,744.8847395746876,False,True,False,13.827138683536864,False,강남구,개포3동,11230511
8930e1caa5bffff,2422.7553070871313,400.3542179844834,0.18607767067364775,441.5299313981732,474.2641354461557,False,True,False,8.667069023741918,False,강남구,개포2동,11230800
8930e1caa87ffff,2313.5392943960514,375.32355697596824,0.1920689740176488,367.2848960703998,396.655672692445,True,True,True,7.334770818337084,True,송파구,잠실본동,11240710
8930e1caa8bffff,1470.2663216956682,342.45247950478586,0.11339757095510074,596.7309260264263,641.1621740029832,False,True,False,11.789643664161336,False,강남구,개포3동,11230511
8930e1caabbffff,2351.592083118127,382.33066623825255,0.16066514218530423,376.9581601788417,405.7531086952524,True,False,False,7.3995490701772635,True,송파구,잠실본동,11240710
8930e1caac3ffff,1470.1165658972832,342.41759858306415,0.1907983707312951,425.1396400659591,463.59667943513375,False,True,False,8.428426357436472,False,강남구,개포3동,11230511
8930e1caac7ffff,1470.2346081391097,342.4450928252999,0.11571945478483221,467.5241735721591,522.4763801065982,False,False,False,9.72126619175993,False,강남구,개포3동,11230511
8930e1caad7ffff,1470.1482803230117,342.42498546499604,0.1256574345717213,988.550926330755,1098.895113964695,False,True,False,20.243569251965894,False,강남구,개포3동,11230511
8930e1cab03ffff,2668.0356738085584,471.5715226863898,0.2259934496704624,394.7116731414501,432.5378227976124,True,True,True,7.813166849370365,True,송파구,석촌동,11240630
8930e1cab23ffff,2835.3182234555984,501.6459756354784,0.318365751550817,283.6530617497923,306.6714445376763,True,True,True,5.678907346586595,True,송파구,송파1동,11240610
8930e1cab27ffff,2835.696457142447,501.7133270602602,0.2527397408849782,268.6537833166716,288.352643495587,True,True,True,5.339312871247673,True,송파구,송파1동,11240610
8930e1cab47ffff,2381.8468328237846,403.09255706297654,0.25279816493146856,328.18875107296026,352.3755344830515,True,True,True,6.5096532665182245,True,송파구,가락1동,11240660
8930e1cab9bffff,2239.0286706721413,447.84551315854304,0.2463640901504898,287.5506178399877,306.8036992760794,True,True,True,5.651603155777895,True,송파구,잠실3동,11240800
8930e1cabafffff,2835.3633586320284,501.65439269812845,0.2753846157982163,338.10457663539273,367.3477762483447,True,True,True,6.692216232038698,True,송파구,송파1동,11240610
8930e1cabcbffff,2792.559911306981,463.55175635669434,0.2579683719752634,342.05408169844384,376.4661746174655,True,True,True,6.7317983873875615,True,송파구,삼전동,11240640
8930e1cac13ffff,2191.337715580047,431.4428492424264,0.15527538756996234,1299.0010509546526,1453.2107796205776,False,True,False,28.51310686181725,False,광진구,자양4동,11050670
8930e1cac33ffff,3163.803767367259,606.6783786075405,0.2548611847279518,214.52815435193605,235.1372255553012,True,False,False,4.211108215056522,True,광진구,자양3동,11050660
8930e1cac83ffff,2095.010252905389,414.0843534403915,0.17794408412041304,320.2420156337368,347.5604202428857,True,False,False,6.322853505769151,True,광진구,자양4동,11050670
8930e1cac8fffff,2095.133398722172,414.10869353889495,0.20989729689289544,356.92748896497073,385.0462387972418,True,True,True,7.075715404960669,True,광진구,자양4동,11050670
8930e1cac9bffff,1974.9646277372312,397.3711186137799,0.15796115894281484,719.9601843521128,774.5882879805298,False,True,False,14.273848937989815,False,광진구,자양4동,11050670
8930e1caca7ffff,3163.9396929230857,606.7044431494287,0.29847547458095386,315.37939227576715,352.51609292054997,True,True,True,6.569431951437819,True,광진구,자양3동,11050660
8930e1cacabffff,3163.617819698813,606.6427220250553,0.2819347314358488,285.4385449736198,303.6859004921656,True,True,True,5.603052919852537,True,광진구,자양3동,11050660
8930e1cad63ffff,2237.4302984340343,414.25704841102544,0.16000859119354874,533.2208156391671,595.7183172397816,False,True,False,10.914322058382037,False,광진구,자양2동,11050650
8930e1cad7bffff,2198.6322812300596,407.1236642259762,0.1584056596992206,516.0903010959736,555.4457580839425,False,True,False,10.17264966931338,False,광진구,자양2동,11050650
8930e1cadc3ffff,2952.205996360196,552.5231975257832,0.2937658171968999,242.80684047235945,265.64315067351805,True,True,True,4.939896215052867,True,광진구,자양1동,11050640
8930e1cadc7ffff,2952.442945975966,552.5675440786724,0.3084050323690068,290.51358820478663,325.68528562487705,True,True,True,6.000792053396306,True,광진구,자양1동,11050640
8930e1cadcfffff,2952.3795356860714,552.5556764596203,0.32831338574826285,243.07913501912304,265.1207711652983,True,True,True,4.813793207581902,True,광진구,자양1동,11050640
8930e1cae23ffff,1850.3983555583798,484.3922890085908,0.18709239241802794,344.3729652054314,370.1204540669706,True,True,True,6.790263164140235,True,송파구,잠실7동,11240780
8930e1cae2bffff,1850.3584867483114,484.3818522590601,0.20966289240351224,527.3488659485712,570.3866559554439,False,True,False,10.430709085240183,False,송파구,잠실7동,11240780
8930e1cae2fffff,1850.5070436953017,484.4207410958258,0.20216859588264413,439.6140767173051,471.11926384842326,False,True,False,8.66378759309026,False,송파구,잠실7동,11240780
8930e1cb183ffff,1300.0433939139298,229.10667624866994,0.09305254072246803,619.3501008149179,748.1471771131739,False,True,False,12.315027017287239,False,서초구,서초1동,11220510
8930e1cb1abffff,1516.9002293711933,314.19413512029945,0.11237250504997544,496.4205169014573,555.1848919180499,False,False,False,9.787394000497034,False,서초구,양재1동,11220660
8930e1cb3a3ffff,762.425309582975,157.92044598579224,0.05361869499872201,888.260912021056,959.790640538236,False,False,False,17.818427982137592,False,서초구,양재1동,11220660
8930e1cb44bffff,2523.6297997763945,515.1343974729426,0.2013324710547224,309.05597019951716,361.458524840812,True,True,True,6.8136300017739595,True,서초구,방배2동,11220630
8930e1cb453ffff,1571.251500717737,352.35470341137716,0.12118717580831857,352.4488156212778,460.79446841899465,True,False,False,7.218101698081631,True,서초구,방배2동,11220630
8930e1cb45bffff,2905.6627044863617,580.4249771076911,0.20940163741221365,224.8589955548535,262.15723158927267,True,False,False,4.4138988016323095,True,관악구,남현동,11210630
8930e1cb4d3ffff,2584.7546416565356,496.33499014806415,0.29849768649465414,284.4355138848172,308.0828546713942,True,True,True,5.585059905897966,True,동작구,사당1동,11200630
8930e1cb5d3ffff,2114.2787625053456,436.9226561450565,0.21315180995154268,296.01599800920377,387.39898094514695,True,True,True,5.865264648502818,True,서초구,방배1동,11220620
8930e1cb5dbffff,2114.2331157611156,436.91322309531546,0.20019363288464823,278.95247621451995,362.0453235816087,True,True,True,5.813545796926837,True,서초구,방배1동,11220620
8930e1cb603ffff,1599.9251587856568,320.5227666370119,0.11217338699473206,702.1987099831746,895.9569279296866,False,True,False,13.783900603373429,False,관악구,남현동,11210630
8930e1cd487ffff,2827.2619814389063,790.4887890644072,0.2847839183973201,197.8493449597787,223.57915747398803,True,False,False,3.9180385583015815,True,송파구,마천1동,11240550
8930e1cd493ffff,3545.5619055437937,803.1110242900119,0.3846774507790122,207.32500728723537,233.36283593447797,True,True,True,4.134881658620167,True,송파구,거여2동,11240540
8930e1cd497ffff,2802.847100947891,789.791107547242,0.3142731493500602,168.63873907535395,188.52133146672548,True,False,False,3.517787177219258,True,송파구,마천1동,11240550
8930e1cd49bffff,3618.1603848330406,804.4001650045477,0.39828471600945753,199.33906886322632,227.52510020828967,True,True,True,3.9129520925003693,True,송파구,거여2동,11240540
8930e1cd4b3ffff,2827.489045981208,790.5522752132897,0.29008438128567027,221.95655831990115,249.311843268867,True,True,True,4.540556298645566,True,송파구,마천1동,11240550
8930e1cd4b7ffff,2135.9510500974443,597.2015929818647,0.23584730537457024,514.4933615648084,569.9814629276666,False,True,False,10.236481591069444,False,송파구,마천1동,11240550
8930e1cd4d3ffff,3527.4389412285723,761.7787660489264,0.31039466292715095,395.01739141478646,451.8708575595566,True,True,True,7.841317218530331,True,송파구,거여2동,11240540
8930e1ce0d7ffff,1982.467827322841,298.55114466484747,0.11842247658370983,548.555214055233,604.7479709862679,False,True,False,10.83488070296156,False,강동구,고덕2동,11250560
8930e1ce237ffff,2821.1538643425797,430.39313526047783,0.2570328123630529,356.03888521988074,415.2716267933797,True,True,True,7.192990620093433,True,강동구,상일1동,11250760
8930e1ce287ffff,2820.429740425913,430.2826634543313,0.2638814436122628,400.57092964034905,465.88161111281687,False,True,False,8.075179798613352,False,강동구,상일1동,11250760
8930e1ce2d7ffff,2857.299730877208,539.6055410677893,0.24876233746164478,293.58818963391826,327.14925438856415,True,True,True,6.101615027425164,True,강동구,명일2동,11250540
8930e1ce347ffff,1325.1807488936186,223.26037465455695,0.08772946130671062,873.4857633325391,960.066433160328,False,True,False,17.331970302218288,False,강동구,상일2동,11250770
8930e1ce393ffff,2010.2368123077117,403.40461447945677,0.18570059593561225,399.25658623181727,450.91335037011726,True,True,True,8.21859537364909,True,강동구,강일동,11250750
8930e1ce643ffff,3300.858744645981,729.9457125663738,0.2955353254814176,203.78116875502428,220.83066818937482,True,True,True,4.094266348633546,True,강동구,암사1동,11250720
8930e1ce647ffff,3424.3800611310794,702.3441754244826,0.34171641919578694,276.2483794674654,298.1466802538171,True,True,True,5.4598130745541225,True,강동구,명일1동,11250530
8930e1ce64bffff,2954.4834821332447,748.5876067426647,0.3295276487223736,231.27158672587916,254.22557694245253,True,True,True,4.724496829117806,True,강동구,천호1동,11250610
8930e1ce657ffff,2366.2411066203463,512.3743576304405,0.2463396776273484,643.1632554590872,718.7245311136243,False,True,False,13.350441140222792,False,강동구,암사1동,11250720
8930e1ce683ffff,1418.5441222518916,272.6578552404478,0.09454118954919019,1018.6077981153761,1174.011023607441,False,True,False,21.146659519589857,False,강동구,암사3동,11250590
8930e1ce68bffff,1418.5137457217625,272.6520165785234,0.09552045793023772,693.6092094793505,803.96037359843,False,True,False,14.21544725352567,False,강동구,암사3동,11250590
8930e1ce68fffff,1418.6275844964412,272.6738974884367,0.09427420846588809,786.7336297770628,896.2384966002921,False,True,False,15.851468816635304,False,강동구,암사3동,11250590
8930e1ce693ffff,1416.747626404011,272.3125514200393,0.09645844060683506,1541.9629165396768,1779.785149428325,False,True,False,31.885048290523805,False,강동구,암사3동,11250590
8930e1cf00bffff,971.7189370092112,194.86416329245276,0.07589093518333068,743.3934378119625,856.1292244005879,False,False,False,15.333807928773725,False,송파구,오륜동,11240590
8930e1cf017ffff,7698.544675594461,1125.4114361701359,0.5278594727456603,140.54895490318918,154.63716077797352,True,True,True,2.7677440598008753,True,강동구,둔촌1동,11250700
8930e1cf093ffff,2507.7866759691237,538.8292159944607,0.3102656482672079,268.73442759136435,287.95650897367915,True,True,True,5.275157282349004,True,강동구,성내3동,11250670
8930e1cf203ffff,2513.6086380337792,539.7179259347819,0.21259917657611577,283.3090867229628,310.10666128398475,True,True,True,5.603283055964013,True,송파구,오금동,11240600
8930e1cf20fffff,2675.2111182020767,637.8358532734582,0.22798605954821183,326.76033468402744,368.9066362365599,True,True,True,6.482675344284857,True,송파구,거여1동,11240530
8930e1cf223ffff,2667.50345683615,785.7535123803588,0.3135984538714883,162.53265874380764,182.55672720854784,True,False,False,3.3829722431231035,True,송파구,마천2동,11240560
8930e1cf233ffff,2662.4443950665873,779.3928067860442,0.2876612879268411,254.60139354114943,294.6119659455756,True,True,True,5.096612335101393,True,송파구,마천2동,11240560
8930e1cf23bffff,2731.866865665259,703.5393337154073,0.2944565227345262,309.1725857473285,346.0387590125831,True,True,True,6.140911115587266,True,송파구,거여1동,11240530
8930e1cf25bffff,2750.8850050517435,490.9734862058708,0.23776240527437606,335.22902404822685,360.7418294034093,True,True,True,6.610917749247545,True,송파구,가락2동,11240670
8930e1cf26fffff,3617.8698210032767,804.3355659907544,0.32509828510159017,167.80614377645,194.65422300932602,True,False,False,3.387151285920998,True,송파구,거여2동,11240540
8930e1cf273ffff,2748.2727357216468,682.243185261639,0.27996989842100645,190.54649771634547,219.23896227474813,True,False,False,3.797734502662669,True,송파구,거여1동,11240530
8930e1cf28bffff,2513.313418508014,539.6545368821941,0.2569902865971477,273.1578773900155,330.25679780467755,True,True,True,5.485192768886444,True,송파구,오금동,11240600
8930e1cf417ffff,3150.822083628074,677.0055674703544,0.31036160046501593,231.08353079491647,248.68135577518586,True,True,True,4.546725971531343,True,강동구,성내2동,11250660
8930e1cf423ffff,3174.926565091288,673.9572058498043,0.2908997010999503,209.84253076063084,231.8587490851001,True,True,True,4.133570352308786,True,강동구,성내2동,11250660
8930e1cf433ffff,3220.660558876416,685.4395439121795,0.36145082714114807,295.31098902572245,330.1078877873493,True,True,True,5.821298901067633,True,강동구,성내2동,11250660
8930e1cf437ffff,3220.919094896672,685.4945670382027,0.3373818867157226,203.18017296161074,217.99681121372043,True,True,True,4.01500079628181,True,강동구,성내2동,11250660
8930e1cf483ffff,1985.7542642937472,544.4724235788001,0.22505484784288865,247.35245961941746,272.1349535003931,True,False,False,5.033379907437546,True,송파구,풍납1동,11240510
8930e1cf487ffff,2043.0524026517996,545.8739295426706,0.23022393245603395,354.0886456415961,385.4729359967107,True,True,True,7.027098378792867,True,송파구,풍납1동,11240510
8930e1cf48fffff,1986.7871042802851,544.608946667661,0.23813390621896297,232.55617139126457,254.38631146678193,True,False,False,4.61416495656297,True,송파구,풍납1동,11240510
8930e1cf4abffff,3220.471242484264,685.3992525063888,0.3521488117030754,357.17836637643296,385.75348384384324,True,True,True,7.144414900065991,True,강동구,성내2동,11250660
8930e1cf503ffff,2906.2113800849315,621.6204261133261,0.3212036215174277,222.68416468881452,254.63858058973165,True,True,True,4.371207677224878,True,강동구,길동,11250740
8930e1cf50bffff,2906.148952776467,621.6070733027375,0.2941117738234102,238.57085193012597,258.4129092725745,True,True,True,4.7844950238789234,True,강동구,길동,11250740
8930e1cf577ffff,2821.500059909261,593.2677814122178,0.28248903788435037,209.8823331821432,235.9369625595603,True,True,True,4.263025051375462,True,강동구,둔촌2동,11250710
8930e1cf583ffff,2953.218460511434,748.5357699270957,0.3469271135126432,378.2941600917261,413.1306905693665,True,True,True,7.467495379397692,True,강동구,천호1동,11250610
8930e1cf587ffff,2953.4555041143835,748.5958520436789,0.33356440861957015,265.1073053364928,291.4081640254077,True,True,True,5.203958215864489,True,강동구,천호1동,11250610
8930e1cf58fffff,3215.55273603109,771.8445848984993,0.3170298600959721,190.5288245070923,208.12549367383167,True,True,True,3.740010258842923,True,강동구,천호1동,11250610
8930e1cf597ffff,2953.865009630807,748.5371363946034,0.31160282542546935,262.09558340165313,287.17381229847155,True,True,True,5.17220618640191,True,강동구,천호1동,11250610
8930e1cf5a3ffff,3355.544498155741,681.5607695348378,0.28737682507114587,217.80594340839752,236.62672428364232,True,True,True,4.275450000238915,True,강동구,명일1동,11250530
8930e1cf5abffff,2906.5070751120684,621.6836734290679,0.3983292272446151,267.0720690316986,303.11678981596793,True,True,True,5.248210197022378,True,강동구,길동,11250740
8930e1cf5afffff,2906.7284312775973,621.7139103762972,0.23593840345896946,197.6708972949205,220.56541336700897,True,False,False,4.052845959789031,True,강동구,길동,11250740
8930e1cf5b7ffff,3455.0089660203807,694.8278145300657,0.3661836628670507,258.9722361473781,284.92138206391144,True,True,True,5.235207952833971,True,강동구,명일1동,11250530
8930e1cf5c3ffff,4082.146975372593,847.8840439358426,0.36006188497697755,179.2983512564771,196.521347057843,True,True,True,3.519560228367884,True,강동구,천호3동,11250630
8930e1cf5d3ffff,4089.388932982752,849.2738970561893,0.37968550500120146,412.7362433906995,441.6949492746154,False,True,False,8.12059992767524,False,강동구,천호3동,11250630
8930e1cf5d7ffff,4054.1407120747713,846.1849210551103,0.3596283974906296,248.09982120591096,271.3054952273897,True,True,True,4.895413214205277,True,강동구,천호3동,11250630
8930e1cf5dbffff,4005.117913746642,833.3803975520015,0.4446555993855172,186.67319906363068,200.62714176297513,True,True,True,3.6643257593971947,True,강동구,천호3동,11250630
8930e1cf62bffff,2513.0723727633117,539.6027799350634,0.27375144157053066,271.30596372964686,300.54777796865216,True,True,True,5.351450303524773,True,송파구,오금동,11240600
8930e1cf62fffff,1856.8117930365233,392.6126960804095,0.1820251116586191,417.70252432106776,463.5797156288535,False,True,False,8.45036284285424,False,송파구,오금동,11240600
8930e1cf633ffff,1155.403851689798,226.48386793342002,0.10454777139729915,642.3559275182467,724.4514375847996,False,True,False,13.15730960745567,False,송파구,오륜동,11240590
8930e1cf64fffff,2348.858695286925,430.86413108578154,0.27337006010705805,360.77146888731966,396.96157400637617,True,True,True,7.0818103151955345,True,송파구,송파2동,11240620
8930e1cf663ffff,2507.0182704510007,537.6607397508515,0.2112014664647957,325.39954061014953,357.9917630539744,True,True,True,6.640946553378032,True,송파구,오금동,11240600
8930e1d0a6bffff,2015.8676073007257,582.9498633494793,0.1764598393529083,363.64741230080597,408.7189615030581,True,True,True,7.14939203041432,True,강북구,우이동,11090740
8930e1d100fffff,1828.8697850587864,346.00147702746267,0.13282694918730406,396.4690631098243,462.3185004792341,True,False,False,7.843532752249653,True,은평구,진관동,11120710
8930e1d1063ffff,1828.9388586108441,346.0145449622226,0.1378407723290549,464.5644235358309,567.5171630395889,False,True,False,9.699445121231829,False,은평구,진관동,11120710
8930e1d1213ffff,2281.4267987908015,612.654074734844,0.24549477083903126,273.1385630087957,326.1716123685661,True,True,True,5.371370205167034,True,은평구,불광2동,11120720
8930e1d121bffff,2281.3783803254573,612.6410724460566,0.2519051481199317,314.9595726519014,394.93526193177576,True,True,True,7.001103398585158,True,은평구,불광2동,11120720
8930e1d1233ffff,1886.918150416302,380.2137730847386,0.16116157731035455,633.9294739419307,741.0226721890267,False,True,False,13.007388743247995,False,은평구,진관동,11120710
8930e1d1243ffff,2503.2939961940056,605.7148351333,0.302232596354913,257.64453373835835,298.21190491973914,True,True,True,5.1447684941798775,True,은평구,불광1동,11120520
8930e1d1247ffff,2456.569270899152,607.2218444240706,0.23152336914758334,196.17174062324014,297.2936152357384,True,True,True,4.833761023990804,True,은평구,불광1동,11120520
8930e1d124bffff,2562.2325945092366,598.3692020254778,0.28484603766281746,359.30451024148203,421.79816805035176,True,True,True,7.4553869814295615,True,은평구,불광1동,11120520
8930e1d124fffff,2503.4414771071674,605.7505206648983,0.24401768525776282,657.08894166327,828.2234156922196,False,True,False,13.38941337809784,False,은평구,불광1동,11120520
8930e1d1263ffff,2503.8428457723303,605.8476386842826,0.2980147662894309,265.67045029140735,348.98511265521097,True,True,True,6.179709373043779,True,은평구,불광1동,11120520
8930e1d12c7ffff,2281.243953339517,612.6049734396214,0.30673493130283114,323.0120793140139,445.4840968124341,True,True,True,6.846092492068208,True,은평구,불광2동,11120720
8930e1d12cfffff,2281.1955334597897,612.5919707710157,0.19972320915490213,328.571838047451,473.9251541368404,True,True,True,7.833509097851523,True,은평구,불광2동,11120720
8930e1d13b7ffff,1829.7797323941277,346.17362877091506,0.12134406238502946,1323.9698522052245,1685.60995838696,False,True,False,27.300060131509507,False,은평구,진관동,11120710
8930e1d1633ffff,1828.0293717139275,345.8424803285121,0.1842722388717844,412.24905895019714,442.97906696845985,False,True,False,8.205809219048541,False,은평구,진관동,11120710
8930e1d16afffff,1828.0680945248446,345.84980624634477,0.19772145444574107,496.0181319605932,532.6833672540508,False,True,False,9.802466571045802,False,은평구,진관동,11120710
8930e1d1937ffff,2017.5656435390486,579.5628702790191,0.18896460999842113,284.86861507220004,330.44773984635145,True,False,False,5.5950341151171,True,강북구,우이동,11090740
8930e1d1b67ffff,1991.53237503905,521.7804792220165,0.17233764238400098,348.42184637524133,453.125612640455,True,True,True,6.910225859766321,True,강북구,수유1동,11090630
8930e1d1b8fffff,1910.4264269956698,547.6816309971553,0.16366399766909123,330.11287493918616,475.6722938256986,True,True,True,7.385324093584423,True,강북구,인수동,11090750
8930e1d1ba3ffff,1898.2009244927458,543.5732918886071,0.18610191283346636,270.8757985568565,326.27171671917665,True,False,False,5.782607753921124,True,강북구,인수동,11090750
8930e1d5243ffff,2667.835930431428,637.6834396845178,0.26151383138696194,334.4057818982458,382.607334458491,True,True,True,6.610830369205452,True,노원구,상계1동,11110650
8930e1d5293ffff,2387.4027747910445,596.2237150290898,0.23817562323945748,268.0223785516086,292.34117110681126,True,True,True,5.355949138746894,True,노원구,상계1동,11110650
8930e1d52c7ffff,2396.8815535772087,598.5909204129072,0.2707826131481379,261.20597454724543,290.56358828004556,True,True,True,5.1541570638530745,True,노원구,상계1동,11110650
8930e1d52cbffff,2396.6388935420496,598.5303191313893,0.3027531297133985,340.8686611389733,376.36735296876424,True,True,True,6.949371442589708,True,노원구,상계1동,11110650
8930e1d52dbffff,2384.497912048577,603.7038509707777,0.23747498559393593,314.9789820650766,340.0756144828609,True,True,True,6.301584421934716,True,노원구,상계1동,11110650
8930e1d536bffff,1682.7866117904373,453.3072112828894,0.1405322182710703,552.7955606816679,631.3715576431598,False,True,False,10.927006431878507,False,노원구,상계3·4동,11110760
8930e1d561bffff,1536.3565900782726,526.2588747675143,0.15340286775296044,408.99337537974907,465.55475990646585,False,True,False,8.72485894877271,False,도봉구,도봉1동,11100640
8930e1d564fffff,1536.3824936120895,526.2677476845487,0.19162648787608624,294.57414150907465,319.3610488708067,True,False,False,5.892567830068854,True,도봉구,도봉1동,11100640
8930e1d566fffff,2288.667838646643,645.3717162982272,0.24079080279754014,210.9234736355486,234.61555044333306,True,False,False,4.232210479197963,True,도봉구,도봉2동,11100650
8930e1d5673ffff,2066.6779178009097,641.9532633330965,0.2889676415214479,385.45482547112374,415.71265118403556,True,True,True,7.566335462951688,True,도봉구,도봉2동,11100650
8930e1d8023ffff,2811.7107135712668,377.02995097905887,0.18894786782262268,462.0031988246948,620.3316334984582,False,True,False,9.842629069925648,False,마포구,염리동,11140610
8930e1d802bffff,2633.9028999362627,348.4597658144077,0.16579961498669632,576.143702908121,713.1514006698159,False,True,False,11.34404270382831,False,마포구,염리동,11140610
8930e1d802fffff,3271.2218797876612,450.8640116144066,0.253629602500471,453.4917877108682,588.093212237663,False,True,False,9.195424727644767,False,마포구,아현동,11140780
8930e1d8103ffff,2250.713705381718,410.6257638390645,0.2438489579494897,267.3220440336021,423.5112395447635,True,True,True,6.849914009747316,True,서대문구,충현동,11130730
8930e1d8147ffff,3581.230461931619,654.258520733564,0.2942288213980152,326.73829886210416,417.0763698959877,True,True,True,6.694582774462294,True,마포구,공덕동,11140770
8930e1d814fffff,3591.743715353191,664.8763742893486,0.2641482331700204,215.64981067081712,287.5546317568246,True,True,True,4.512458351544529,True,마포구,공덕동,11140770
8930e1d815bffff,3412.833810184561,473.6135129265797,0.26618044325403056,334.536496962147,420.9533197743892,True,True,True,6.743447921799029,True,마포구,아현동,11140780
8930e1d8167ffff,2616.437370627758,497.68185895345414,0.2375123577163922,283.17868787143976,347.3460107883849,True,True,True,6.2092919315836195,True,중구,중림동,11020680
8930e1d8177ffff,2662.5303531996187,506.4109604012386,0.24324254849209245,277.4005553999275,360.3597761804049,True,True,True,6.130895387913022,True,중구,중림동,11020680
8930e1d817bffff,3038.2590535751388,570.4851982653598,0.25621064427791623,224.56840734503342,289.8527359006202,True,True,True,4.61172777175262,True,중구,중림동,11020680
8930e1d8187ffff,2588.9927296383,570.7509402163387,0.25100993383006204,249.207869978925,391.3554790771039,True,True,True,7.442762038302866,True,서대문구,천연동,11130520
8930e1d8207ffff,1711.590119856865,347.3412032319454,0.13080886387184276,863.6634122673247,968.3177323996832,False,True,False,17.246496820115453,False,영등포구,여의동,11190540
8930e1d8287ffff,2440.3552462933585,388.2093547368402,0.19442697137895143,346.6243322029509,400.8438463611054,True,True,True,6.97119202501803,True,마포구,용강동,11140590
8930e1d8293ffff,2505.2109050459785,425.66833904275217,0.16508126770603782,469.7620154148026,507.49052736929355,False,True,False,9.224927449457788,False,마포구,신수동,11140630
8930e1d8297ffff,2511.3175605615347,426.5734850211107,0.2512353245851109,295.6199790530305,320.49347449107944,True,True,True,5.895168476109918,True,마포구,신수동,11140630
8930e1d82b7ffff,2421.89320788123,378.0933900381173,0.2279746423222844,392.6048830500591,422.8512658463562,True,True,True,7.839490895816767,True,마포구,용강동,11140590
8930e1d8313ffff,3564.661783845319,658.416728737925,0.31423275817662677,255.69055392301067,334.09241188810705,True,True,True,5.0288343151857475,True,마포구,공덕동,11140770
8930e1d8323ffff,1805.408396906702,301.48356240257135,0.13057988261909295,465.4115610489826,544.7582563085662,False,True,False,9.254390128429266,False,용산구,청파동,11030710
8930e1d8357ffff,3632.5936624716433,787.647961832588,0.33903728320416665,483.9858276771363,549.8645532435078,False,True,False,9.958422810350806,False,용산구,용문동,11030590
8930e1d839bffff,3402.3600887346997,471.9397025012885,0.28449991804317576,309.65731678554215,353.16924511255127,True,True,True,6.138139176412056,True,마포구,아현동,11140780
8930e1d83a3ffff,3272.652244703171,589.0594416487017,0.2776488492656335,203.94945076727745,248.11610972716068,True,True,True,4.6025068174342225,True,마포구,공덕동,11140770
8930e1d83cbffff,2606.738324614884,528.70241817704,0.21878748483272714,341.0272708227282,396.9677035377143,True,True,True,6.694239019853554,True,마포구,도화동,11140750
8930e1d851bffff,1724.9390849708363,319.73609265237707,0.125264435824951,794.2175288906798,1052.4467958831922,False,True,False,19.101574542923416,False,서대문구,연희동,11130760
8930e1d8537ffff,2441.578895949395,545.5856076189411,0.18533678073621077,536.8099920113701,806.2369084558128,False,True,False,12.711014444029445,False,서대문구,홍제1동,11130620
8930e1d85b7ffff,2352.279413076637,530.3407963901908,0.2497551143695798,423.78909810846085,534.6030649589381,False,True,False,8.318823036943861,False,서대문구,홍제1동,11130620
8930e1d86dbffff,1265.0231931848384,223.49926450219192,0.12113483905510773,883.3594066901799,1011.5754633581497,False,True,False,18.181062749906662,False,마포구,합정동,11140680
8930e1d890fffff,2561.9390868586775,598.9351028143267,0.27005607890850664,275.6439880457548,305.9984677951568,True,True,True,5.42270222734194,True,중구,동화동,11020730
8930e1d892bffff,2495.773908307668,510.7016386300804,0.20289602578969224,367.415429407248,519.1064845877104,True,True,True,8.513193229964212,True,중구,신당5동,11020650
8930e1d892fffff,3313.1106332010877,646.792480744833,0.27048560411110883,273.00638905898546,373.17171173816473,True,True,True,5.693554589049836,True,중구,신당5동,11020650
8930e1d894fffff,2568.372816803595,636.5629896878985,0.27182651365005667,438.61069782824165,558.9750610867807,False,True,False,8.931608460975212,False,중구,청구동,11020720
8930e1d896fffff,3547.7358886862194,760.2112106756452,0.2739319587566489,250.01885608591277,306.232308637611,True,True,True,4.944292311029015,True,성동구,금호1가동,11040590
8930e1d8973ffff,2610.7482690822912,634.1222992818049,0.23931841127567818,393.0912291051942,448.8422963680219,True,True,True,7.910589502306861,True,중구,동화동,11020730
8930e1d8977ffff,2534.8618585013546,585.0972027783089,0.22673955136290885,344.07239291808037,419.9502076576725,True,True,True,7.2292716662438,True,중구,동화동,11020730
8930e1d8997ffff,2634.7543003297815,650.340544271656,0.29159878501795694,206.52020227995297,266.1639533468168,True,True,True,4.0539150817916685,True,종로구,창신2동,11010680
8930e1d89afffff,3096.4639303831227,531.914693151026,0.3060311199724849,262.1287823269279,282.94356671907644,True,True,True,5.172168652371415,True,중구,황학동,11020670
8930e1d8b13ffff,2376.864911526539,449.36547495056413,0.1722893327562089,456.16809496954863,641.8851344028305,False,True,False,9.363858707622343,False,성동구,옥수동,11040730
8930e1d8b17ffff,2338.8507892659222,445.9964437847065,0.19876280813636807,308.15010205275485,400.5726051121702,True,True,True,6.048872373628152,True,성동구,옥수동,11040730
8930e1d8b2fffff,1775.766277473793,364.45747689591695,0.14174197066422095,1804.3696550987981,2002.1351807003402,False,True,False,36.86253802899184,False,성동구,금호4가동,11040620
8930e1d8b3bffff,2142.8359534041247,416.31535380011303,0.1766212122876084,416.3772126515281,534.9936284876591,False,True,False,8.249180734059543,False,성동구,옥수동,11040730
8930e1d8b7bffff,1086.8780713378546,200.6296157149942,0.08386149250798783,981.8340249937066,1267.6819167655397,False,True,False,20.887200978436102,False,용산구,한남동,11030740
8930e1d8b83ffff,3324.7827211089807,906.5954855436938,0.31181334562311974,358.04975471994345,451.0429984229833,True,True,True,7.117172228794755,True,중구,약수동,11020710
8930e1d8b8fffff,3156.658385996013,812.723737799238,0.2917585088315896,440.3038152197786,534.5957676796901,False,True,False,9.400158565347645,False,중구,약수동,11020710
8930e1d8b93ffff,2267.2900749334876,542.0574075744107,0.2678327382677716,395.2443599156587,464.0103317891717,True,True,True,7.82241278293943,True,중구,다산동,11020700
8930e1d8bb3ffff,3209.7807869891158,863.6360999847008,0.26808006260527945,300.97373136071263,414.8183585185422,True,True,True,7.042741203756779,True,중구,약수동,11020710
8930e1d8bd7ffff,2661.8324144233425,704.2704510045369,0.27312584909266263,777.1389764228288,940.1738622174795,False,True,False,15.992518365573634,False,중구,약수동,11020710
8930e1d8d27ffff,2252.34523480258,542.2321935191186,0.22819215295416934,282.904872844237,445.6035115258926,True,True,True,9.603235884577378,True,종로구,창신2동,11010680
8930e1d8e07ffff,1975.9934950247323,409.7230117570528,0.24640736972588706,320.71256947361303,452.893509112369,True,True,True,6.826881693333414,True,용산구,후암동,11030510
8930e1d8e1bffff,1770.319484940423,371.4142621145129,0.1569750929923343,351.9799406043959,390.09080922366206,True,False,False,7.210597625067129,True,용산구,후암동,11030510
8930e1d8e27ffff,1293.2288245810187,274.5488686666591,0.10415877645675525,374.5116744779949,552.4547466150298,True,False,False,14.477395715826276,True,용산구,용산2가동,11030520
8930e1d8e3bffff,1976.1096890067302,409.7471046239433,0.18989353618897345,334.8071497419207,476.21942212977365,True,True,True,7.592265337809422,True,용산구,후암동,11030510
8930e1d9003ffff,2381.390936233282,380.5497262403006,0.1625908920312919,408.535679999099,479.36357840102914,False,True,False,8.466477906771447,False,영등포구,신길7동,11190690
8930e1d90b3ffff,2336.0546614063933,474.7176916294591,0.24797788343893262,307.70241678348293,335.4450878124736,True,True,True,6.065441312546781,True,영등포구,신길1동,11190630
8930e1d90b7ffff,1939.3525999356661,394.3056820413736,0.16270056419880347,1137.8498921000867,1277.6801630801901,False,True,False,23.58561808010016,False,영등포구,신길1동,11190630
8930e1d9103ffff,1201.8255604035494,253.62188679766317,0.21877809748069074,1163.181076581791,1247.6604965879,False,True,False,22.911797897845464,False,동작구,노량진2동,11200520
8930e1d9107ffff,1754.0022779704207,345.19233654646507,0.12565652814736242,708.6963462356538,797.4031663675579,False,True,False,14.401416773901236,False,동작구,노량진1동,11200720
8930e1d9133ffff,1528.783046585604,302.4946063480595,0.10918222928491862,516.2769418262104,586.1959529358628,False,False,False,10.67040154403537,False,동작구,노량진1동,11200720
8930e1d9137ffff,1252.3217803066877,251.01049368975498,0.08814880035519794,1102.1563639649025,1203.2267287992995,False,True,False,21.953687854777698,False,영등포구,여의동,11190540
8930e1d914bffff,3103.1743119166026,565.3755471922633,0.25711350894013596,249.8285735962458,283.0704630427582,True,True,True,4.913183925520515,True,동작구,상도2동,11200540
8930e1d920bffff,3112.3351215700523,538.7916332451284,0.27923203674491254,271.22511343679395,304.06347398661933,True,True,True,5.324048523018549,True,관악구,신사동,11210680
8930e1d925bffff,2275.2195744699534,546.6934078635295,0.2495030188036736,244.8353790888713,275.19746985129717,True,True,True,4.806027811744512,True,관악구,미성동,11210830
8930e1d9263ffff,2387.9408331210093,539.000568980971,0.19037676093873931,333.02472915660024,438.5123573915894,True,True,True,7.324826450063415,True,관악구,미성동,11210830
8930e1d9267ffff,2564.3733400287056,523.1858359386574,0.2731453607909871,382.77348748922236,415.536761594038,True,True,True,7.520434001799874,True,관악구,신원동,11210650
8930e1d9297ffff,3110.3854016677806,616.730230610616,0.29191383049250835,250.88884434749755,279.4498770284531,True,True,True,5.21161450401333,True,동작구,신대방1동,11200690
8930e1d929bffff,3534.239806534275,707.3471598368105,0.3586786075662421,220.75931342838,254.60576898940622,True,True,True,4.555440991572368,True,동작구,신대방1동,11200690
8930e1d92d7ffff,3928.002372456136,767.6156986367887,0.325296660026522,231.46657061800414,278.59264449286354,True,True,True,4.543603052871934,True,동작구,신대방1동,11200690
8930e1d9307ffff,3162.426810308312,673.7489742477022,0.30137847938337625,132.4178071079183,220.46948739549651,True,True,True,4.040506767859083,True,동작구,상도4동,11200560
8930e1d9317ffff,3162.837997095434,674.3705634199606,0.2634413105475741,178.4768840537722,241.80176144272278,True,False,False,3.842176617809658,True,동작구,상도4동,11200560
8930e1d9353ffff,2773.32838759406,606.8819324725597,0.24024546018388862,259.4164201659107,295.7943435827673,True,True,True,5.166339214261852,True,관악구,보라매동,11210520
8930e1d9357ffff,2753.067719064154,612.9506872496427,0.25341672838622364,147.67449692874072,209.1649856666819,True,False,False,4.232065820284961,True,관악구,보라매동,11210520
8930e1d9367ffff,3298.806664171041,698.574464349225,0.2691360926733669,166.46464251403887,205.22765440128285,True,False,False,3.9465161486307174,True,관악구,은천동,11210780
8930e1d936bffff,3298.4707136386933,698.5033215127164,0.326979076242894,174.9763943457936,212.83458261711155,True,True,True,4.047109612038186,True,관악구,은천동,11210780
8930e1d9383ffff,3191.659658110743,706.6294583615486,0.33559423770981195,193.47129809125863,234.3208972191215,True,True,True,3.8378840540483545,True,동작구,상도3동,11200550
8930e1d938fffff,3169.564671859195,681.9880223379388,0.29370900109170783,191.4028933230153,221.26356768142048,True,True,True,4.119028390780012,True,동작구,상도4동,11200560
8930e1d93a7ffff,3320.9464581088,605.7546465966532,0.3028876823791383,242.1889571493297,307.19047781356556,True,True,True,5.379150101795341,True,동작구,상도2동,11200540
8930e1d93bbffff,3162.550149414283,673.6202415333607,0.2577173984316107,364.0081695233732,447.11241665356863,True,True,True,7.194000759538182,True,동작구,상도4동,11200560
8930e1d93cbffff,2752.6851714587683,612.8655157821909,0.28062747490437795,268.09763435711693,292.3046699452481,True,True,True,5.2662962314553985,True,관악구,보라매동,11210520
8930e1d93cfffff,2813.631171206305,626.5097123601503,0.23659958748299176,377.75942083421563,458.8197635604079,True,True,True,8.274206206514009,True,관악구,보라매동,11210520
8930e1d93d3ffff,2445.475328186446,426.43208505282126,0.24952401885640801,273.2273592686656,351.51555707658565,True,True,True,6.041688304654285,True,동작구,신대방2동,11200700
8930e1d944fffff,2461.494310677402,511.9617123948377,0.24627732308632935,255.2700587778156,284.4538143551897,True,True,True,5.010856709342306,True,영등포구,도림동,11190750
8930e1d9487ffff,2186.5055870648953,374.2804361254286,0.22213295079307038,353.2252238388896,381.8820833518959,True,True,True,6.997771994025435,True,영등포구,당산1동,11190550
8930e1d959bffff,990.5604759871449,202.24780724562115,0.0864731648991527,694.5992623916329,757.6386221890618,False,False,False,13.655823954794844,False,영등포구,여의동,11190540
8930e1d9673ffff,2287.0313801180505,555.2116246539823,0.21357732112695035,299.8494817072091,336.68804802779925,True,True,True,5.9363148641643475,True,영등포구,대림1동,11190700
8930e1d9687ffff,2646.654059120239,540.4712618995749,0.2633518536670786,237.1949603382079,256.02468049942263,True,True,True,4.7523413826277086,True,영등포구,도림동,11190750
8930e1d969bffff,2393.4472381300743,479.8348540799459,0.20146541554371084,285.9059619435248,326.8922625222016,True,True,True,5.901131623553865,True,구로구,구로5동,11170560
8930e1d96cfffff,2256.641495082453,533.0191567822715,0.21917965037371298,293.7342160152746,318.68126267616356,True,True,True,5.899214112760022,True,영등포구,대림3동,11190720
8930e1d984fffff,2436.6210456741387,564.3186843754434,0.18292870982515522,698.3191649483458,766.4004598107209,False,True,False,13.895752722103996,False,동작구,사당2동,11200730
8930e1d986fffff,1601.0554891059123,369.69253221122176,0.1258034904053563,549.5309432149771,623.3294548848892,False,True,False,10.799937769276873,False,동작구,사당2동,11200730
8930e1d996bffff,3257.608922814582,481.6107040347021,0.25114978647365166,448.75816943300913,484.18326506147554,False,True,False,8.808956659240549,False,서초구,반포2동,11220580
8930e1d99d3ffff,1629.3543036182714,306.4503873417726,0.12570321873240498,490.9091437470535,529.9948151864174,False,True,False,9.644313159448284,False,용산구,이촌1동,11030630
8930e1d9a03ffff,3005.794139321687,683.6717797914328,0.24711758206619613,199.38174495854562,233.0454881732975,True,False,False,4.387913836960056,True,동작구,사당3동,11200650
8930e1d9a23ffff,2436.9451626386867,564.3937494986566,0.3111629340948775,255.9197848032016,283.86671703251216,True,True,True,5.072507387205667,True,동작구,사당2동,11200730
8930e1d9a33ffff,2436.802112308276,564.3606192035702,0.276884397025988,338.4758006560202,444.87481231947345,True,True,True,6.896246556144454,True,동작구,사당2동,11200730
8930e1d9a4bffff,3038.176751500892,706.2475706279703,0.25909742122984336,483.0319737548941,581.8917375382312,False,True,False,9.484936646605567,False,동작구,사당4동,11200660
8930e1d9a4fffff,3038.801309241591,706.7443062428728,0.3124725727556602,393.56324744579064,443.5117446880952,True,True,True,7.808232675215807,True,동작구,사당4동,11200660
8930e1d9a6bffff,2584.6439567196,496.3248481820168,0.24524620058989585,364.59764323121794,400.10833667055863,True,True,True,7.25717282060077,True,동작구,사당1동,11200630
8930e1d9a6fffff,2584.8104706642634,496.3457106588446,0.25990329224904524,266.8704266385519,284.9743791104688,True,True,True,5.252147276337409,True,동작구,사당1동,11200630
8930e1d9a77ffff,2848.8811782844587,650.7728162012061,0.2498767199806118,265.4725238359821,291.22922695551944,True,True,True,5.389128622928812,True,동작구,사당3동,11200650
8930e1d9aafffff,2436.85466456803,564.3727902476224,0.19568912976952116,273.80184717584314,372.57603060670056,True,True,True,5.374628851970255,True,동작구,사당2동,11200730
8930e1d9ad3ffff,3012.1998017405244,600.3002595536379,0.22563431626913721,149.485520905552,268.05715931125496,True,False,False,4.498595885156022,True,동작구,사당5동,11200670
8930e1d9b63ffff,2261.6267426946265,390.1390394439687,0.20328425488169283,354.50494361373876,424.9820011553675,True,True,True,7.28467932462954,True,서초구,방배4동,11220650
8930e1d9bafffff,3257.4685950362305,481.58995772606625,0.2671538606586338,278.66775159630083,304.7591504853631,True,True,True,5.525184272030975,True,서초구,반포2동,11220580
8930e1d9bb7ffff,3257.3474641061653,481.5720495136653,0.27528196737311056,605.9460715564383,655.9061149100016,False,True,False,11.913063599622037,False,서초구,반포2동,11220580
8930e1d9c07ffff,2551.0644059254982,604.3678035233406,0.21669072659920102,255.12675308874128,278.60846506101626,True,False,False,5.053988244915104,True,용산구,이촌2동,11030640
8930e1d9c23ffff,1355.5590834517247,230.95815434705716,0.12069326025002174,574.4435354893102,620.0867170148861,False,True,False,11.311421414214479,False,용산구,한강로동,11030730
8930e1d9e07ffff,2475.757025737697,439.51676193377415,0.20797838960223375,490.98332271864984,625.1272715331278,False,True,False,10.394711959513836,False,동작구,흑석동,11200710
8930e1d9e4fffff,3144.708275711272,574.1160364994234,0.3078678761442907,224.70121757252377,302.21295258520024,True,True,True,5.713461349668455,True,동작구,상도1동,11200530
8930e1d9e53ffff,3144.3390597352986,574.0486303064944,0.21650026723385246,236.9970656132601,302.8256324149135,True,True,True,4.8628996722694,True,동작구,상도1동,11200530
8930e1d9e5bffff,3192.158274395596,588.0054874186684,0.21968413413003549,571.3129212425029,769.8362854666531,False,True,False,11.642445974596837,False,동작구,상도1동,11200530
8930e1d9e8fffff,3040.9249756712197,555.213921776397,0.23182580227039962,273.02379349963104,352.6451737476269,True,True,True,6.453296792355858,True,동작구,상도1동,11200530
8930e1d9e93ffff,1999.8732816429388,390.2277181107453,0.21024524519758733,302.91362737097165,409.2359586010135,True,True,True,6.433486555572212,True,동작구,노량진1동,11200720
8930e1d9ea3ffff,2474.535809827358,439.3982807723461,0.20581195102974448,236.84114963688495,377.95680217558106,True,True,True,5.941682910259006,True,동작구,흑석동,11200710
8930e1d9ebbffff,2385.4501581725167,430.5508769791567,0.1982160166609221,445.768458739861,632.8347417938551,False,True,False,9.894659460810594,False,동작구,흑석동,11200710
8930e1d9ecbffff,3199.4488895894956,636.3999576462501,0.2582358879432798,452.1638036387404,612.466563620853,False,True,False,9.662695713788747,False,동작구,상도4동,11200560
8930e1da003ffff,2727.736242740464,648.0723139496316,0.3149217689727545,197.97146851594204,225.33387838050928,True,True,True,3.969154113849559,True,은평구,신사1동,11120650
8930e1da017ffff,2858.0631253848637,675.1157725641813,0.30606996706906103,192.3839636490837,231.71124061035175,True,True,True,4.394153579175154,True,은평구,신사1동,11120650
8930e1da02bffff,2358.010507978339,629.0091666079671,0.22666956115724723,277.30340332666077,307.73609502203016,True,True,True,5.71363135816394,True,은평구,응암3동,11120730
8930e1da02fffff,2862.4345184437325,586.9639860605589,0.27911135896991063,214.03928569784074,234.71486176313266,True,True,True,4.299976517969075,True,은평구,응암1동,11120590
8930e1da033ffff,2921.09174971612,686.6755976184188,0.2760519431036774,196.3849797165709,212.43192700725456,True,False,False,3.854964416658614,True,은평구,신사1동,11120650
8930e1da03bffff,2817.378952854729,667.6855741845177,0.29665652934485165,269.79400394456957,288.7523725388166,True,True,True,5.314891199516017,True,은평구,신사1동,11120650
8930e1da04fffff,2169.45491612614,513.9744069387319,0.1910351550554841,439.94279296472615,563.7862000350337,False,True,False,9.000479411903513,False,은평구,신사2동,11120660
8930e1da053ffff,2233.5398135035625,539.9753634692634,0.1943410267686821,202.83878806881464,355.7452844777549,True,True,True,6.793225595761131,True,은평구,신사2동,11120660
8930e1da067ffff,2279.466307620506,622.5422598891824,0.24351243930197985,260.58368516918165,283.7758203068165,True,True,True,5.242715608256309,True,은평구,응암3동,11120730
8930e1da077ffff,2728.946511382496,649.5022470240185,0.26135866344885555,225.47940686588964,254.32121619963073,True,True,True,4.470203726460113,True,은평구,신사1동,11120650
8930e1da08bffff,2816.6555139629954,667.514127701848,0.2815358557449882,231.6598982271697,331.170120177486,True,True,True,5.1700809776807555,True,은평구,신사1동,11120650
8930e1da0b3ffff,2808.8443434347646,663.0392298712318,0.28771302840101654,200.22465335673064,280.5888882913792,True,True,True,4.303204370943311,True,은평구,구산동,11120570
8930e1da10fffff,2381.064345384917,565.1540457007294,0.21777829310244992,274.46645928941547,405.3839168655601,True,True,True,6.651354369813625,True,은평구,녹번동,11120510
8930e1da12bffff,2381.3954763085735,565.2326407968777,0.2717893139761497,223.56644353252057,327.7062913439276,True,True,True,5.606400100847182,True,은평구,녹번동,11120510
8930e1da12fffff,2381.5864007920936,565.2779573984614,0.20367774312195738,414.9060352776409,618.4805367193406,False,True,False,10.133188980641663,False,은평구,녹번동,11120510
8930e1da143ffff,2890.876955651683,559.6427538713677,0.24504384604718346,221.5566780711162,256.61508390068803,True,False,False,4.7267314359340915,True,은평구,응암1동,11120590
8930e1da14fffff,2895.293628054479,560.0272507603227,0.2679848133582449,921.8281131842143,1389.6090610527456,False,True,False,27.587296911795313,False,은평구,응암1동,11120590
8930e1da167ffff,2760.7410123704176,561.1989671418503,0.2512918054942867,679.1187008568074,1030.1477483543908,False,True,False,18.113875646564544,False,은평구,응암1동,11120590
8930e1da173ffff,2749.4308568921933,561.2367541359541,0.29278942785564255,222.44275447896612,246.25977781755483,True,True,True,4.431141979114639,True,은평구,응암1동,11120590
8930e1da17bffff,2891.2789686708634,559.7205792774981,0.21154845080238427,415.80357009816225,538.8422613034026,False,True,False,8.340081291423596,False,은평구,응암1동,11120590
8930e1da197ffff,2685.312299465761,582.9967226819412,0.2492561070561942,223.7356522051916,257.5918197432262,True,True,True,4.715548568321559,True,은평구,대조동,11120580
8930e1da1afffff,2497.6644957723183,603.8121189147566,0.2251240253303544,237.6550015731197,272.19835864890194,True,False,False,4.665079660509387,True,은평구,불광1동,11120520
8930e1da1b3ffff,2527.463519100242,602.7450614935206,0.28950871930705496,276.67701162127634,331.3682418364837,True,True,True,5.493849790284826,True,은평구,불광1동,11120520
8930e1da1b7ffff,2503.5889597129726,605.7862066060608,0.25539998466472347,268.9204313067195,327.11903289493586,True,True,True,5.819652692682274,True,은평구,불광1동,11120520
8930e1da1c3ffff,3195.211883951177,736.8865935950017,0.35049668924183097,208.09386499159876,225.91089255382622,True,True,True,4.084805497983235,True,은평구,역촌동,11120740
8930e1da1d3ffff,3195.0237150889266,736.8431976898285,0.2870890054893422,197.03783140935568,216.29905762534588,True,False,False,3.867779653591056,True,은평구,역촌동,11120740
8930e1da1dbffff,3194.9557486281124,736.8275231193752,0.34863235112784824,192.99975014726374,212.24803712155315,True,True,True,3.890147762438491,True,은평구,역촌동,11120740
8930e1da213ffff,1986.200633835415,427.8081375594129,0.2115744167378386,319.0918088015577,347.42597211766997,True,True,True,6.37171274089103,True,은평구,증산동,11120670
8930e1da223ffff,2925.7161688606375,707.1666790437697,0.2779334128562808,265.06245164614666,328.09110333847127,True,True,True,5.7318928430368254,True,서대문구,북가좌2동,11130720
8930e1da227ffff,2985.166815955394,632.530443203203,0.2747237480080374,287.7014469879123,354.26104128285306,True,True,True,6.058825890703172,True,서대문구,북가좌2동,11130720
8930e1da22fffff,3043.910330564283,558.3396619351362,0.284482465638544,325.51738029476303,389.32992721965263,True,True,True,6.389785613193498,True,서대문구,남가좌2동,11130700
8930e1da263ffff,2482.607304198039,441.80816836525247,0.19638049191758944,362.20385087930975,402.9940182110476,True,True,True,7.163643284872435,True,서대문구,북가좌1동,11130710
8930e1da273ffff,2268.7763217138254,452.6337862207546,0.24621563616171038,319.53071894268095,367.93647318549415,True,True,True,6.688614490564732,True,서대문구,북가좌1동,11130710
8930e1da28fffff,1948.4516737828926,424.5003776431698,0.17899044472877906,463.1943388980119,516.1357820970625,False,True,False,9.176321614662031,False,은평구,증산동,11120670
8930e1da2b3ffff,1948.6494580741119,424.54346801458837,0.1941237888296192,485.3844501065329,572.8178895399803,False,True,False,9.59701019694064,False,은평구,증산동,11120670
8930e1da2bbffff,1948.6079083867012,424.53441577160277,0.23919394639796307,293.4821223494606,327.01610760190783,True,True,True,5.974391915571406,True,은평구,증산동,11120670
8930e1da337ffff,1926.0817040277655,411.4238494131053,0.15775254036331338,371.2837883685173,506.98957294065696,True,True,True,9.82556464032238,True,서대문구,홍은2동,11130680
8930e1da383ffff,3622.458845478743,620.1677356070433,0.3345596557339942,218.07137550742584,259.1674085787796,True,True,True,4.432028781606192,True,은평구,응암2동,11120600
8930e1da397ffff,3622.536018274819,620.1809476489834,0.3127978651454491,401.5955644544673,490.8383365268402,False,True,False,8.295815015785132,False,은평구,응암2동,11120600
8930e1da3cbffff,2779.6108275007514,698.4259895863705,0.251170957957133,165.87451351722507,201.61438011362748,True,False,False,3.833995478008968,True,서대문구,북가좌2동,11130720
8930e1da3cfffff,2476.1900291602165,642.5752829760947,0.26106949208311275,205.54256870089495,249.76874586950368,True,True,True,4.416536565080126,True,은평구,응암3동,11120730
8930e1da503ffff,2558.391038438049,576.538825563504,0.24378275360033172,449.1802801582124,537.0806519263834,False,True,False,8.817242536438986,False,은평구,갈현2동,11120560
8930e1da507ffff,2558.5961079367603,576.5850384082839,0.33163276089480576,304.29256035512583,359.1773955127752,True,True,True,5.9935858577847085,True,은평구,갈현2동,11120560
8930e1da52fffff,2672.413735328855,582.3293423863822,0.25681318900064654,237.6442745702456,259.468700253768,True,True,True,4.733540991738926,True,은평구,대조동,11120580
8930e1da547ffff,2653.9560383049798,633.454527661271,0.25608583920535677,210.99382237713385,276.3724229192538,True,True,True,4.2578801547580145,True,은평구,구산동,11120570
8930e1da5a3ffff,1658.8625945764459,406.6782962796691,0.19034212204689738,457.06862467254746,610.7274278190038,False,True,False,9.49837130977249,False,은평구,갈현1동,11120550
8930e1da667ffff,1904.5916895511875,328.0512406673115,0.19498326927101198,1402.3317883445538,2052.130568589706,False,True,False,37.81910587406601,False,은평구,수색동,11120680
8930e1daac3ffff,2735.149678198603,657.999125109084,0.24416434208144108,484.63262212715006,738.1364894168682,False,True,False,12.401267604374544,False,서대문구,홍제2동,11130650
8930e1daad3ffff,2701.9533596551905,646.9412631556554,0.2622818079429379,313.47778262861476,406.87885749904746,True,True,True,7.083793555115244,True,서대문구,홍제2동,11130650
8930e1dae03ffff,3288.3705610756497,772.5562030243004,0.30104322676815354,169.6950743287263,199.0925712037653,True,False,False,3.379848052729931,True,서대문구,홍은1동,11130660
8930e1dae17ffff,3394.967536956701,795.2710010162066,0.31892188362691004,152.4636163137446,218.91824703614074,True,True,True,3.5655494382854025,True,서대문구,홍은1동,11130660
8930e1dae3bffff,2051.0683646388566,508.9266881557737,0.19983494461249907,278.1743654291845,383.47171360967786,True,True,True,5.734066553630013,True,서대문구,홍제3동,11130640
8930e1dae43ffff,2352.002525427695,530.2783697858367,0.2565304602737996,341.08787708287934,427.4021351329539,True,True,True,7.089839548150679,True,서대문구,홍제1동,11130620
8930e1dae57ffff,2327.1420850717413,527.3426883775875,0.23685580757111357,288.8845105440344,346.5540716997273,True,True,True,5.911645413761133,True,서대문구,홍제1동,11130620
8930e1dae63ffff,2734.145968215453,657.7744319023864,0.2435410561357191,331.88464586842224,414.43632240699543,True,True,True,6.733572381112482,True,서대문구,홍제2동,11130650
8930e1dae77ffff,2094.324454174592,518.3513615810696,0.20468723323993426,286.5839278072807,405.3282748853219,True,True,True,6.2955288196818495,True,서대문구,홍제3동,11130640
8930e1dae93ffff,2381.535714933668,565.2659269306563,0.21239124416330518,307.2640093962725,441.7082156519344,True,True,True,7.084804751211196,True,은평구,녹번동,11120510
8930e1dae9bffff,2606.255318486556,544.7294850223232,0.22676741531069589,324.49784791812283,418.7043788750369,True,True,True,6.850360900000238,True,은평구,응암1동,11120590
8930e1daeafffff,3136.2720721842006,740.1607115528393,0.30315203063423496,200.64541923824777,226.30037800146025,True,True,True,4.162399501140216,True,서대문구,홍은1동,11130660
8930e1daeb7ffff,3395.3843298953125,795.3686347443345,0.29296829246317335,334.0195143655882,521.2860751141949,True,True,True,9.473801630883225,True,서대문구,홍은1동,11130660
8930e1daebbffff,3395.039840239137,795.2879380570395,0.28803458490523315,134.89002508211735,181.54705148109008,True,False,False,3.5973022283239553,True,서대문구,홍은1동,11130660
8930e1db013ffff,1389.3727652815483,192.65334762200033,0.07948303561537792,1176.5875737654355,1463.712503549662,False,True,False,26.99422755692534,False,영등포구,양평2동,11190620
8930e1db0b3ffff,989.9363904034915,161.8222752418084,0.0607405788523182,1237.4931422458155,1399.9834622968024,False,True,False,25.760620999394675,False,마포구,상암동,11140740
8930e1db0d3ffff,3192.3234809103715,434.28657333537274,0.23266043728453603,370.006081015293,402.95428328667356,True,True,True,7.266433592417464,True,강서구,염창동,11160510
8930e1db0d7ffff,2488.2068383742344,339.92013445565397,0.15161301140067404,968.0218054681045,1081.6232695342676,False,True,False,19.72973476300679,False,강서구,염창동,11160510
8930e1db1cbffff,2227.5104662694307,446.63974612870834,0.1753140945359756,1296.089266556786,1396.5477860920846,False,True,False,25.48171785570765,False,마포구,망원1동,11140690
8930e1db1d3ffff,1565.0203169099473,292.4846926762831,0.11451930967277225,977.139601563711,1086.9516879809812,False,True,False,20.021254759872672,False,마포구,상암동,11140740
8930e1db1dbffff,2020.658920759759,400.67044203228056,0.1420315076314183,1269.029855141775,1475.6915700708191,False,True,False,27.574375867612584,False,마포구,망원2동,11140700
8930e1db203ffff,2128.9231028910494,290.7025771725651,0.14756234825400322,839.5419589693399,906.4151972688056,False,True,False,16.563363644548794,False,양천구,목1동,11150510
8930e1db21bffff,2125.9498736601035,285.5320314530171,0.15130578710193865,549.0700597216394,590.7798537153035,False,True,False,10.784719834248147,False,양천구,목1동,11150510
8930e1db23bffff,2189.895842985535,313.6647542696235,0.15604532108054658,451.4983470042084,499.71989573345627,False,True,False,8.89054566364037,False,양천구,목5동,11150710
8930e1db28fffff,2137.1219246798714,305.8963036235423,0.1830541598961606,569.739978104556,609.1756732726654,False,True,False,11.272548859692522,False,양천구,목5동,11150710
8930e1db2c7ffff,2131.3029247206637,295.57657263877104,0.13959122545114325,568.6503820445208,611.343030822758,False,True,False,11.201058023018584,False,양천구,목1동,11150510
8930e1db31bffff,2271.8836643388877,333.0383937246849,0.16237491783309035,435.10682599009726,469.1276379432588,False,True,False,8.540985843509317,False,영등포구,당산2동,11190560
8930e1db363ffff,1954.1011423664302,309.0505295094593,0.14903627374020614,1058.8419543665525,1176.0872066653294,False,True,False,21.525685618449533,False,영등포구,당산2동,11190560
8930e1db4cbffff,2990.018550457517,913.468710051229,0.3043526848988258,302.0377403697212,322.7653536837264,True,True,True,5.966038876462296,True,강서구,가양3동,11160660
8930e1db4dbffff,2992.9029451446454,924.0207370541593,0.3181118678797971,245.52651623452482,269.4863825829872,True,True,True,4.903940200742407,True,강서구,가양3동,11160660
8930e1db527ffff,1897.090907241899,347.7639657928944,0.12631875227892536,633.157188212461,726.1491661775658,False,True,False,13.077626590041355,False,마포구,성산2동,11140730
8930e1db543ffff,989.8993313990552,161.8162173046781,0.06151527117640754,858.5362902697043,923.468553132798,False,False,False,16.90465200326682,False,마포구,상암동,11140740
8930e1db603ffff,2868.958159701823,565.9416981772898,0.23413373351626904,338.16986306712,452.1160968328112,True,True,True,7.811118924292569,True,양천구,목3동,11150530
8930e1db613ffff,2837.3304469817717,589.6822207509693,0.2636423461231593,253.04524892582577,299.46883324847505,True,True,True,5.092982445418778,True,양천구,목3동,11150530
8930e1db617ffff,2864.576157293958,569.3117626939967,0.25751940258394174,246.5713079687323,302.43993889548346,True,True,True,4.84010345271956,True,양천구,목3동,11150530
8930e1db61bffff,2877.853314068579,597.9376623357034,0.32320619459912775,211.34078053816816,240.00721866577965,True,True,True,4.481917934002631,True,양천구,목3동,11150530
8930e1db633ffff,2908.3118939315423,536.6404686845212,0.268101963563625,246.7223327477341,275.8184994820613,True,True,True,4.8430680131962625,True,양천구,목2동,11150520
8930e1db63bffff,2908.2495940044582,536.6289731285806,0.31400109922204583,247.9294904200081,297.80908037268904,True,True,True,4.866764071207568,True,양천구,목2동,11150520
8930e1db647ffff,2997.24672278589,495.2289569202466,0.311148026983646,342.8003719853452,384.8352130463986,True,True,True,7.090232633058854,True,양천구,목4동,11150540
8930e1db65bffff,2309.421029591833,547.3340000315077,0.23406399768922959,250.06600058058754,282.8485734311671,True,True,True,5.261969206681547,True,강서구,화곡4동,11160590
8930e1db677ffff,2908.1884583127717,536.6169279709724,0.22595453982631855,203.904170566764,308.9989942068941,True,True,True,5.003130957805247,True,양천구,목2동,11150520
8930e1db68bffff,3184.444726016954,660.0093181274117,0.3618012163727215,183.44373514922648,207.2865787428438,True,True,True,3.8799803889338973,True,강서구,등촌2동,11160530
8930e1db68fffff,2837.3880766189286,589.7457609907558,0.31426123134977274,284.10227859483217,318.1923069748589,True,True,True,5.607597285733621,True,양천구,목3동,11150530
8930e1db693ffff,3320.0657727235557,687.4664641466875,0.30689125679618223,254.1919733656184,322.63417528613377,True,True,True,6.442767356923049,True,강서구,등촌2동,11160530
8930e1db6d7ffff,3319.923621791836,687.4370297905349,0.3099479323733218,331.64082240200156,382.3186957025159,True,True,True,6.5412588413971715,True,강서구,등촌2동,11160530
