hex_id,analysis_valid_final,access_cost_m0,access_cost_m3,cost_m3_norm_final,demand_norm_final,demand_index_final,vulnerability_m3_final,vulnerability_threshold_final,official_400m_ok_m0,hidden_vulnerable_final,registered_population,registered_senior_population,registered_senior_share,poi_total_count,baseline_minmax_product_hidden,winsorize_1_99_product_hidden,log1p_product_hidden,rank_product_hidden,additive_minmax_hidden,delta_cost_m3_minus_m0,delta_pct_m3_over_m0,any_normalization_hidden_flag,robust_core_hidden_flag,variant_hidden_count,normalization_sensitive_flag,district_name,admin_name,admin_code
8930e036007ffff,True,329.6211561479864,391.9305275409888,0.09498606163815898,0.5866912994256961,0.31338768409502765,0.05572749592982076,0.028838610230807495,True,True,2534.26827806746,603.7236516314715,0.23822404946482187,69,True,True,True,True,True,62.30937139300238,0.18903328937123204,True,True,4,False,금천구,독산2동,11180530.0
8930e036027ffff,True,176.00368952189115,199.9806030487568,0.04846616569218086,0.583718806400799,0.3118452150037277,0.028290612388663164,0.028838610230807495,True,False,3395.8965426455297,926.4775457375002,0.2728226652675761,76,False,False,True,True,True,23.976913526865644,0.13622960741333448,True,False,2,True,,,
8930e03602fffff,True,131.96126092381616,154.96557184116932,0.03755657782273279,0.5448282772138129,0.2916643638754727,0.020461885593205997,0.028838610230807495,True,False,3395.8230552920163,926.4574967218513,0.2728226652675761,23,False,False,True,False,True,23.004310917353166,0.17432624359836946,True,False,1,True,,,
8930e036063ffff,True,97.20677230776326,116.64696256006195,0.028269896823679596,0.6349617648373393,0.3384359181182851,0.01795030357893309,0.028838610230807495,True,False,2226.1762252013305,510.58034681909743,0.22935306784750237,393,False,False,True,False,True,19.44019025229869,0.1999880233729984,True,False,1,True,,,
8930e0360abffff,True,280.21456431149545,313.1484071409973,0.07589287338551426,0.401462558066975,0.21726984429753618,0.0304681470884016,0.028838610230807495,True,True,2534.3436631245727,603.7805872027072,0.2382394290040013,88,True,True,False,True,False,32.93384282950183,0.11753080326292932,True,False,3,True,금천구,독산2동,11180530.0
8930e0360b7ffff,True,200.9866880741119,226.56687654531794,0.05490946427603309,0.47185856848737334,0.2537993396789602,0.02590950120969754,0.028838610230807495,True,False,2412.1003800671974,564.9122254984828,0.2341993020550601,134,False,False,False,True,False,25.580188471206043,0.1272730483611611,True,False,1,True,,,
8930e0360bbffff,True,280.4242108202971,306.96444869650963,0.07439416426055465,0.41209698258994126,0.22278819909031333,0.03065761061407502,0.028838610230807495,True,True,2473.132745484962,477.4714815971403,0.19306342632389184,112,True,True,False,True,False,26.54023787621253,0.094643175774934,True,False,3,True,금천구,독산1동,11180520.0
8930e036123ffff,True,383.61107223935073,541.6760024026725,0.131277526338519,0.5446845627970692,0.2915897884117308,0.07150484203877695,0.028838610230807495,True,True,2904.9914822132896,753.1094555415988,0.2592467000859537,17,True,True,True,True,True,158.06493016332172,0.412044754705877,True,True,4,False,관악구,난곡동,11210810.0
8930e036133ffff,True,197.99524045696415,249.7968667905111,0.06053935307068174,0.6449735104331995,0.343631155921108,0.0390462790693525,0.028838610230807495,True,True,2922.3358217783766,750.1037132649058,0.2566795053719846,120,True,True,True,True,True,51.80162633354695,0.2616306645250215,True,True,4,False,관악구,난곡동,11210810.0
8930e036153ffff,True,62.39303410900988,91.6121939508185,0.022202612172151765,0.6509977287062759,0.3467572088361645,0.014453850095417114,0.028838610230807495,True,False,3396.1691884290876,926.5519296868445,0.2728226652675761,45,False,False,True,False,True,29.21915984180861,0.46830804526605335,True,False,1,True,,,
8930e03616bffff,True,274.2997935068013,342.8087678016395,0.08308119031402181,0.48601361154912487,0.261144593721912,0.04037858935631791,0.028838610230807495,True,True,3066.778232583778,691.7916086277481,0.22557601370638067,0,True,True,True,True,True,68.5089742948382,0.2497594818391269,True,True,4,False,관악구,난향동,11210710.0
8930e036173ffff,True,84.88241439642353,104.5375308696454,0.0253351235816828,0.5725500908952198,0.30604960898797434,0.014505627309534114,0.028838610230807495,True,False,3059.0731634100466,689.1526400129335,0.22528151606701458,79,False,False,True,False,True,19.655116473221867,0.23155699107976863,True,False,1,True,,,
8930e0361abffff,True,144.2646385799113,173.59169316929177,0.04207069903613544,0.722738326001503,0.3839844295537356,0.030406106595089574,0.028838610230807495,True,True,2922.164393191346,750.0597110599801,0.2566795053719846,125,True,True,True,True,True,29.32705458938048,0.20328650789317018,True,True,4,False,관악구,난곡동,11210810.0
8930e0361afffff,True,206.31761284401452,254.18164675337366,0.061602023494533,0.5279834680522748,0.2829233517812834,0.032524850003681244,0.028838610230807495,True,True,2922.39898727669,750.1199265537695,0.2566795053719846,43,True,True,True,True,True,47.86403390935914,0.23199199161705364,True,True,4,False,관악구,난곡동,11210810.0
8930e0361d3ffff,True,185.57761377909793,251.1167325953349,0.06085922826763991,0.4693726426604825,0.2525093572570919,0.028565656802259684,0.028838610230807495,True,False,2413.913359214006,565.460500963635,0.23425053712273855,34,False,False,True,True,False,65.53911881623696,0.35316284912603396,True,False,2,True,,,
8930e0362a7ffff,True,251.577832531332,308.0336775274902,0.0746532965008576,0.4099284233728174,0.2216629027356876,0.03060250813418002,0.028838610230807495,True,True,2226.0797775389874,510.5582262518523,0.22935306784750234,101,True,True,False,True,False,56.45584499615822,0.2244070728653213,True,False,3,True,금천구,시흥1동,11180570.0
8930e036307ffff,True,310.92926400172047,503.9638159843746,0.12213781454798092,0.7154036696495627,0.3801783716005579,0.0873778407306033,0.028838610230807495,True,True,3926.487548203083,987.7956096108385,0.25157232704402516,4,True,True,True,True,True,193.03455198265414,0.6208310838878968,True,True,4,False,금천구,시흥2동,11180580.0
8930e036317ffff,True,70.97053608431861,92.86136093422894,0.02250535320339274,0.7737274355249025,0.4104434068411505,0.017413009219643213,0.028838610230807495,True,False,3926.257354106298,987.7376991462385,0.25157232704402516,144,False,False,True,False,True,21.89082484991033,0.3084494785822429,True,False,1,True,,,
8930e036333ffff,True,157.24839914159108,221.821528875399,0.05375940870598751,0.7401682162823703,0.39302904859835647,0.0397910056503057,0.028838610230807495,True,True,3926.8028430432373,987.874929067481,0.25157232704402516,33,True,True,True,True,True,64.57312973380792,0.4106441152107652,True,True,4,False,금천구,시흥2동,11180580.0
8930e036387ffff,True,385.77173038382676,685.3419948117615,0.16609560212326344,0.380134104426533,0.20620220503646688,0.0631386029623125,0.028838610230807495,True,True,2438.320462329099,687.4348262486258,0.28192964660272085,0,True,True,False,True,False,299.5702644279348,0.7765479967385761,True,False,3,True,금천구,시흥5동,11180610.0
8930e036393ffff,True,233.4729207408351,289.63525670503145,0.07019435949166,0.5721404557399875,0.3058370434544766,0.04016103282993487,0.028838610230807495,True,True,3342.2777799409887,907.4227923212352,0.27149831703613114,55,True,True,True,True,True,56.16233596419636,0.2405518198255589,True,True,4,False,금천구,시흥4동,11180600.0
8930e03639bffff,True,86.48088359620871,92.29935521905414,0.02236914868307247,0.5795332545781893,0.30967327237431375,0.012963665538444405,0.028838610230807495,True,False,2511.1962307527847,683.6738491994662,0.27225026894633414,148,False,False,True,False,True,5.818471622845422,0.06728043679586666,True,False,1,True,,,
8930e0363abffff,True,352.92552900394855,433.4531779367574,0.10504925588489886,0.6791754920480833,0.3613790527404769,0.07134688005491119,0.028838610230807495,True,True,3926.5726226218685,987.8170119803442,0.25157232704402516,33,True,True,True,True,True,80.52764893280886,0.22817178785586778,True,True,4,False,금천구,시흥2동,11180580.0
8930e0363c7ffff,True,211.99078846397114,262.500207283787,0.06361806268453961,0.4709397489726202,0.2533225511078452,0.0299602744707815,0.028838610230807495,True,True,2402.8844374917007,679.9551656776907,0.2829745596868885,61,True,True,True,True,False,50.50941881981586,0.23826232821621013,True,True,4,False,금천구,시흥5동,11180610.0
8930e0364a3ffff,True,193.29939621277902,206.24212678467754,0.04998367310162031,0.6409619178416415,0.3415494832216135,0.03203763097198422,0.028838610230807495,True,True,1056.310853956567,130.94919269536916,0.12396842482956584,951,True,True,True,True,True,12.942730571898522,0.06695691153453731,True,True,4,False,금천구,가산동,11180510.0
8930e036507ffff,True,308.2409073043992,352.5485464272738,0.08544166786773769,0.5681202266022382,0.30375088912779435,0.04854113971029231,0.028838610230807495,True,True,2423.7984082506878,421.37657875380125,0.17384968045173305,126,True,True,True,True,True,44.307639122874605,0.14374353978629836,True,True,4,False,관악구,조원동,11210720.0
8930e03650fffff,True,328.0855307320815,355.16783992725027,0.0860764649972141,0.4165144001898918,0.22508046018368427,0.03585208718878084,0.028838610230807495,True,True,2153.5947016147666,496.15978425668163,0.2303867964964163,57,True,True,False,True,False,27.08230919516876,0.08254649065058738,True,False,3,True,금천구,독산3동,11180540.0
8930e036513ffff,True,114.5409656006486,122.23406902051659,0.029623956284067506,0.6087511153366932,0.32483483768545796,0.018033616428611537,0.028838610230807495,True,False,1887.672635256284,322.09400910777225,0.17063022639200492,185,False,False,True,False,True,7.693103419867981,0.06716464611176996,True,False,1,True,,,
8930e036517ffff,True,163.78866638879555,176.61249936367554,0.042802804506910895,0.5271921721138224,0.2825127370155259,0.022565303480561662,0.028838610230807495,True,False,1887.8241541858429,322.11986281702553,0.1706302263920049,498,False,False,True,False,True,12.823832974879991,0.07829499597022938,True,False,1,True,,,
8930e036533ffff,True,256.82844548607386,278.3382961819411,0.06745649215761343,0.45195726205424763,0.24347226748990167,0.030487451503338793,0.028838610230807495,True,True,2467.8016001366755,419.36497780100365,0.1699346405228758,128,True,True,False,True,False,21.509850695867215,0.08375182373259957,True,False,3,True,관악구,조원동,11210720.0
8930e0365bbffff,True,275.2609921343218,303.15760910711015,0.07347156019050688,0.458041503939077,0.24662946751450615,0.03365302392641019,0.028838610230807495,True,True,1900.4125272648917,327.3946022160653,0.17227554413528182,352,True,True,True,True,False,27.896616972788365,0.10134605981211962,True,True,4,False,구로구,구로3동,11170540.0
8930e036913ffff,True,173.84800941130436,190.50155027161006,0.046168876177606726,0.534990330064736,0.28655931256931566,0.024699902304975745,0.028838610230807495,True,False,3574.3129612121884,653.8428877720645,0.18292827037460116,35,False,False,True,False,True,16.653540860305696,0.09579368159980099,True,False,1,True,,,
8930e036983ffff,True,94.24423322205223,157.66096494571718,0.03820981802112707,0.5469421005317038,0.2927612569901096,0.02089855812940939,0.028838610230807495,True,False,3247.0515881716938,560.6936711050686,0.17267778348442453,167,False,False,True,False,True,63.41673172366495,0.6728977419153754,True,False,1,True,,,
8930e03698bffff,True,127.03199038328553,141.78317335736634,0.03436176642904687,0.6043878046761038,0.322570653455814,0.02076783257684468,0.028838610230807495,True,False,3574.103260894737,653.8045276556962,0.1829282703746012,306,False,False,True,False,True,14.751182974080805,0.11612179679758619,True,False,1,True,,,
8930e036993ffff,True,144.05995577105892,206.01539820984726,0.04992872444906426,0.6085481867067457,0.32472953512063707,0.030384034728058815,0.028838610230807495,True,True,3155.6349087657595,535.6502127663217,0.1697440382847795,164,True,True,True,True,True,61.95544243878834,0.43006706552963514,True,True,4,False,관악구,행운동,11210570.0
8930e03699bffff,True,184.37013653342834,216.6145556204233,0.05249747617511661,0.6899006652138326,0.3669444983002964,0.03621804373526028,0.028838610230807495,True,True,3567.138096739801,651.8430646627569,0.18273558437743448,290,True,True,True,True,True,32.24441908699495,0.17488959813808394,True,True,4,False,관악구,인헌동,11210620.0
8930e0369a7ffff,True,225.21502972514412,263.33856042796776,0.06382124120173069,0.44741042668236736,0.24111284966600366,0.028554288757464612,0.028838610230807495,True,False,2584.5471338698603,496.29514366763027,0.19202402508501523,175,False,False,False,True,False,38.12353070282364,0.16927613911624897,True,False,1,True,,,
8930e0369afffff,True,218.92480307291106,250.05004194651534,0.060600711166781965,0.6325073550250793,0.33716228980660035,0.03833039553274004,0.028838610230807495,True,True,3766.9470148747814,724.8635855568373,0.19242733776039925,220,True,True,True,True,True,31.125238873604275,0.14217319571249437,True,True,4,False,관악구,남현동,11210630.0
8930e0369b7ffff,True,371.6522415588778,411.0803630773372,0.0996271072592505,0.41899562312551936,0.22636800220809744,0.04174332188628262,0.028838610230807495,True,True,2746.1983717646744,571.1975952969133,0.20799575193465303,30,True,True,False,True,False,39.42812151845942,0.10608874939938483,True,False,3,True,동작구,사당1동,11200630.0
8930e0369c7ffff,True,139.99089134783588,173.6951983836057,0.042095783973326674,0.6177817781330872,0.3295209776093262,0.02600600827494807,0.028838610230807495,True,False,3574.025997403668,653.7903939789118,0.18292827037460116,48,False,False,True,True,True,33.70430703576983,0.24076071458124096,True,False,2,True,,,
8930e0369d7ffff,True,368.13421000968464,515.113423961691,0.12483997035406041,0.4462585943288645,0.2405151474043814,0.055710909686260114,0.028838610230807495,True,True,3306.3072332150746,589.7071822605201,0.17835825307954972,15,True,True,True,True,True,146.97921395200632,0.39925442937818706,True,True,4,False,관악구,인헌동,11210620.0
8930e036c0fffff,True,171.77191432848934,200.10290146014066,0.04849580524211549,0.506751745672311,0.27190590775303736,0.024575333964226433,0.028838610230807495,True,False,2728.0079137396733,456.1526453405897,0.16721089518955082,63,False,False,True,False,False,28.330987131651312,0.1649337567343654,True,False,1,True,,,
8930e036c13ffff,True,164.47483507861065,272.2918123134134,0.06599110059183386,0.5378914584661357,0.2880647495380724,0.03549604934312699,0.028838610230807495,True,True,3187.68077925955,511.87325636247795,0.16057858104643036,56,True,True,True,True,True,107.81697723480275,0.6555226347135213,True,True,4,False,관악구,서원동,11210640.0
8930e036c27ffff,True,321.4196936650333,426.6130250320375,0.10339151518912158,0.5149247525826974,0.2761469977864407,0.05323885037790863,0.028838610230807495,True,True,2931.379319672239,425.2651252395216,0.1450733865745737,17,True,True,True,True,True,105.19333136700419,0.3272771813311201,True,True,4,False,관악구,청룡동,11210800.0
8930e036c37ffff,True,342.4851344532903,406.98349547044734,0.09863421364243287,0.48340847863023195,0.25979275303718596,0.047680615157777745,0.028838610230807495,True,True,2931.207321847206,425.2401729325606,0.1450733865745737,82,True,True,True,True,True,64.49836101715704,0.188324556393129,True,True,4,False,관악구,청룡동,11210800.0
8930e036c53ffff,True,242.4448511737084,295.0067077530259,0.07149615392837377,0.49919728467522334,0.2679857900296856,0.03569068590576599,0.028838610230807495,True,True,2598.948524296182,805.0580316737146,0.30976297689148397,30,True,True,True,True,True,52.56185657931752,0.2167992280506616,True,True,4,False,관악구,삼성동,11210820.0
8930e036c57ffff,True,137.15538811472567,155.76858668651172,0.03775119195007472,0.5792143274050947,0.30950777650846856,0.021866031254103153,0.028838610230807495,True,False,2598.8307812289036,804.9619011904621,0.3097400211682199,141,False,False,True,False,True,18.613198571786057,0.1357088396426451,True,False,1,True,,,
8930e036c87ffff,True,302.1132538520751,393.7828257433858,0.09543497413377144,0.5491804458778182,0.29392276636393094,0.05241102164712265,0.028838610230807495,True,True,3294.0519993054772,524.7761786256145,0.15931022908450113,40,True,True,True,True,True,91.66957189131068,0.303427839469086,True,True,4,False,관악구,서원동,11210640.0
8930e036c97ffff,True,82.4631180229541,90.9736701840155,0.022047863170456216,0.8762514629838228,0.46364458919764956,0.019319472358779406,0.028838610230807495,True,False,3449.4467966914135,452.13478498346313,0.13107457851419385,694,False,False,True,False,True,8.510552161061398,0.10320434595612106,True,False,1,True,,,
8930e036c9bffff,True,133.83337586144637,149.85068136240366,0.036316961951683664,0.6023795666943929,0.3215285500803583,0.021876595804111956,0.028838610230807495,True,False,2564.5238259500456,523.2165382164126,0.20402093087303774,211,False,False,True,False,True,16.017305500957292,0.11968094952293157,True,False,1,True,,,
8930e036ca7ffff,True,121.03477991069504,130.25069798152876,0.03156682104991894,0.6047503481150114,0.3227587824250276,0.01909004601882275,0.028838610230807495,True,False,3091.200755781815,544.3368960358512,0.1760923793182043,271,False,False,True,False,True,9.215918070833723,0.07614272589774317,True,False,1,True,,,
8930e036cb3ffff,True,228.31576080950722,334.2077812361538,0.08099670395062476,0.4156411146908335,0.22462729986374558,0.03366556031632111,0.028838610230807495,True,True,3277.2533145479138,520.1529336383414,0.15871612100576815,48,True,True,False,True,False,105.89202042664655,0.46379636715047634,True,False,3,True,관악구,서원동,11210640.0
8930e036cd7ffff,True,233.39893673992552,301.30212428014835,0.07302187540262306,0.5063237828337439,0.27168383172285476,0.036972712183470424,0.028838610230807495,True,True,2564.468443968469,523.2052391329776,0.20402093087303771,14,True,True,True,True,True,67.90318754022283,0.2909318632238963,True,True,4,False,관악구,신원동,11210650.0
8930e036d07ffff,True,198.58752726995164,224.10883553944538,0.05431374738723188,0.4913498297902286,0.2639136335926173,0.02668705053398586,0.028838610230807495,True,False,3143.976615486752,532.2376170899211,0.16928803301786638,224,False,False,True,True,False,25.521308269493744,0.12851415504459723,True,False,2,True,,,
8930e036d0bffff,True,195.949007591952,218.2849265044553,0.05290229779680736,0.5071017336202619,0.27208752149864424,0.026826846925256373,0.028838610230807495,True,False,1905.582859593866,245.73612065396398,0.12895588319173765,445,False,False,True,True,False,22.335918912503303,0.11398842580012475,True,False,2,True,,,
8930e036d0fffff,True,101.43939270565537,111.99995779063406,0.02714367508170127,0.5527236638962647,0.29576139280692487,0.015002951542767668,0.028838610230807495,True,False,2887.5969372909917,473.86239680454605,0.16410268022001076,233,False,False,True,False,True,10.560565084978691,0.10410714026672133,True,False,1,True,,,
8930e036d13ffff,True,303.9065515212768,368.21761660068734,0.08923913492048939,0.609123350649241,0.32502799590634734,0.05435764087180818,0.028838610230807495,True,True,2937.771690523214,499.98614348327783,0.1701923076923077,64,True,True,True,True,True,64.31106507941053,0.2116146057315518,True,True,4,False,관악구,중앙동,11210610.0
8930e036d17ffff,True,130.51290734024104,167.99656748420279,0.040714696081908995,0.5447615460158018,0.2916297361036006,0.022179800783144254,0.028838610230807495,True,False,3249.2895241725905,593.8433153378206,0.18276097310504788,128,False,False,True,False,True,37.48366014396174,0.28720270590742103,True,False,1,True,,,
8930e036d1bffff,True,140.35800397107215,155.81144887294403,0.037761579786684304,0.622968454780236,0.3322124182107961,0.023524273009771314,0.028838610230807495,True,False,2934.6483059091634,461.2923979669566,0.15718830670036515,453,False,False,True,False,True,15.453444901871876,0.11010020422530972,True,False,1,True,,,
8930e036d3bffff,True,357.96601499578253,478.7728435099395,0.11603267321287117,0.48962011068564987,0.2630160576410182,0.05681193030163782,0.028838610230807495,True,True,3150.407404762511,533.2456307066287,0.16926243567753,33,True,True,True,True,True,120.80682851415696,0.33748127881799134,True,True,4,False,관악구,행운동,11210570.0
8930e036d53ffff,True,210.7535520595567,286.2133670667747,0.06936504971031249,0.47430358701801417,0.25506809472046266,0.03290009189128408,0.028838610230807495,True,True,2931.6146578814955,425.29926655052884,0.1450733865745737,42,True,True,True,True,False,75.459815007218,0.35804765456998733,True,True,4,False,관악구,청룡동,11210800.0
8930e036d83ffff,True,184.8955125689433,254.45177140400978,0.06166748937410173,0.7954639191043907,0.42172277866610886,0.04905426277885133,0.028838610230807495,True,True,4365.118349643684,930.187324975931,0.21309555674518202,95,True,True,True,True,True,69.55625883506647,0.3761922497125534,True,True,4,False,관악구,성현동,11210790.0
8930e036d87ffff,True,91.00200055780712,123.77829936984031,0.0299982072005875,0.7354408569918158,0.3905759543343582,0.02206190721181813,0.028838610230807495,True,False,4365.468749983244,930.2619937313732,0.213095556745182,25,False,False,True,False,True,32.77629881203319,0.3601711897664572,True,False,1,True,,,
8930e036d8bffff,True,195.44689296739926,240.9497124478202,0.058395206879800356,0.5116589300001153,0.27445231579758167,0.02987842906925402,0.028838610230807495,True,True,3233.8082214342658,589.2309787493627,0.18220962357750012,149,True,True,True,True,True,45.502819480420925,0.2328142381266242,True,True,4,False,관악구,중앙동,11210610.0
8930e036d8fffff,True,161.22831843857685,201.00042793112834,0.04871332467146435,0.6401649610623316,0.34113593096467254,0.031184563591524692,0.028838610230807495,True,True,4043.7669836126242,833.312869300247,0.20607341438743862,48,True,True,True,True,True,39.77210949255149,0.24668190971490825,True,True,4,False,관악구,성현동,11210790.0
8930e036d97ffff,True,263.1316956160728,315.18913260251713,0.07638745204385623,0.7764804313986055,0.41187197572528106,0.05931336171645377,0.028838610230807495,True,True,4313.359216832167,915.0811402080009,0.21215045958543147,4,True,True,True,True,True,52.057436986444316,0.19783795663445913,True,True,4,False,관악구,성현동,11210790.0
8930e036da3ffff,True,149.90417788753265,200.97269076307646,0.048706602448598035,0.6960032474355607,0.37011121538770086,0.03389995347577707,0.028838610230807495,True,True,4203.0954978370055,900.9128413918879,0.21434508015711637,68,True,True,True,True,True,51.0685128755438,0.340674380095387,True,True,4,False,관악구,성현동,11210790.0
8930e036da7ffff,True,197.3223918275263,289.03750854195414,0.07004949263421363,0.6008138997827752,0.320716103155096,0.04208670884736668,0.028838610230807495,True,True,3773.77892508662,819.11993383562,0.21705562251949317,15,True,True,True,True,True,91.71511671442784,0.4647983225066181,True,True,4,False,관악구,청림동,11210540.0
8930e036dabffff,True,100.52011784671264,116.85171472733502,0.02831951939863738,0.663540952444875,0.3532660668082429,0.018791160874552962,0.028838610230807495,True,False,3869.943447712737,778.2249509960261,0.20109465719866848,203,False,False,True,False,True,16.331596880622385,0.16247092851131675,True,False,1,True,,,
8930e036dafffff,True,127.92223105822018,137.93974137932108,0.033430294035050975,0.6980046795523279,0.3711497871026186,0.023334501675275857,0.028838610230807495,True,False,3805.832598837958,824.6264107155743,0.21667437789233268,200,False,False,True,False,True,10.0175103211009,0.07830937780112446,True,False,1,True,,,
8930e036dbbffff,True,357.9892388682182,501.15630541108976,0.12145740219521789,0.6968342647362344,0.3705424421357162,0.08463567955547777,0.028838610230807495,True,True,4365.7249965299125,930.3165987318995,0.21309555674518202,8,True,True,True,True,True,143.16706654287157,0.39992002831005136,True,True,4,False,관악구,성현동,11210790.0
8930e036dc7ffff,True,216.06023389576117,240.44939546327564,0.058273952890654034,0.5926671848438168,0.31648865640123525,0.03453705960942512,0.028838610230807495,True,True,2937.535570432237,499.94211741633774,0.17019100039111182,149,True,True,True,True,True,24.389161567514464,0.1128813068826033,True,True,4,False,관악구,중앙동,11210610.0
8930e036dcfffff,True,204.38388673152656,234.75602800253284,0.056894140616402834,0.5310020174050285,0.2844897201590014,0.030210903445835276,0.028838610230807495,True,True,2931.713143768659,425.7613651352211,0.1452261337505597,173,True,True,True,True,True,30.372141271006285,0.1486034039019052,True,True,4,False,관악구,청룡동,11210800.0
8930e036e8fffff,True,360.4695207445362,474.21677129838923,0.1149284893703177,0.45451638118196325,0.2448002309611002,0.052236881083306534,0.028838610230807495,True,True,2598.9323084615608,805.0530086085097,0.309762976891484,0,True,True,True,True,True,113.74725055385301,0.31555303294134923,True,True,4,False,관악구,삼성동,11210820.0
8930e0a534fffff,True,218.8642650459209,236.87539078622007,0.05740777737051835,0.4613193075591769,0.24833036663487673,0.02648331610507891,0.028838610230807495,True,False,2372.211064224379,481.58022473653136,0.20300901214032127,78,False,False,False,True,False,18.01112574029918,0.08229358838694012,True,False,1,True,,,
8930e0a536bffff,True,296.2374560703484,329.0468337263721,0.07974592595853748,0.4947553317423268,0.2656807972015731,0.03945472205271524,0.028838610230807495,True,True,2372.540821542947,481.6471684440199,0.20300901214032124,41,True,True,True,True,True,32.809377656023685,0.11075364368586917,True,True,4,False,강서구,방화1동,11160700.0
8930e0a537bffff,True,179.0380761248415,203.77272163018097,0.049385202062157664,0.5280481469985244,0.28295691461040107,0.026077764438070063,0.028838610230807495,True,False,2328.4859853033695,483.0546093130318,0.2074543769479018,93,False,False,True,True,True,24.734645505339472,0.13815298980364515,True,False,2,True,,,
8930e0a5a6bffff,True,195.83756007492084,211.95995331203864,0.051369413136650936,0.6575163379757575,0.3501398083014012,0.03377622840957449,0.028838610230807495,True,True,2764.3779069629522,1053.6933159592068,0.38116833205226747,12,True,True,True,True,True,16.12239323711779,0.08232533754479941,True,True,4,False,강서구,가양2동,11160650.0
8930e0ac1b3ffff,True,344.69366710986554,397.08785808933493,0.09623596304396957,0.3297844298604449,0.18007503968243188,0.031737122204526354,0.028838610230807495,True,True,2350.651107637029,541.2922907556401,0.23027334383951575,0,True,True,False,False,False,52.394190979469386,0.15200218622748757,True,False,2,True,양천구,신정3동,11150660.0
8930e0ac807ffff,True,334.33084208590645,440.37408055633045,0.10672656662397037,0.35781366489663624,0.19461981012730228,0.038188223945557855,0.028838610230807495,True,True,2342.1566990527326,485.2249232237972,0.2071701365754233,5,True,True,False,True,False,106.043238470424,0.31718054430400455,True,False,3,True,구로구,고척1동,11170610.0
8930e0ac80fffff,True,233.51102373744212,301.28680075313446,0.0730181616794523,0.4365259018418623,0.23546471424588883,0.03187431887795782,0.028838610230807495,True,True,2354.888166366252,476.4882226793537,0.20234006416304964,90,True,True,False,True,False,67.77577701569234,0.2902465842122249,True,False,3,True,구로구,고척1동,11170610.0
8930e0ac8c7ffff,True,370.3837421766939,406.120425717342,0.09842504494796847,0.5197558980511171,0.2786539481806705,0.05115699762765292,0.028838610230807495,True,True,2451.217474894036,566.2374217165988,0.23100252324248655,38,True,True,True,True,True,35.73668354064813,0.09648556205687808,True,True,4,False,구로구,고척2동,11170620.0
8930e0ac8d7ffff,True,107.92758579392321,118.3680573992302,0.02868701161569144,0.5667614306201918,0.30304579048294167,0.01625869174352734,0.028838610230807495,True,False,2522.337144565421,632.3499320898521,0.2507000039436842,104,False,False,True,False,True,10.440471605306982,0.0967358949846428,True,False,1,True,,,
8930e0ac90fffff,True,211.5858979668692,226.27460611525186,0.05483863127085881,0.4954165447620678,0.2660239100826373,0.027167965223689958,0.028838610230807495,True,False,2310.022447279224,368.2672308105354,0.15942149447261242,48,False,False,True,True,False,14.68870814838266,0.0694219619054322,True,False,2,True,,,
8930e0ac967ffff,True,101.17106993702029,112.22488833449842,0.02719818797366162,0.7101521767547759,0.3774532969223186,0.019314852393281366,0.028838610230807495,True,False,2545.2251450883236,485.640099793503,0.1908043776522766,786,False,False,True,False,True,11.053818397478125,0.1092586883222566,True,False,1,True,,,
8930e0ac96bffff,True,170.3608797102493,183.34402562183644,0.04443421906420048,0.5213273829277476,0.2794694141310849,0.02316477513717787,0.028838610230807495,True,False,2544.966134287489,485.59067939884443,0.19080437765227656,102,False,False,True,False,True,12.983145911587144,0.07620966699437658,True,False,1,True,,,
8930e0ac977ffff,True,51.84524465028362,57.75406306160613,0.013996947439237488,0.7910623187435353,0.41943872536404625,0.011072457696614595,0.028838610230807495,True,False,2334.9895255988104,380.69018380684133,0.16303721264411794,135,False,False,True,False,True,5.908818411322514,0.11397030626781293,True,False,1,True,,,
8930e0ac983ffff,True,287.8830983756585,319.69639564774974,0.07747980677345583,0.37602592767794213,0.20407041343822827,0.02913441621829643,0.028838610230807495,True,True,2695.716665130468,458.37856016468,0.1700395913613181,0,True,True,False,True,False,31.813297272091233,0.11050769375344877,True,False,3,True,양천구,신정2동,11150650.0
8930e0ac993ffff,True,280.0713483703249,312.1608209082941,0.07565352758267238,0.435291684028378,0.2348242609922442,0.032931351424148804,0.028838610230807495,True,True,2991.9719594839403,516.7364732614658,0.1727076591154261,65,True,True,False,True,False,32.089472537969186,0.11457606329491017,True,False,3,True,양천구,신정2동,11150650.0
8930e0ac99bffff,True,337.51073473540947,359.4226014970944,0.08710762490012984,0.45716741667278527,0.24617589114609717,0.03982276784809435,0.028838610230807495,True,True,2663.3417778818166,440.59286549556856,0.1654285864302315,4,True,True,True,True,False,21.911866761684905,0.06492198471513105,True,True,4,False,양천구,신정6동,11150690.0
8930e0aca83ffff,True,141.35687869434983,152.3017554351585,0.03691099037405511,0.7401867969623854,0.3930386903786327,0.027321027737681292,0.028838610230807495,True,False,3707.8948103246803,978.2622331500908,0.26383225069549093,146,False,False,True,True,True,10.944876740808667,0.07742726665940554,True,False,2,True,,,
8930e0aca93ffff,True,48.317637702106566,56.35898946569328,0.013658845308223241,0.9222479283643084,0.48751281212170616,0.012596841789357438,0.028838610230807495,True,False,4168.600524883595,1091.9000465239349,0.2619344405888893,185,False,False,True,False,True,8.04135176358671,0.16642684009438072,True,False,1,True,,,
8930e0aca97ffff,True,78.16726513207021,83.62379475358453,0.02026658901187541,0.8616567750989653,0.45607119717586614,0.017462843730228692,0.028838610230807495,True,False,4166.014051452536,1091.1193580247125,0.26190966822214135,173,False,False,True,False,True,5.456529621514321,0.06980581465009748,True,False,1,True,,,
8930e0aca9bffff,True,104.40019658624648,116.74145614830674,0.028292797754244366,0.6372359523275826,0.3396160264926833,0.0180291879209376,0.028838610230807495,True,False,3272.8684171944024,870.9498550407989,0.2661120900752259,125,False,False,True,False,True,12.341259562060259,0.1182110758945264,True,False,1,True,,,
8930e0acad3ffff,True,241.08469595074988,283.12501100120704,0.06861657323555277,0.6046279116345653,0.3226952483863759,0.04148749537893248,0.028838610230807495,True,True,3072.2879904545716,821.4665203160672,0.2673794002607562,68,True,True,True,True,True,42.04031505045717,0.1743798580190482,True,True,4,False,구로구,개봉3동,11170650.0
8930e0acb07ffff,True,238.40860214778894,266.38386014505215,0.06455928278386643,0.4178941502762033,0.22579643221255982,0.02697894662140498,0.028838610230807495,True,False,1479.927737826711,362.51593129499594,0.24495515695067263,134,False,False,False,True,False,27.975257997263213,0.11734164684175874,True,False,1,True,,,
8930e0acb2bffff,True,120.77984432516963,130.81862073652735,0.03170445959047985,0.5655509155863969,0.302417636940261,0.0179304861495678,0.028838610230807495,True,False,2854.1899521594614,705.3625845976937,0.2471323199999429,152,False,False,True,False,True,10.038776411357716,0.0831163218287549,True,False,1,True,,,
8930e0acb77ffff,True,225.86623190997946,245.04461045112345,0.05938762315465422,0.5979567053251724,0.3192334641373515,0.03551122747864996,0.028838610230807495,True,True,2948.5774185078635,748.099499671254,0.25371540017078203,211,True,True,True,True,True,19.178378541143985,0.08491033997852171,True,True,4,False,구로구,구로4동,11170550.0
8930e0acbc7ffff,True,204.98482643292726,221.4992931779633,0.0536813134884226,0.5384377004587534,0.28834820231085456,0.028904042992311727,0.028838610230807495,True,True,2295.502182491137,393.48882978556287,0.17141731895830256,70,True,True,True,True,True,16.51446674503603,0.08056433752885461,True,True,4,False,구로구,구로1동,11170520.0
8930e0acc13ffff,True,351.9472666879029,389.9812006468733,0.09451363381866995,0.6297656437543045,0.3357395766641246,0.05952143944537329,0.028838610230807495,True,True,3250.1832490427305,565.7421754647422,0.17406470100766444,65,True,True,True,True,True,38.03393395897035,0.1080671383440457,True,True,4,False,양천구,신월6동,11150620.0
8930e0acc8fffff,True,101.34727336028905,114.54907259175442,0.027761464099416,0.5477340902949789,0.2931722317914786,0.015205900283750337,0.028838610230807495,True,False,2719.110447595878,622.3586036457205,0.22888316441723927,98,False,False,True,False,True,13.201799231465372,0.13026299370218913,True,False,1,True,,,
8930e0acc93ffff,True,260.19508713190953,295.0955512518047,0.07151768553527385,0.5947664823677141,0.3175780118738747,0.04253632225289518,0.028838610230807495,True,True,2617.6137808037397,630.2325929158116,0.24076607387140905,50,True,True,True,True,True,34.90046411989516,0.13413191042381936,True,True,4,False,양천구,신월4동,11150600.0
8930e0acca7ffff,True,185.11423703222636,203.07669041074502,0.049216515880128854,0.5624451280624582,0.30080599942935843,0.02768158957698708,0.028838610230807495,True,False,2455.6360924598007,557.4886785176667,0.22702414263639226,186,False,False,True,True,True,17.96245337851866,0.09703442407507314,True,False,2,True,,,
8930e0accb3ffff,True,231.5460062612366,268.97700106544744,0.06518774172235864,0.5147444790334148,0.27605345126659414,0.033555030152240296,0.028838610230807495,True,True,2635.7116910504074,632.7965297865169,0.24008564060143056,24,True,True,True,True,True,37.430994804210826,0.16165683618822663,True,True,4,False,양천구,신월2동,11150580.0
8930e0acd13ffff,True,108.80046028433111,117.57109650444342,0.028493864689499267,0.5590181533469493,0.2990276932967404,0.015928587620441723,0.028838610230807495,True,False,2444.749738171463,552.7996103996265,0.22611705475141597,389,False,False,True,False,True,8.770636220112308,0.08061212422439917,True,False,1,True,,,
8930e0acd27ffff,True,92.04003176433233,99.532735541128,0.024122189747353688,0.6044844993594607,0.32262082970824646,0.01458148979288301,0.028838610230807495,True,False,2125.5631813630102,285.4800955920148,0.13430797921939522,233,False,False,True,False,True,7.492703776795679,0.08140700989739638,True,False,1,True,,,
8930e0acd2fffff,True,202.4305105250229,229.28250591535482,0.055567608821055145,0.6194131680503975,0.330367529141065,0.034419308620834976,0.028838610230807495,True,True,2697.843468148179,438.22760352266306,0.16243626018208757,312,True,True,True,True,True,26.851995390331922,0.13264796556946234,True,True,4,False,양천구,신정2동,11150650.0
8930e0acd4bffff,True,244.18943221812543,260.9835577345271,0.06325049609442646,0.42116068863677686,0.2274914856288432,0.02663862249174641,0.028838610230807495,True,False,2282.8601073891605,472.55317982375664,0.207000498319716,31,False,False,False,True,False,16.794125516401664,0.06877498900689563,True,False,1,True,,,
8930e0acd83ffff,True,386.23702093169834,414.6699604668822,0.10049706174082336,0.4524429838774859,0.24372431548229043,0.04546919048493805,0.028838610230807495,True,True,2266.3779860063773,536.4774827089661,0.23671138972466904,38,True,True,True,True,False,28.432939535183834,0.0736152621170198,True,True,4,False,강서구,화곡4동,11160590.0
8930e0acdd7ffff,True,217.22406586213228,234.51448084311238,0.0568356006156604,0.46577649732974313,0.25064326607570714,0.026472686978394493,0.028838610230807495,True,False,2444.4100087065303,552.7227917736038,0.22611705475141602,164,False,False,False,True,False,17.290414980980103,0.0795971427583626,True,False,1,True,,,
8930e0ace03ffff,True,191.47734248772127,206.02387679081912,0.04993077926990164,0.6795784337533927,0.3615881449471968,0.033931880772326124,0.028838610230807495,True,True,3369.1350350137145,689.0334609383451,0.2045134593234077,269,True,True,True,True,True,14.546534303097843,0.07597000310379103,True,True,4,False,구로구,오류1동,11170670.0
8930e0ace07ffff,True,223.06259690480317,255.20050340877344,0.061848947819814426,0.5217290575879615,0.2796778488500057,0.03226839325883879,0.028838610230807495,True,True,3052.631894634317,642.6676866573325,0.21052904799526095,60,True,True,True,True,True,32.13790650397027,0.1440757300861418,True,True,4,False,구로구,오류1동,11170670.0
8930e0ace17ffff,True,192.56741414405957,212.01937443449378,0.051383814103157795,0.526676371251061,0.2822450805798635,0.027062640752890242,0.028838610230807495,True,False,2779.55237382641,602.638218594627,0.2168112478359306,23,False,False,True,True,True,19.451960290434215,0.10101376900601788,True,False,2,True,,,
8930e0ace1bffff,True,117.4343134613151,128.0437152506972,0.03103194922194378,0.5904791687249608,0.3153532635823679,0.018323719580488555,0.028838610230807495,True,False,3292.3768183923767,676.0070288984742,0.20532492669795901,188,False,False,True,False,True,10.609401789382105,0.09034328618847016,True,False,1,True,,,
8930e0ace23ffff,True,252.69464159980473,269.64096496049046,0.06534865624936871,0.555608700819427,0.2972584796777649,0.03630828199900708,0.028838610230807495,True,True,2565.7580586982795,615.4357769547308,0.2398650858245645,8,True,True,True,True,True,16.94632336068574,0.06706245630456943,True,True,4,False,구로구,개봉1동,11170720.0
8930e0ace27ffff,True,380.14581840769927,426.3992544203881,0.10333970695509104,0.47230067358688266,0.2540287543303614,0.04880741320316056,0.028838610230807495,True,True,2279.0012844023727,524.9143846493552,0.2303264979453509,146,True,True,True,True,True,46.25343601268884,0.12167287859808285,True,True,4,False,구로구,개봉1동,11170720.0
8930e0ace2bffff,True,108.23530570233018,121.44674960802172,0.02943314601288664,0.7528979084824207,0.3996346677186972,0.02216015407316005,0.028838610230807495,True,False,4168.355845870272,1091.835956663456,0.26193444058888926,34,False,False,True,False,True,13.211443905691539,0.12206224041188357,True,False,1,True,,,
8930e0ace2fffff,True,216.92470331875336,231.17759883244065,0.056026892801207796,0.6266205737147417,0.3341075548947321,0.03510760371054716,0.028838610230807495,True,True,3520.268219394816,899.1700563641513,0.2554265755689296,44,True,True,True,True,True,14.252895513687292,0.06570434485160416,True,True,4,False,구로구,개봉2동,11170640.0
8930e0ace67ffff,True,50.058574751951184,77.9166482671224,0.018883437331034727,0.6847241898899393,0.3642583513111849,0.012929946328830192,0.028838610230807495,True,False,4043.2946521502167,1060.985938902732,0.2624062874909454,30,False,False,True,False,True,27.858073515171213,0.5565095221590455,True,False,1,True,,,
8930e0ace6fffff,True,218.02609890408073,246.06669756597813,0.05963533039578256,0.5538760324654638,0.2963593733185315,0.03303058019438312,0.028838610230807495,True,True,3072.3542398994005,821.4842340528932,0.2673794002607562,24,True,True,True,True,True,28.040598661897405,0.12861120206638058,True,True,4,False,구로구,개봉3동,11170650.0
8930e0ace8bffff,True,174.2166069090261,220.1071791513391,0.05334392862184968,0.648845087572783,0.3456401726025173,0.034611946038120345,0.028838610230807495,True,True,3022.781246301621,638.254668851538,0.21114815027797457,18,True,True,True,True,True,45.890572242313,0.26341100918281873,True,True,4,False,구로구,오류1동,11170670.0
8930e0ace8fffff,True,251.26444504980577,296.99449224162186,0.07197790211252716,0.46206957698754664,0.24871969215850775,0.03325879878158647,0.028838610230807495,True,True,2451.2759301970286,554.5200058643479,0.22621688526912462,35,True,True,True,True,False,45.730047191816084,0.1819996744177293,True,True,4,False,구로구,개봉1동,11170720.0
8930e0aceb7ffff,True,201.03114882523562,270.58862052372143,0.06557832468143895,0.457868232540473,0.2465395545106692,0.03002623161485573,0.028838610230807495,True,True,2519.2813160679398,631.1670116351819,0.2505345503138565,26,True,True,False,True,False,69.55747169848581,0.34600345322084836,True,False,3,True,구로구,고척2동,11170620.0
8930e0ae80fffff,True,205.75343218516497,227.92140203140156,0.05523773939692971,0.4945368863845901,0.2655674427850532,0.027317099652281025,0.028838610230807495,True,False,3027.395471193663,733.6041594127281,0.2423218791179196,46,False,False,True,True,False,22.167969846236588,0.10774046202197408,True,False,2,True,,,
8930e0ae823ffff,True,184.45023130802565,219.40638241077968,0.05317408749512695,0.5516877893082587,0.29522386268622164,0.029335494778670507,0.028838610230807495,True,True,3176.0231391495513,534.8193654753461,0.16839277991487037,7,True,True,True,True,True,34.956151102754035,0.18951535519832688,True,True,4,False,강서구,우장산동,11160740.0
8930e0ae827ffff,True,201.96062114116285,272.7199583588823,0.06609486364116865,0.4535092219776261,0.2442776016631687,0.029974630186623684,0.028838610230807495,True,True,3176.277852011686,534.862257282281,0.16839277991487037,22,True,True,False,True,False,70.75933721771946,0.35036204987833425,True,False,3,True,강서구,우장산동,11160740.0
8930e0ae82bffff,True,276.4289878445741,333.6156513822592,0.08085319871475374,0.559602134573849,0.29933072949727896,0.04524562258789978,0.028838610230807495,True,True,3168.655793884107,544.6087516685558,0.17187374934182414,61,True,True,True,True,True,57.18666353768509,0.20687650735761134,True,True,4,False,강서구,우장산동,11160740.0
8930e0ae82fffff,True,350.729375094009,399.8983366110606,0.09691709469189774,0.46505075090135956,0.2502666658870686,0.04507136766164521,0.028838610230807495,True,True,3176.2098588502154,534.8508077248058,0.16839277991487037,6,True,True,True,True,False,49.16896151705157,0.14019059995722455,True,True,4,False,강서구,우장산동,11160740.0
8930e0ae863ffff,True,198.25192810359454,219.51302308379505,0.053199932324320846,0.6576816776832819,0.35022560543743647,0.034988620743696394,0.028838610230807495,True,True,3031.5701151126236,720.4623558201534,0.23765320558762273,145,True,True,True,True,True,21.26109498020051,0.10724281566175105,True,True,4,False,강서구,화곡3동,11160580.0
8930e0ae867ffff,True,127.43464985850792,139.2745068028774,0.03375378021917106,0.6075932870232676,0.3242340240345823,0.020508570272827095,0.028838610230807495,True,False,3047.95295114882,704.7135438671479,0.23120879986074938,256,False,False,True,False,True,11.839856944369473,0.09290924373798959,True,False,1,True,,,
8930e0ae86bffff,True,211.89205026667128,235.61739769480442,0.05710289729375759,0.5040055137072873,0.27048084875773976,0.028780175084714758,0.028838610230807495,True,False,2848.075518797933,587.0865144753053,0.20613446188501797,131,False,False,True,True,False,23.725347428133148,0.11196903044863751,True,False,2,True,,,
8930e0ae86fffff,True,164.99141655364753,186.23760359153465,0.04513549022342609,0.5961471255148658,0.31829444732477713,0.026907392755399794,0.028838610230807495,True,False,3060.5017140217487,627.1537145987694,0.20491859609993104,151,False,False,True,True,True,21.246187037887125,0.12877146873261044,True,False,2,True,,,
8930e0ae873ffff,True,282.76785105446174,330.9260432282675,0.08020136052419372,0.6096849020447503,0.32531939294697776,0.04889755863504875,0.028838610230807495,True,True,3015.6043375441463,730.2834779615406,0.24216820120250598,41,True,True,True,True,True,48.15819217380573,0.17030999809285374,True,True,4,False,강서구,화곡3동,11160580.0
8930e0ae877ffff,True,118.75611487552645,130.08169920788578,0.03152586346483176,0.6405658285251169,0.34134394681731717,0.02019439085031967,0.028838610230807495,True,False,3027.693756859033,733.4935845973857,0.24226148464840813,199,False,False,True,False,True,11.325584332359327,0.09536843087389794,True,False,1,True,,,
8930e0ae8abffff,True,362.3408231464931,434.51024879650964,0.10530544158819248,0.4114868896646411,0.2224716131564813,0.043331808623886865,0.028838610230807495,True,True,1387.7004208293563,240.77519841567263,0.17350661194710443,86,True,True,False,True,False,72.16942565001654,0.19917553043930325,True,False,3,True,강서구,발산1동,11160670.0
8930e0ae903ffff,True,261.1224269541335,293.71743983616113,0.07118369426214731,0.48812803965281487,0.26224180066853914,0.03474675713542729,0.028838610230807495,True,True,2356.9917040256078,454.10547747304406,0.19266316325910599,108,True,True,True,True,False,32.59501288202762,0.12482655458679914,True,True,4,False,강서구,화곡6동,11160610.0
8930e0ae90bffff,True,111.97908843751335,125.28207938119816,0.030362654802424612,0.560278648580689,0.2996817822791163,0.01701154720002443,0.028838610230807495,True,False,2357.4378856513686,452.99105233578734,0.19215397151837335,239,False,False,True,False,True,13.302990943684804,0.11879888583936944,True,False,1,True,,,
8930e0ae933ffff,True,183.12690283120907,198.9364605650148,0.04821311323683375,0.5376379405843771,0.28793319548784274,0.02592119890981267,0.028838610230807495,True,False,2844.4691959328557,410.5594598947482,0.14433605415090583,181,False,False,True,True,True,15.809557733805747,0.08633115882693469,True,False,2,True,,,
8930e0ae94bffff,True,147.3994801835753,163.08727299271445,0.039524907289252065,0.6043653892977415,0.32255902179578855,0.023887485980825966,0.028838610230807495,True,False,3194.464047469773,603.9813132523594,0.18907125085059343,147,False,False,True,False,True,15.687792809139154,0.10643044866644817,True,False,1,True,,,
8930e0ae94fffff,True,149.25099584137425,166.74049552303626,0.04041028159938862,0.5634884600572216,0.30134739930495363,0.022770727348918173,0.028838610230807495,True,False,3072.9976781959513,583.8970374491807,0.1900089419501176,94,False,False,True,False,True,17.48949968166201,0.11718179555900626,True,False,1,True,,,
8930e0ae957ffff,True,211.97298606315434,255.4985773066134,0.06192118732055092,0.4666383095704969,0.25109047275802143,0.02889479817785997,0.028838610230807495,True,True,2440.3802850592997,461.27187512744075,0.1890163914007493,61,True,True,False,True,False,43.525591243459075,0.20533555738319997,True,False,3,True,강서구,화곡6동,11160610.0
8930e0ae963ffff,True,383.66350355550725,453.2924326307615,0.10985738522619577,0.32838236353940153,0.17934748744057694,0.0360752278128367,0.028838610230807495,True,True,2357.7151144428058,453.0443229490813,0.19215397151837335,6,True,True,False,True,False,69.62892907525423,0.18148436958424569,True,False,3,True,강서구,화곡6동,11160610.0
8930e0ae98bffff,True,98.52779835813857,107.68843880666287,0.026098759773534187,0.573502205411085,0.30654367481077,0.014967696288615965,0.028838610230807495,True,False,2404.610616553688,631.0133976863376,0.26241812014899624,224,False,False,True,False,True,9.160640448524305,0.09297518671051903,True,False,1,True,,,
8930e0ae997ffff,True,332.12763796421643,356.4663845145699,0.08639117290472237,0.34871662707353507,0.18989922725393935,0.030126038424261356,0.028838610230807495,True,True,1991.0808496391696,531.6505931792949,0.2670160748498196,90,True,True,False,False,False,24.33874655035345,0.07328130443927619,True,False,2,True,강서구,등촌3동,11160540.0
8930e0ae9a7ffff,True,139.76723048414436,152.6496041949473,0.0369952930282662,0.6567806458069332,0.3497580471259777,0.024297792446921408,0.028838610230807495,True,False,2807.879203530225,1028.934501314063,0.36644542971094635,1,False,False,True,False,True,12.882373710802938,0.09217020088456539,True,False,1,True,,,
8930e0ae9afffff,True,243.1640813088984,260.56127077769105,0.06314815302061008,0.6204992096769328,0.3309310916546739,0.03918337904184657,0.028838610230807495,True,True,2759.6132864749625,606.4093464944469,0.2197443205055205,391,True,True,True,True,True,17.397189468792646,0.07154506280346763,True,True,4,False,강서구,등촌1동,11160520.0
8930e0ae9b7ffff,True,240.33962269047515,261.6584846057977,0.06341406754622937,0.682516894809796,0.36311295436391455,0.04328117246891113,0.028838610230807495,True,True,2764.1562554013544,1053.6088294031758,0.3811683320522675,16,True,True,True,True,True,21.318861915322543,0.08870306808619045,True,True,4,False,강서구,가양2동,11160650.0
8930e0ae9c3ffff,True,373.0173431133548,409.4484037176392,0.09923159483692451,0.5392365225807283,0.28876272252074997,0.05350930013000292,0.028838610230807495,True,True,3176.413775103217,534.8851457495186,0.1683927799148704,40,True,True,True,True,True,36.431060604284426,0.09766586266530114,True,True,4,False,강서구,우장산동,11160740.0
8930e0ae9d3ffff,True,226.29114844743413,240.484469653218,0.058282453272567834,0.5579379438819627,0.2984671571750689,0.03251799214329307,0.028838610230807495,True,True,3174.682432884968,534.5997306819336,0.1683947109620411,80,True,True,True,True,True,14.193321205783889,0.0627215041470387,True,True,4,False,강서구,우장산동,11160740.0
8930e0ae9d7ffff,True,318.39763430274706,353.92986670616114,0.08577643682277579,0.487001412085221,0.2616571775303637,0.041773245856330556,0.028838610230807495,True,True,2921.027060728013,567.4972400120264,0.19428003514304587,97,True,True,True,True,True,35.53223240341407,0.11159703645796688,True,True,4,False,강서구,우장산동,11160740.0
8930e0ae9dbffff,True,95.27303293343904,113.25027204167112,0.027446694158222824,0.6059507461081,0.3233816860907685,0.01663134480337595,0.028838610230807495,True,False,3176.1590661307023,534.8422545975676,0.1683927799148704,99,False,False,True,False,True,17.977239108232084,0.1886917898456281,True,False,1,True,,,
8930e0aea23ffff,True,266.45609647906934,287.4770192325579,0.06967130128826778,0.4266819116119248,0.23035652709875065,0.029727484018168455,0.028838610230807495,True,True,2238.9445243342175,620.4676947187431,0.27712508638562544,47,True,True,False,True,False,21.02092275348855,0.07889075548001126,True,False,3,True,양천구,신월1동,11150570.0
8930e0aea27ffff,True,153.70143867138748,170.2652095544334,0.04126451131796587,0.6618580779163082,0.3523927991762894,0.02731125014706464,0.028838610230807495,True,False,2981.1039095565043,624.1317363102999,0.20936262379500595,191,False,False,True,True,True,16.56377088304592,0.10776588056836044,True,False,2,True,,,
8930e0aea2bffff,True,397.609856292236,431.1371435577735,0.10448795491745827,0.37349395006845515,0.2027565340885425,0.03902561901669615,0.028838610230807495,True,True,2497.379100499509,627.105648829148,0.2511055084523285,19,True,True,False,True,False,33.52728726553755,0.0843220728434247,True,False,3,True,양천구,신월4동,11150600.0
8930e0aea2fffff,True,383.44427598892827,417.28060618417294,0.10112976304269386,0.4115525671248677,0.2225056941287649,0.041620213592950234,0.028838610230807495,True,True,2553.55135943956,625.3080612895222,0.24487780869493125,40,True,True,False,True,False,33.83633019524467,0.08824314852002557,True,False,3,True,양천구,신월1동,11150570.0
8930e0aea37ffff,True,117.81436623430808,131.25423576952429,0.031810032781306195,0.5931073319204546,0.31671705500659897,0.018866763671222714,0.028838610230807495,True,False,2599.463002616522,622.2368989218214,0.23937132334466815,235,False,False,True,False,True,13.439869535216204,0.11407666114747941,True,False,1,True,,,
8930e0aea3bffff,True,335.3275885155466,370.41185366266427,0.0897709177803889,0.3644139874078263,0.19804481176089717,0.032713778101611656,0.028838610230807495,True,True,2114.02949766916,579.5492755242151,0.27414436561230665,14,True,True,False,True,False,35.08426514711766,0.1046268376020933,True,False,3,True,양천구,신월1동,11150570.0
8930e0aea73ffff,True,148.10386952346943,174.40151413366445,0.042266962655916195,0.5734873871789294,0.3065359854184329,0.024239569977530764,0.028838610230807495,True,False,2458.581639079526,694.6715136835434,0.2825497037160104,72,False,False,True,False,True,26.29764461019502,0.17756217102773092,True,False,1,True,,,
8930e0aea7bffff,True,235.52208293442067,279.2536999357769,0.06767834422392527,0.5171379793142914,0.27729547275237965,0.034999042175297757,0.028838610230807495,True,True,2458.5288525235587,694.6565988577945,0.2825497037160104,30,True,True,True,True,True,43.731617001356256,0.18567947623634506,True,True,4,False,양천구,신월7동,11150630.0
8930e0aea8fffff,True,291.5234380222795,347.99789539992145,0.08433879787266532,0.41823122425466613,0.22597134471492925,0.03527311868645165,0.028838610230807495,True,True,1781.3939345899807,470.5836102143958,0.26416594391442616,77,True,True,False,True,False,56.474457377641954,0.19372184192382477,True,False,3,True,양천구,신월3동,11150590.0
8930e0aeaa3ffff,True,244.34466902250608,266.1483029489337,0.06450219447668556,0.5099454641318513,0.27356317388247614,0.03289260149993636,0.028838610230807495,True,True,2238.729424581233,620.4080851811158,0.27712508638562544,53,True,True,True,True,True,21.803633926427608,0.08923310671623173,True,True,4,False,양천구,신월1동,11150570.0
8930e0aeaa7ffff,True,214.81676163898544,243.7367032947679,0.05907064618797079,0.5253288045341356,0.2815458089610869,0.031031511944985588,0.028838610230807495,True,True,2682.931202782695,613.8095502251253,0.22878318668346453,116,True,True,True,True,True,28.919941655782452,0.13462609451484253,True,True,4,False,강서구,화곡1동,11160730.0
8930e0aeaafffff,True,312.41184978502156,347.51693477943525,0.08422223498222231,0.5426313244417931,0.2905243336996227,0.04570162291585121,0.028838610230807495,True,True,2255.704418654729,620.5265911909664,0.27509215571827444,214,True,True,True,True,True,35.10508499441369,0.11236796881606885,True,True,4,False,양천구,신월1동,11150570.0
8930e0aeb0bffff,True,158.97681528325495,178.5917140485409,0.043282475761996037,0.6735657834044196,0.35846809479319997,0.029153594694311665,0.028838610230807495,True,True,2978.20145639778,688.4893353727618,0.23117621337997377,331,True,True,True,True,True,19.614898765285943,0.12338213424603671,True,True,4,False,강서구,화곡8동,11160630.0
8930e0aeb0fffff,True,166.8554256252607,192.12261550265148,0.04656174836064706,0.5545353561390658,0.2967015057908957,0.02582013570962898,0.028838610230807495,True,False,2894.6730139230795,646.7222697633943,0.22341807404592043,35,False,False,True,True,True,25.26718987739079,0.1514316347982485,True,False,2,True,,,
8930e0aeb13ffff,True,211.70997048064896,286.21242698325864,0.06936482187699886,0.4678692586016174,0.25172922979380447,0.032453667784624704,0.028838610230807495,True,True,3021.2861068540924,672.0658866851937,0.2224436425138766,21,True,True,True,True,False,74.50245650260968,0.3519081143578897,True,True,4,False,강서구,화곡8동,11160630.0
8930e0aeb17ffff,True,148.10098079624763,189.81396699566568,0.0460022373912892,0.555855017321391,0.2973862968291507,0.025570574461957797,0.028838610230807495,True,False,3056.8773009795627,658.7008618718573,0.2154816163739315,23,False,False,True,True,True,41.712986199418054,0.28165232920911837,True,False,2,True,,,
8930e0aeb1bffff,True,127.55861566240085,157.98278004194003,0.038287811304165524,0.5919679045202685,0.31612578985245177,0.022665155426394315,0.028838610230807495,True,False,3005.219045214695,667.7480119845432,0.22219612012901999,133,False,False,True,False,True,30.424164379539178,0.23851124615573102,True,False,1,True,,,
8930e0aeb43ffff,True,231.684643803189,292.1785058029063,0.07081072693077628,0.5774410295231404,0.30858758690678667,0.040889019060189415,0.028838610230807495,True,True,3060.7651384462188,624.6274352830816,0.20407558470826362,120,True,True,True,True,True,60.49386199971727,0.2611043226978197,True,True,4,False,강서구,화곡1동,11160730.0
8930e0aeb4bffff,True,365.7922307606706,403.2357907251511,0.0977259411580929,0.4001762722929416,0.21660237223539597,0.03910760283896497,0.028838610230807495,True,True,2656.7857959300663,632.352626842667,0.23801415522898714,42,True,True,False,True,False,37.44355996448053,0.10236291756830392,True,False,3,True,양천구,신월2동,11150580.0
8930e0aeb4fffff,True,347.26492750308296,374.69230980069244,0.09080830487324214,0.44707306209251707,0.24093778636123406,0.0405979469231112,0.028838610230807495,True,True,2746.4623404946497,630.6893206362339,0.22963698112191994,48,True,True,True,True,False,27.427382297609483,0.07898114703036341,True,True,4,False,양천구,신월2동,11150580.0
8930e0aeb53ffff,True,197.0201150492341,224.90532193497467,0.05450677931647293,0.5604761251205196,0.2997842556764949,0.03054974846409603,0.028838610230807495,True,True,3061.53970450735,624.5724481949778,0.20400599321820043,60,True,True,True,True,True,27.88520688574056,0.14153482185700794,True,True,4,False,강서구,화곡1동,11160730.0
8930e0aeb57ffff,True,126.79492597074209,168.49842455781643,0.040836323318314625,0.7134568105787888,0.37916811861875666,0.029134952990448975,0.028838610230807495,True,True,3057.9715014482767,627.5258594276945,0.20520984552357466,209,True,True,True,True,True,41.70349858707435,0.32890510616093127,True,True,4,False,강서구,화곡1동,11160730.0
8930e0aeb67ffff,True,145.45926711350432,162.33864769933797,0.03934347470550645,0.5937398210503505,0.3170452626509151,0.02335978763114639,0.028838610230807495,True,False,2703.853029734913,551.3595178694343,0.20391623058132335,80,False,False,True,False,True,16.879380585833644,0.11604197464203074,True,False,1,True,,,
8930e0aeb6bffff,True,289.4279720441688,318.78940196020983,0.07725999292315278,0.4306479123527846,0.23241454153565946,0.033271854660746655,0.028838610230807495,True,True,2444.070328717867,552.6459843350093,0.22611705475141602,30,True,True,False,True,False,29.361429916041004,0.10144641414120206,True,False,3,True,양천구,신정4동,11150720.0
8930e0aeb6fffff,True,268.3846341227811,296.0355685667584,0.07174550280477653,0.42733949605488314,0.23069775705948975,0.030659687012797407,0.028838610230807495,True,True,2459.5568380491477,552.6112148914674,0.22467918055099034,28,True,True,False,True,False,27.65093444397729,0.1030272635926224,True,False,3,True,양천구,신정4동,11150720.0
8930e0aeb73ffff,True,155.7439163349839,175.3384678205636,0.04249403744188472,0.5151963057754105,0.27628791061715063,0.021892771107540985,0.028838610230807495,True,False,2940.227593641682,669.4833074756889,0.22769778398225493,140,False,False,True,False,False,19.5945514855797,0.12581262849095495,True,False,1,True,,,
8930e0aeb83ffff,True,187.8738757306707,211.2373442891037,0.051194285708778896,0.6726293442244032,0.35798216312609116,0.034434778824332685,0.028838610230807495,True,True,3194.4443743961424,605.1020752583099,0.1894232624954362,248,True,True,True,True,True,23.363468558433,0.12435719690972914,True,True,4,False,강서구,화곡본동,11160550.0
8930e0aeb87ffff,True,96.24012539009617,116.19958251158074,0.028161472330371213,0.5565998630753268,0.2977728079306433,0.015674671643084222,0.028838610230807495,True,False,3194.973731655815,606.2095406078885,0.1897385053910026,87,False,False,True,False,True,19.959457121484576,0.20739226014701923,True,False,1,True,,,
8930e0aeb8bffff,True,220.17486163971228,262.59768263701403,0.06364168625876822,0.47886497355572494,0.2574350633521667,0.030475774407346785,0.028838610230807495,True,True,3173.293840480157,609.1146810207737,0.19195029254794993,38,True,True,True,True,False,42.422820997301756,0.19267785923136505,True,True,4,False,강서구,화곡본동,11160550.0
8930e0aeb8fffff,True,382.79643307415614,437.03933674438434,0.10591837701124403,0.5530730037509426,0.2959426702476746,0.05858059492603352,0.028838610230807495,True,True,3194.9052849664986,606.1965536353588,0.18973850539100262,61,True,True,True,True,True,54.2429036702282,0.14170169568878963,True,True,4,False,강서구,화곡본동,11160550.0
8930e0aeb93ffff,True,219.87262255864005,244.77035522571578,0.05932115621239125,0.6237025647856421,0.3325933583790215,0.03699875727571815,0.028838610230807495,True,True,3176.3021434168627,535.4608000369533,0.1685799322166936,159,True,True,True,True,True,24.89773266707573,0.11323707507257072,True,True,4,False,강서구,우장산동,11160740.0
8930e0aeb97ffff,True,103.87073913350281,112.19518110799558,0.02719098829859318,0.6174229837183353,0.3293347940623,0.016788341125567742,0.028838610230807495,True,False,3183.7875077325143,563.5353321432593,0.17700155263961312,171,False,False,True,False,True,8.324441974492771,0.08014231961701501,True,False,1,True,,,
8930e0aebbbffff,True,166.9874807974879,187.02080735031734,0.04532530304809612,0.5149139307622442,0.27614138218922285,0.023338629955485104,0.028838610230807495,True,False,3195.161538791633,606.2451748531404,0.1897385053910026,49,False,False,True,False,False,20.033326552829436,0.11996903275117143,True,False,1,True,,,
8930e0aebc3ffff,True,248.06493759254508,286.9161305259835,0.06953536747982195,0.5876771387511053,0.3138992502032389,0.04086434580254841,0.028838610230807495,True,True,3061.425451007535,624.5491397962694,0.20400599321820045,76,True,True,True,True,True,38.8511929334384,0.15661702661604188,True,True,4,False,강서구,화곡1동,11160730.0
8930e0aebcfffff,True,129.41657751278555,153.86697354171903,0.03729032776448427,0.5616890373488607,0.3004136531576684,0.020945568304456662,0.028838610230807495,True,False,3061.605366331293,624.5858436005879,0.20400599321820043,101,False,False,True,False,True,24.450396028933483,0.18892785220284422,True,False,1,True,,,
8930e0aebdbffff,True,99.35684323605533,111.58094721936483,0.027042126054124038,0.5640250518219253,0.30162584443662227,0.015252436549052346,0.028838610230807495,True,False,3061.1799128673356,624.4990485441051,0.20400599321820045,164,False,False,True,False,True,12.224103983309504,0.12303233058911772,True,False,1,True,,,
8930e0aec97ffff,True,386.04961113932717,424.89061137748274,0.1029740807764862,0.3578214345287237,0.19462384190037807,0.03684633330271897,0.028838610230807495,True,True,726.4535830609105,185.57792935261824,0.2554573804573804,62,True,True,False,True,False,38.84100023815557,0.10061142173806689,True,False,3,True,강서구,방화2동,11160710.0
8930e0aed4bffff,True,354.03681190398635,379.01052651592977,0.09185484340560375,0.5090290004442468,0.27308760778372054,0.04675677912471729,0.028838610230807495,True,True,1386.8824670665292,240.52210220749768,0.17342644955072445,809,True,True,True,True,True,24.97371461194342,0.07053988108647925,True,True,4,False,강서구,발산1동,11160670.0
8930e0aed63ffff,True,270.81567830852225,298.117633143976,0.07225010017693588,0.3841553126624425,0.20828886743117037,0.027755259823363597,0.028838610230807495,True,False,1058.4942084737008,130.578988799693,0.12336296954140336,502,False,False,False,True,False,27.301954835453728,0.10081378968152069,True,False,1,True,,,
8930e0aed67ffff,True,199.6249545658123,214.3147640035578,0.05194011171145752,0.5067294276849533,0.27189432663059543,0.02631958308143941,0.028838610230807495,True,False,1967.656356438177,521.62669248472,0.265100504352783,167,False,False,True,True,False,14.68980943774551,0.07358703960482345,True,False,2,True,,,
8930e0aed7bffff,True,269.4815072166941,288.30908875647793,0.06987295694286089,0.43648713691537316,0.23544459857179467,0.030498646923800495,0.028838610230807495,True,True,1062.0395879432854,131.3585978060089,0.12368521785557363,635,True,True,False,True,False,18.827581539783807,0.0698659501137652,True,False,3,True,강서구,가양1동,11160751.0
8930e0aedc7ffff,True,96.99684709307355,104.74462964450592,0.025385314867157574,0.7030028732463097,0.37374342120729886,0.017845949289874038,0.028838610230807495,True,False,1075.2630301076592,134.36305941292315,0.12495831777966944,869,False,False,True,False,True,7.7477825514323655,0.07987664324798065,True,False,1,True,,,
8930e0aedcbffff,True,290.72425730858146,312.93085757907295,0.07584014930650988,0.4925726291053434,0.2645481616243501,0.03735678173564936,0.028838610230807495,True,True,2372.7692810054887,481.69354777382455,0.20300901214032124,75,True,True,True,True,True,22.206600270491492,0.07638372001040454,True,True,4,False,강서구,방화1동,11160700.0
8930e1c0003ffff,True,251.20013242078946,273.6209127966202,0.06631321385311327,0.486597016152944,0.26144733070449727,0.03226781199243699,0.028838610230807495,True,True,2547.0921145714624,613.1028748907515,0.24070698950512967,37,True,True,True,True,False,22.42078037583073,0.08925465189752892,True,True,4,False,중랑구,묵2동,11070650.0
8930e1c0007ffff,True,106.67819422784095,115.17069887213567,0.027912117922058118,0.5869946592227804,0.31354510182708833,0.016384264147844566,0.028838610230807495,True,False,2601.7418455463153,622.6779429187325,0.2393311788349171,170,False,False,True,False,True,8.492504644294726,0.07960862766533731,True,False,1,True,,,
8930e1c000bffff,True,331.566580047901,355.7244708761594,0.08621136691964028,0.37490177038426575,0.20348707216047532,0.032320794085420664,0.028838610230807495,True,True,2354.752006409954,563.504491873176,0.23930523908217954,36,True,True,False,True,False,24.15789082825836,0.07285984861552783,True,False,3,True,중랑구,중화2동,11070620.0
8930e1c0033ffff,True,132.20373180590576,164.14501089814542,0.03978125465395633,0.5278898534179468,0.28287477381028914,0.02100012068805902,0.028838610230807495,True,False,3105.326913723534,664.2822864487466,0.21391702223461534,59,False,False,True,False,True,31.941279092239654,0.2416064861098935,True,False,1,True,,,
8930e1c005bffff,True,338.9906321484471,361.34208448002784,0.08757281991842615,0.5080714885265794,0.2725907411720303,0.04449325297042485,0.028838610230807495,True,True,2618.6190634620116,559.4358673415022,0.21363774332334,79,True,True,True,True,True,22.35145233158073,0.06593530974564756,True,True,4,False,동대문구,이문2동,11060900.0
8930e1c007bffff,True,213.6013713500642,228.81165378905905,0.05545349576798068,0.5001617361907408,0.2684862576978291,0.027735716721159112,0.028838610230807495,True,False,2297.645927947041,548.776734510047,0.2388430383616078,111,False,False,True,True,False,15.210282438994852,0.07120873027573978,True,False,2,True,,,
8930e1c00abffff,True,110.08361395757002,117.6393005735516,0.028510394241185198,0.6135511400402387,0.3273256390702489,0.017492584889675835,0.028838610230807495,True,False,2735.182729349514,633.702351816617,0.23168556346044392,296,False,False,True,False,True,7.555686615981571,0.06863588816128248,True,False,1,True,,,
8930e1c00afffff,True,173.9421476741,215.8468414501469,0.05231141731933959,0.7007744854834745,0.3725870789656805,0.03665850655687152,0.028838610230807495,True,True,3105.8249188437353,664.3320802450619,0.21389875398784083,136,True,True,True,True,True,41.90469377604691,0.2409116728543563,True,True,4,False,중랑구,묵1동,11070640.0
8930e1c00bbffff,True,235.43934977836676,252.19207401436498,0.06111984192014335,0.5955014073087607,0.31795937492384485,0.036396951877934354,0.028838610230807495,True,True,2575.897308208892,620.5290942013972,0.2408982268912234,117,True,True,True,True,True,16.752724235998215,0.07115515843791008,True,True,4,False,중랑구,묵2동,11070650.0
8930e1c00cbffff,True,342.27741287137064,368.1749808435634,0.08922880196000382,0.6251399175859065,0.3333392212789951,0.05578048590356596,0.028838610230807495,True,True,2600.2570837157855,601.3018386489364,0.2312470726124018,89,True,True,True,True,True,25.897567972192746,0.07566250940994802,True,True,4,False,동대문구,이문2동,11060900.0
8930e1c010fffff,True,191.38541446570264,209.32991247748816,0.05073201134407085,0.5680905465333609,0.30373548771608794,0.028820376051189874,0.028838610230807495,True,False,3040.9098744350977,768.9167976271519,0.2528574766688841,17,False,True,True,True,True,17.944498011785527,0.09376105311829436,True,False,3,True,,,
8930e1c014fffff,True,209.5363722283444,233.77139653764925,0.05665551091434544,0.6061412803782721,0.32348055704525425,0.03434124392610651,0.028838610230807495,True,True,3129.249045437959,766.5061531798316,0.2449489133174934,21,True,True,True,True,True,24.235024309304862,0.11566022667842363,True,True,4,False,중랑구,신내2동,11070700.0
8930e1c0177ffff,True,322.51809259920685,356.0394242329394,0.0862876972303919,0.37842738091158584,0.20531656182480892,0.03265362726778911,0.028838610230807495,True,True,2135.464881982609,495.1743753351342,0.23188130112231312,2,True,True,False,True,False,33.52133163373253,0.1039362826549687,True,False,3,True,중랑구,신내1동,11070690.0
8930e1c018bffff,True,226.8977711467404,275.2587156765169,0.0667101424778802,0.4626803036924244,0.24903660696961588,0.03086546898103051,0.028838610230807495,True,True,3046.645518155933,654.0440628014994,0.21467678432027687,2,True,True,True,True,False,48.360944529776475,0.21313979544779332,True,True,4,False,중랑구,묵1동,11070640.0
8930e1c01d3ffff,True,150.637038326921,181.39387936872797,0.04396159266950911,0.6840310970913187,0.36389869555747223,0.03007109646360599,0.028838610230807495,True,True,3106.140079729108,664.3994927657488,0.21389875398784086,51,True,True,True,True,True,30.75684104180698,0.20417847684350213,True,True,4,False,중랑구,묵1동,11070640.0
8930e1c0223ffff,True,146.38781570669715,157.1984117295987,0.038097716244894386,0.5533086424092984,0.29606494651348414,0.02107979565435719,0.028838610230807495,True,False,2421.362229888181,578.7723897171544,0.23902759470394574,122,False,False,True,False,True,10.810596022901535,0.07384901517050887,True,False,1,True,,,
8930e1c0227ffff,True,304.95785545907574,331.9063274673531,0.08043893665724185,0.4887470304372148,0.26256300382855985,0.03931429142275417,0.028838610230807495,True,True,2446.446465978532,588.8879607703311,0.240711566330877,35,True,True,True,True,True,26.94847200827735,0.08836785649515344,True,True,4,False,중랑구,면목2동,11070520.0
8930e1c0233ffff,True,122.62636756607677,130.9018122771591,0.03172462142083229,0.5539333687802686,0.2963891259513063,0.017573326416920297,0.028838610230807495,True,False,2436.0936602411352,587.6359579340617,0.24122059324923284,184,False,False,True,False,True,8.275444711082343,0.06748503503231595,True,False,1,True,,,
8930e1c0237ffff,True,198.36136068586512,214.66511667109341,0.052025021198560825,0.5823886995305182,0.31115500354878073,0.030298784438877478,0.028838610230807495,True,True,2431.130145141181,558.9723444686159,0.22992283880226214,103,True,True,True,True,True,16.303755985228293,0.08219219675069546,True,True,4,False,중랑구,면목2동,11070520.0
8930e1c0247ffff,True,233.9474342106795,255.60641148759962,0.06194732140157319,0.44496483138675885,0.2398437953329207,0.027564379422312373,0.028838610230807495,True,False,2522.295107107242,474.7000869527311,0.1882016444527591,104,False,False,False,True,False,21.658977276920126,0.09258052925434226,True,False,1,True,,,
8930e1c0277ffff,True,276.02160236679913,295.5007783756222,0.07161589408463559,0.4050775994915445,0.21914574093193123,0.029009994461244883,0.028838610230807495,True,True,2177.522305090842,432.99523070595023,0.19884766722878022,35,True,True,False,True,False,19.47917600882306,0.07057120110091096,True,False,3,True,중랑구,면목5동,11070550.0
8930e1c029bffff,True,230.3920844595901,251.528992641218,0.06095914127613886,0.4291960412757617,0.23166114489448897,0.026163422115288687,0.028838610230807495,True,False,2775.1824401046815,375.3918848352444,0.1352674618469712,23,False,False,False,True,False,21.136908181627888,0.09174320476854413,True,False,1,True,,,
8930e1c02afffff,True,242.5586473334901,262.2771227322457,0.06356399717681768,0.4654046299620907,0.25045029878667985,0.02958297858498821,0.028838610230807495,True,True,2419.299070662119,493.893075839014,0.20414717710111147,202,True,True,True,True,False,19.7184753987556,0.08129364017950255,True,True,4,False,중랑구,면목2동,11070520.0
8930e1c030bffff,True,180.72394859887638,204.44678225093847,0.04954856357439514,0.5066467018148374,0.27185139899489164,0.025103616314630088,0.028838610230807495,True,False,2783.2592319031164,625.1385899698155,0.22460667077078653,39,False,False,True,True,False,23.722833652062093,0.13126557844702597,True,False,2,True,,,
8930e1c032bffff,True,164.89804847879782,184.42924956381634,0.04469722778896313,0.5109013817977398,0.2740592132141451,0.022835875439909597,0.028838610230807495,True,False,2414.965014179729,631.8846601308576,0.26165375333418006,76,False,False,True,False,False,19.531201085018523,0.11844410085623176,True,False,1,True,,,
8930e1c032fffff,True,269.5627164302591,296.9645356762269,0.0719706420090978,0.4781581448961749,0.25706827986400743,0.034413348670056916,0.028838610230807495,True,True,2335.2565521108986,595.8090626294244,0.2551364483233575,96,True,True,True,True,False,27.401819245967772,0.10165285321665443,True,True,4,False,중랑구,망우3동,11070680.0
8930e1c034fffff,True,242.86956596426504,276.4069380359636,0.06698841914209669,0.573229485003915,0.3064021562958053,0.03839973700605049,0.028838610230807495,True,True,2790.276695562295,629.2993640971423,0.22553296061927874,38,True,True,True,True,True,33.53737207169857,0.13808799772233768,True,True,4,False,중랑구,면목본동,11070710.0
8930e1c0357ffff,True,259.28046778627305,287.7356528013401,0.06973398225435679,0.530534217649204,0.2842469721834021,0.03699626371887866,0.028838610230807495,True,True,2790.1719726590463,629.2757456307279,0.22553296061927872,38,True,True,True,True,True,28.45518501506706,0.10974673587261072,True,True,4,False,중랑구,면목본동,11070710.0
8930e1c035bffff,True,125.01050574768867,136.3762597208391,0.03305137748033793,0.574415905031008,0.30701780659532235,0.01898523690788979,0.028838610230807495,True,False,2786.4653931857306,628.4373229556924,0.2255320753283097,101,False,False,True,False,True,11.365753973150433,0.09091839045984001,True,False,1,True,,,
8930e1c0367ffff,True,224.4145468577617,248.29491651407872,0.06017534891303231,0.4366990556602794,0.23555456623568727,0.026278518044349032,0.028838610230807495,True,False,2443.7281392082696,625.9106883666034,0.25612942713398096,117,False,False,False,True,False,23.880369656317015,0.10641186139975524,True,False,1,True,,,
8930e1c036bffff,True,69.83228961691991,96.49913613122509,0.02338698378536241,0.6028702965667223,0.32178319682095813,0.014099317850482563,0.028838610230807495,True,False,2483.107702965321,621.3933819451402,0.25024825995387706,69,False,False,True,False,True,26.666846514305178,0.38186985792091194,True,False,1,True,,,
8930e1c0383ffff,True,171.14331341051806,194.36530624187225,0.04710527417918303,0.507029130451968,0.272049846677514,0.02388374620677271,0.028838610230807495,True,False,2570.7535047511133,572.6498121711026,0.2227556283061621,108,False,False,True,False,False,23.221992831354186,0.13568740939152005,True,False,1,True,,,
8930e1c0387ffff,True,203.08536278778556,237.49140827214302,0.05755707187751983,0.5007487801372538,0.2687908831873245,0.028821633530940288,0.028838610230807495,True,False,2524.4741758822383,534.4731130428711,0.21171660940286172,15,False,True,True,True,False,34.40604548435746,0.169416668006301,True,False,3,True,,,
8930e1c038bffff,True,293.1976376872809,324.640526114081,0.07867803821556499,0.44583065526217286,0.24029308370976452,0.035077081332387613,0.028838610230807495,True,True,2524.9646506969225,535.0328635289941,0.21189716987971224,65,True,True,False,True,False,31.442888426800096,0.10724127477567363,True,False,3,True,중랑구,상봉1동,11070590.0
8930e1c038fffff,True,321.10894857835797,368.95703219671384,0.08941833549417535,0.4310368429109147,0.23261636315796538,0.03854259702975833,0.028838610230807495,True,True,2524.4203775601504,534.4617230445272,0.21171660940286174,36,True,True,False,True,False,47.84808361835587,0.14900887636483864,True,False,3,True,중랑구,상봉1동,11070590.0
8930e1c03a3ffff,True,252.16397157108122,273.75710709616385,0.06634622113175621,0.5604884266137213,0.2997906390970384,0.03718628909390407,0.028838610230807495,True,True,2932.9236221112487,697.0609868804981,0.23766762339986292,72,True,True,True,True,True,21.59313552508263,0.08563132707082959,True,True,4,False,중랑구,상봉1동,11070590.0
8930e1c03b7ffff,True,259.0750148738407,292.9428569652794,0.07099597074701557,0.6260149209300653,0.3337932730132951,0.04444453701354618,0.028838610230807495,True,True,3076.3791532305027,773.1400204194405,0.2513149328838635,151,True,True,True,True,True,33.86784209143872,0.13072600655038472,True,True,4,False,중랑구,신내2동,11070700.0
8930e1c03cbffff,True,255.066468272431,278.01465065082635,0.06737805526074742,0.4294557914136172,0.23179593295143214,0.028935896045914716,0.028838610230807495,True,True,2421.7486035587362,505.7212079463777,0.20882481658221058,73,True,True,False,True,False,22.94818237839536,0.08996942065267827,True,False,3,True,중랑구,면목2동,11070520.0
8930e1c03d7ffff,True,381.7342074051537,426.998221182387,0.1034848691452664,0.4674314426825754,0.25150204085941674,0.04837208168038941,0.028838610230807495,True,True,2560.1578549321666,563.6303506877264,0.22015453055048442,41,True,True,True,True,True,45.26401377723329,0.11857468599661626,True,True,4,False,중랑구,상봉1동,11070590.0
8930e1c0437ffff,True,356.48324526911364,395.5822029951982,0.095871061007696,0.4933269514382068,0.2649395902580167,0.04729577825807301,0.028838610230807495,True,True,2665.6074223944875,674.3230341784663,0.25297162234517223,28,True,True,True,True,True,39.09895772608456,0.10967965043228967,True,True,4,False,노원구,월계3동,11110530.0
8930e1c044bffff,True,302.78652308890906,331.5434270712394,0.08035098617374664,0.5527364769425067,0.29576804167964826,0.04441292101653278,0.028838610230807495,True,True,2392.073130234748,566.3039249800127,0.23674189464451614,108,True,True,True,True,True,28.756903982330357,0.09497418738774675,True,True,4,False,성북구,장위2동,11080770.0
8930e1c0487ffff,True,253.10770627823973,325.44936343974985,0.07887406344624362,0.3872573942644107,0.20989858188622507,0.03054456428523811,0.028838610230807495,True,True,2173.339523573003,526.409041097724,0.2422120590860555,15,True,True,False,True,False,72.34165716151011,0.2858137281761993,True,False,3,True,노원구,월계1동,11110510.0
8930e1c048fffff,True,340.4797758706684,463.0126959536839,0.11221313316173694,0.3572890605797542,0.19434758545354344,0.04009252493206785,0.028838610230807495,True,True,1918.9002799355392,429.7137085809527,0.2239374880884315,8,True,True,False,True,False,122.53292008301548,0.35988310838632526,True,False,3,True,노원구,월계1동,11110510.0
8930e1c0497ffff,True,135.93844885406065,150.93605409043897,0.03658000673539155,0.6127795869390257,0.3269252691447521,0.02241548141754001,0.028838610230807495,True,False,2808.279423188363,767.7407525254638,0.273384744475966,15,False,False,True,False,True,14.99760523637832,0.11032644084735209,True,False,1,True,,,
8930e1c04dbffff,True,235.19925785583243,262.0093561279825,0.06349910278000517,0.5044801937819782,0.27072716702908106,0.03203403967543876,0.028838610230807495,True,True,2866.819528275255,582.8670366210995,0.20331486892436715,146,True,True,True,True,True,26.8100982721501,0.11398887273948627,True,True,4,False,성북구,장위1동,11080760.0
8930e1c050bffff,True,204.52448349272856,235.20252364348187,0.057002350769713536,0.5503089122348755,0.29450834367622525,0.031368901646911876,0.028838610230807495,True,True,2583.417573830581,564.860470770394,0.21864853614541419,117,True,True,True,True,True,30.678040150753304,0.14999690808090463,True,True,4,False,노원구,공릉1동,11110790.0
8930e1c050fffff,True,209.8770738792074,234.15283994841639,0.05674795537779134,0.5181415802081,0.2778162555921491,0.02940347527302755,0.028838610230807495,True,True,1640.5844769525922,291.4873375629341,0.17767286089673098,148,True,True,True,True,True,24.275766069209,0.11566659292753752,True,True,4,False,노원구,공릉2동,11110560.0
8930e1c0547ffff,True,189.28379504904487,203.52536482764344,0.04932525406923183,0.601239489385341,0.320936947679217,0.029656290570387156,0.028838610230807495,True,True,2583.362667489078,564.8484655791992,0.21864853614541419,276,True,True,True,True,True,14.241569778598574,0.07523924472725452,True,True,4,False,노원구,공릉1동,11110790.0
8930e1c054fffff,True,166.71606871832103,182.05104014625212,0.044120858431509646,0.5496303233378897,0.2941562142042524,0.024250161685655906,0.028838610230807495,True,False,2584.6329729864983,565.2928516373183,0.21871300782181552,207,False,False,True,False,True,15.334971427931094,0.09198256380337667,True,False,1,True,,,
8930e1c057bffff,True,104.97170550777518,115.0960881493284,0.027894035690087304,0.5690048016618032,0.3042099077619461,0.015871840245385387,0.028838610230807495,True,False,2571.95240602686,561.5272672474738,0.21832723884456262,279,False,False,True,False,True,10.124382641553211,0.09644868198129167,True,False,1,True,,,
8930e1c05b3ffff,True,346.6385653026623,384.13391637748805,0.09309651913890166,0.3203248651046255,0.17516633640515275,0.029821129934878857,0.028838610230807495,True,True,2210.460682864555,458.84663224554686,0.20757963975677846,13,True,True,False,False,False,37.49535107482575,0.1081684348713111,True,False,2,True,노원구,하계1동,11110580.0
8930e1c05b7ffff,True,357.727466168211,417.14820037134143,0.10109767392022163,0.300898147416078,0.16508553509493543,0.030420102790669434,0.028838610230807495,True,True,2190.160862441331,452.88663232173985,0.20678236018559643,5,True,True,False,False,False,59.42073420313045,0.16610615572691187,True,False,2,True,노원구,하계1동,11110580.0
8930e1c060bffff,True,310.1287937253637,364.24050791091713,0.08827526539616747,0.326817799994646,0.17853561306814048,0.028849928030718952,0.028838610230807495,True,True,2594.381328985797,331.36408680287093,0.12772374018448887,17,True,True,False,False,False,54.11171418555341,0.17448142604092523,True,False,2,True,동대문구,이문1동,11060890.0
8930e1c0637ffff,True,151.46666555800536,163.03219555541233,0.03951155903366382,0.5323379605232782,0.2851829601263875,0.02103350275307571,0.028838610230807495,True,False,2602.3318902004794,599.0258947700465,0.23018812359245175,124,False,False,True,False,True,11.56552999740697,0.07635693276008547,True,False,1,True,,,
8930e1c064bffff,True,370.3307617577991,432.9845151058002,0.10493567341703622,0.3813934847576738,0.20685571547995837,0.04002178215991664,0.028838610230807495,True,True,2078.6716306184912,276.1535213013465,0.13285095983110104,75,True,True,False,True,False,62.65375334800109,0.16918322704441555,True,False,3,True,동대문구,회기동,11060710.0
8930e1c0697ffff,True,283.9047582720152,331.958622378497,0.08045161055555859,0.45644105000411545,0.24579896910591428,0.03672141759650134,0.028838610230807495,True,True,2217.7527835348765,503.61964921585394,0.22708556740627084,91,True,True,True,True,False,48.0538641064818,0.1692605097532052,True,True,4,False,성북구,월곡2동,11080720.0
8930e1c0c43ffff,True,334.95820631535616,377.9295344630981,0.09159286029751353,0.436011303018258,0.23519768156551563,0.03993552236548815,0.028838610230807495,True,True,2136.1500317686778,495.3332487589915,0.23188130112231312,16,True,True,False,True,False,42.97132814774193,0.12828862627502047,True,False,3,True,중랑구,신내1동,11070690.0
8930e1c0c47ffff,True,299.8921940448526,372.1803951713778,0.09019953147835796,0.36199051004868377,0.1967872347409908,0.0326513744060031,0.028838610230807495,True,True,2136.321351737874,495.372974656357,0.23188130112231312,0,True,True,False,True,False,72.28820112652522,0.2410472915334156,True,False,3,True,중랑구,신내1동,11070690.0
8930e1c0e53ffff,True,373.7770642679002,440.9476970825456,0.10686558507465749,0.3480304702477814,0.18954317067562448,0.037192479826837335,0.028838610230807495,True,True,1951.9964329792158,422.47841901232033,0.21643401180171046,14,True,True,False,True,False,67.17063281464539,0.17970774356155156,True,False,3,True,중랑구,망우본동,11070730.0
8930e1c0e87ffff,True,377.18349893162133,430.2949240509024,0.1042838393705157,0.3071592884930296,0.16833453063725484,0.03203174990236899,0.028838610230807495,True,True,1952.3193835137533,422.54831649212383,0.21643401180171049,3,True,True,False,False,False,53.11142511928108,0.14081057434834793,True,False,2,True,중랑구,망우본동,11070730.0
8930e1c0ecfffff,True,187.85778188986615,213.98424931493577,0.051860010044504606,0.5210676316841701,0.2793346255003668,0.02702257261300729,0.028838610230807495,True,False,1952.0380467143939,422.487425639971,0.21643401180171046,120,False,False,True,True,True,26.12646742506962,0.1390757793594442,True,False,2,True,,,
8930e1c10a7ffff,True,137.23335724790903,156.14567865704805,0.0378425818231253,0.6709970553172109,0.3571351450956609,0.025392260968917685,0.028838610230807495,True,False,2799.7679732953384,617.1780803041577,0.2204390100147251,210,False,False,True,True,True,18.912321409139025,0.13781140233255632,True,False,2,True,,,
8930e1c1113ffff,True,159.54569636726558,172.45835844561083,0.04179603045495694,0.5214623709058082,0.27953946132114105,0.02179505713549321,0.028838610230807495,True,False,2403.938437041182,504.85557811913145,0.21001185818240764,165,False,False,True,False,True,12.91266207834525,0.08093394163776751,True,False,1,True,,,
8930e1c1117ffff,True,142.37158793502962,152.0713238239945,0.03685514427459782,0.5796248382989434,0.3097207964752439,0.02136215704064799,0.028838610230807495,True,False,2663.634150829853,526.730737278339,0.1977489052369435,265,False,False,True,False,True,9.69973588896488,0.06812971625624696,True,False,1,True,,,
8930e1c1127ffff,True,136.44611419460583,145.53141250098466,0.035270168427135824,0.5218265316485152,0.2797284295323986,0.018404909660991255,0.028838610230807495,True,False,2482.8855917874525,562.0932607472369,0.22638709677419355,98,False,False,True,False,False,9.085298306378832,0.0665852476635645,True,False,1,True,,,
8930e1c1147ffff,True,286.32821679351736,306.723852369037,0.07433585469805484,0.4337851265673112,0.23404248680522377,0.03224578813868498,0.028838610230807495,True,True,2385.1521242660315,503.27974470452887,0.2110053021709884,73,True,True,False,True,False,20.395635575519634,0.07123166484925143,True,False,3,True,동대문구,장안1동,11060870.0
8930e1c1157ffff,True,199.84286750783858,214.86675976951466,0.05207389027721034,0.5027016901651097,0.2698042760971907,0.02617763265582611,0.028838610230807495,True,False,2385.011812786372,503.2501382383653,0.21100530217098842,109,False,False,True,True,False,15.023892261676082,0.07517852625431723,True,False,2,True,,,
8930e1c1187ffff,True,225.17033055808437,252.38076114592388,0.06116557106408381,0.46429471822247675,0.249874349730421,0.02839885158211567,0.028838610230807495,True,False,2806.208128627097,540.4771811479113,0.1926005329520349,90,False,False,False,True,False,27.21043058783951,0.12084376534154607,True,False,1,True,,,
8930e1c11a3ffff,True,256.78915536727135,272.637290067486,0.06607482862253573,0.6342164007712797,0.33804913805722764,0.041905739990563746,0.028838610230807495,True,True,2808.659129886503,538.963935502305,0.19189367971615853,101,True,True,True,True,True,15.848134700214644,0.06171652645357212,True,True,4,False,동대문구,장안2동,11060880.0
8930e1c11c7ffff,True,263.99813555900516,285.16734121344086,0.06911154081218389,0.48262710573811113,0.259387287481916,0.03335510291528566,0.028838610230807495,True,True,2384.922525155348,503.231298074801,0.21100530217098842,133,True,True,True,True,False,21.1692056544357,0.0801869513571025,True,True,4,False,동대문구,장안1동,11060870.0
8930e1c11cbffff,True,291.2642475404008,309.9539415409819,0.075118680805294,0.5099965031148632,0.2735896587398292,0.03831026452930154,0.028838610230807495,True,True,2384.6801707861064,503.18016001788664,0.21100530217098842,80,True,True,True,True,True,18.689694000581085,0.06416748419487589,True,True,4,False,동대문구,장안1동,11060870.0
8930e1c11d3ffff,True,352.85758867198024,395.9074225604693,0.09594987937856032,0.545799762937256,0.2921684816945892,0.05236942141867653,0.028838610230807495,True,True,2685.1953971977373,633.0468231203696,0.2357544720138488,20,True,True,True,True,True,43.04983388848905,0.12200342367727446,True,True,4,False,동대문구,답십리2동,11060860.0
8930e1c11d7ffff,True,282.2007002953963,316.6361735647273,0.07673814869127435,0.517075071274183,0.2772628288717553,0.03967938370398953,0.028838610230807495,True,True,2660.8743346271026,622.4958586506361,0.23394410271459637,119,True,True,True,True,True,34.435473269331,0.1220247619275407,True,True,4,False,동대문구,답십리2동,11060860.0
8930e1c11dbffff,True,248.16433838203957,266.845657321772,0.06467120133067485,0.5383071561924228,0.28828046102629146,0.0348129704758632,0.028838610230807495,True,True,2651.756868405515,618.609946495158,0.23328305617517808,80,True,True,True,True,True,18.68131893973245,0.07527801561469025,True,True,4,False,동대문구,답십리2동,11060860.0
8930e1c1287ffff,True,271.75162086100244,294.6952508796586,0.07142067100552796,0.5165363857070739,0.27698329723610954,0.036891375265969424,0.028838610230807495,True,True,1559.804465396542,276.1554445136859,0.17704491212844436,286,True,True,True,True,True,22.943630018656165,0.08442867772402927,True,True,4,False,성동구,성수1가2동,11040660.0
8930e1c130bffff,True,319.46614013265787,353.3751696010889,0.08564200357578308,0.3824437111798519,0.2074006929724227,0.032753245680400625,0.028838610230807495,True,True,2349.192015199184,210.85584953899837,0.08975675388591862,264,True,True,False,True,False,33.909029468431015,0.10614279639886198,True,False,3,True,광진구,화양동,11050530.0
8930e1c130fffff,True,327.93634069899036,369.89360618108236,0.08964531825759028,0.4257744823414939,0.22988564908811882,0.03816868897546397,0.028838610230807495,True,True,2349.3805414692038,210.8727710450176,0.08975675388591864,214,True,True,False,True,False,41.957265482092,0.127943323977638,True,False,3,True,광진구,화양동,11050530.0
8930e1c134bffff,True,363.9121167785872,389.33548580394665,0.09435714202851592,0.39519565604014006,0.21401785931602973,0.03728953264603202,0.028838610230807495,True,True,2095.223380816303,414.12647873933383,0.19765266201734988,215,True,True,False,True,False,25.423369025359477,0.06986128752846024,True,False,3,True,광진구,자양4동,11050670.0
8930e1c134fffff,True,206.56983168827705,224.13585535414995,0.05432029575640609,0.5103289507475811,0.2737621705653064,0.027721219537665,0.028838610230807495,True,False,2122.5845238466986,392.36746913435144,0.18485363702891566,389,False,False,True,True,True,17.566023665872905,0.08503673320691284,True,False,2,True,,,
8930e1c1373ffff,True,183.1966936402138,195.91234707916072,0.04748020622963951,0.5511450496784552,0.2949422273395334,0.026168480621177968,0.028838610230807495,True,False,2349.3301451533066,210.86824763529486,0.08975675388591864,268,False,False,True,True,True,12.71565343894693,0.06940984133654526,True,False,2,True,,,
8930e1c13abffff,True,232.6152407865353,256.81726516354854,0.06224077703673406,0.4389618552929325,0.23672876528811168,0.027321326962918533,0.028838610230807495,True,False,2312.638875293332,388.8315232894017,0.1681332643169733,130,False,False,False,True,False,24.20202437701323,0.10404315854446859,True,False,1,True,,,
8930e1c1407ffff,True,314.3624991490643,355.22042037213566,0.08608920809587033,0.3523812975360837,0.19180087710506957,0.030336226852676708,0.028838610230807495,True,True,1901.0237361154614,344.67400758405006,0.18130968121858096,60,True,True,False,True,False,40.857921223071344,0.1299707227600877,True,False,3,True,동대문구,용신동,11060810.0
8930e1c1437ffff,True,394.44312719938017,438.5613245904738,0.10628723736072539,0.41805516964040024,0.22587998746072838,0.04443392904544754,0.028838610230807495,True,True,1991.3581752675216,357.82532406587575,0.1796890828129425,57,True,True,False,True,False,44.118197391093645,0.11184932465255785,True,False,3,True,동대문구,용신동,11060810.0
8930e1c1443ffff,True,183.9557777853524,203.41982505017168,0.04929967604684325,0.5303353160070368,0.284143759280064,0.026145359275347158,0.028838610230807495,True,False,2803.7567776708984,483.64023828953094,0.17249721592872777,162,False,False,True,True,True,19.46404726481927,0.10580829533677799,True,False,2,True,,,
8930e1c144bffff,True,240.51471753078013,265.6410198729383,0.0643792522250911,0.7747085537359379,0.41095252309567426,0.049875157381901486,0.028838610230807495,True,True,4787.155857133356,880.7075645253753,0.18397302924930473,277,True,True,True,True,True,25.12630234215814,0.10446887658316617,True,True,4,False,성동구,왕십리2동,11040520.0
8930e1c144fffff,True,208.51509598478623,227.12765684702228,0.055045371812088906,0.6165510651408443,0.3288823430574885,0.03393828262181722,0.028838610230807495,True,True,2917.114647213087,506.30787615996394,0.17356461345928703,404,True,True,True,True,True,18.61256086223605,0.08926241418795917,True,True,4,False,성동구,왕십리도선동,11040710.0
8930e1c1453ffff,True,245.80397108069565,279.5690678296645,0.06775477499954115,0.4579388657585219,0.24657620709647746,0.03102754481301373,0.028838610230807495,True,True,2803.591830971716,483.6117854431453,0.17249721592872777,8,True,True,False,True,False,33.76509674896886,0.1373659530418409,True,False,3,True,성동구,왕십리도선동,11040710.0
8930e1c1507ffff,True,301.95498484012234,342.8537876842997,0.08309210107766182,0.376517016248199,0.20432524631230642,0.03128558997155499,0.028838610230807495,True,True,2289.9985745557383,527.04468948697,0.23015066268729759,38,True,True,False,True,False,40.89880284417734,0.13544668873684015,True,False,3,True,동대문구,전농2동,11060840.0
8930e1c150bffff,True,329.88691215358443,363.18560397921385,0.08801960485727611,0.48958795739850336,0.26299937284102315,0.043093338553097195,0.028838610230807495,True,True,2161.448505225259,435.99671367624904,0.20171505942530465,20,True,True,True,True,True,33.29869182562942,0.10093971782101695,True,True,4,False,동대문구,전농1동,11060830.0
8930e1c153bffff,True,248.41756637670673,294.3013087562606,0.07132519742491733,0.4488835210831014,0.2418772593930132,0.03201670576204425,0.028838610230807495,True,True,2325.2334899954935,551.9664501712862,0.2373810856183548,125,True,True,False,True,False,45.883742379553865,0.18470409741465138,True,False,3,True,동대문구,전농2동,11060840.0
8930e1c154bffff,True,185.8739901225961,202.88472968599064,0.049169993366692546,0.5343475485355392,0.2862257640519802,0.02627386541700089,0.028838610230807495,True,False,3133.4284724443273,539.7004515090455,0.1722395951448145,98,False,False,True,True,True,17.010739563394537,0.0915175896970568,True,False,2,True,,,
8930e1c154fffff,True,238.22641739827435,255.66094470431676,0.06196053776294448,0.5443089584879498,0.2913948819703958,0.033725675777101595,0.028838610230807495,True,True,3235.033620506867,557.0797967443233,0.17220216606498195,11,True,True,True,True,True,17.434527306042412,0.07318469335369648,True,True,4,False,동대문구,답십리1동,11060910.0
8930e1c1553ffff,True,275.59196102657165,308.6839782680076,0.07481089970316407,0.4391686209891064,0.23683605896140814,0.032854599657592916,0.028838610230807495,True,True,2336.270279950985,455.68429361979577,0.19504776374990143,162,True,True,False,True,False,33.09201724143594,0.12007613399958832,True,False,3,True,동대문구,전농1동,11060830.0
8930e1c155bffff,True,170.68755744285974,183.11524459277135,0.04437877299046705,0.5204610720746943,0.2790198730545878,0.02309742376797797,0.028838610230807495,True,False,3129.824234275044,543.859279441544,0.17376671618990042,60,False,False,True,False,True,12.427687149911606,0.07280956700122657,True,False,1,True,,,
8930e1c1563ffff,True,141.9100610730927,166.62348311892242,0.040381923136220875,0.5966083562805532,0.3185337865575594,0.024092192785748378,0.028838610230807495,True,False,2808.106110631307,616.0719674428431,0.21939055832343185,233,False,False,True,False,True,24.71342204582973,0.17414848432135302,True,False,1,True,,,
8930e1c1567ffff,True,193.9892806641664,232.70394291989595,0.05639680890466035,0.4763083937097971,0.2561084175505603,0.026862273459737154,0.028838610230807495,True,False,2651.213261129268,625.393638191024,0.23588960094618772,24,False,False,True,True,False,38.714662255729564,0.19957114188568112,True,False,2,True,,,
8930e1c1577ffff,True,107.16230951888411,138.514367487013,0.03356955716218366,0.5783893102035406,0.30907966329759495,0.019416273010873734,0.028838610230807495,True,False,2331.288709777612,535.7090264364872,0.22979094103174805,180,False,False,True,False,True,31.35205796812889,0.2925660907168489,True,False,1,True,,,
8930e1c158bffff,True,189.96202169381564,209.81877254864975,0.050850488700614434,0.5661163828315496,0.30271106597120745,0.02878729472840843,0.028838610230807495,True,False,2304.688689116208,670.9202446682705,0.29111100680827834,170,False,False,True,True,True,19.856750854834104,0.1045301091122287,True,False,2,True,,,
8930e1c1597ffff,True,359.5048989275152,443.8339383480268,0.10756507815182517,0.3800394927025757,0.20615310966142095,0.040878977733332544,0.028838610230807495,True,True,2214.855525281728,510.8747147262461,0.23065825689071218,27,True,True,False,True,False,84.32903942051155,0.23456993123622022,True,False,3,True,동대문구,청량리동,11060800.0
8930e1c159bffff,True,356.4060805943564,423.7889639903822,0.10270709175863352,0.5318179235533872,0.2849131055142247,0.054621472273283685,0.028838610230807495,True,True,2367.2778558376804,773.6227006516517,0.32679843590979696,31,True,True,True,True,True,67.38288339602576,0.1890621037768365,True,True,4,False,동대문구,청량리동,11060800.0
8930e1c15d3ffff,True,208.09713926203594,224.64991464704286,0.054444880253527936,0.4851523078374757,0.2606976509226142,0.02641405930493409,0.028838610230807495,True,False,1895.6644862067042,522.7522594221774,0.27576201549685847,327,False,False,True,True,False,16.552775385006925,0.07954350282616653,True,False,2,True,,,
8930e1c15d7ffff,True,295.031805049122,325.1016145088385,0.07878978498599357,0.6399661020166499,0.3410327401652593,0.05042279157621627,0.028838610230807495,True,True,2358.8604996023532,759.9015109450073,0.3221477111822036,250,True,True,True,True,True,30.06980945971651,0.10192056905427524,True,True,4,False,동대문구,청량리동,11060800.0
8930e1c1603ffff,True,195.39225138132542,262.5535233292159,0.06363098405917503,0.4558843953778907,0.2455101130688137,0.02900837269511721,0.028838610230807495,True,True,2879.476310286602,540.4285392839417,0.18768292600752512,13,True,True,False,True,False,67.1612719478905,0.34372536000324433,True,False,3,True,성동구,응봉동,11040580.0
8930e1c1617ffff,True,111.58852019847298,134.72168774903844,0.0326503847934853,0.5748541465813855,0.30724521639589,0.018769209086012838,0.028838610230807495,True,False,3932.221709701074,770.7066437019341,0.19599775918040058,32,False,False,True,False,True,23.13316755056546,0.2073077724251605,True,False,1,True,,,
8930e1c161bffff,True,171.92796939617182,261.2787814990605,0.0633220448530061,0.5172426843539388,0.2773498056931155,0.03275286445854939,0.028838610230807495,True,True,2883.016139134334,553.9774391781631,0.1921520423206866,28,True,True,True,True,True,89.35081210288871,0.5196991066473807,True,True,4,False,성동구,응봉동,11040580.0
8930e1c1657ffff,True,337.8703059309486,521.4189208511877,0.1263681348478107,0.36755429799242656,0.19967436378112294,0.04644715109259936,0.028838610230807495,True,True,2514.6039827448476,485.14971178417363,0.1929328495115968,30,True,True,False,True,False,183.54861492023917,0.5432516906583423,True,False,3,True,성동구,응봉동,11040580.0
8930e1c1683ffff,True,318.89621737855845,422.77165447971686,0.10246054239058248,0.696687756382623,0.3704664168582235,0.07138300539584155,0.028838610230807495,True,True,4193.212739183476,827.9677465157828,0.1974542666959962,38,True,True,True,True,True,103.87543710115841,0.32573430301259715,True,True,4,False,성동구,행당2동,11040570.0
8930e1c1687ffff,True,296.8600822335754,342.7233460502034,0.08306048798241715,0.5844403149579984,0.3122196161004728,0.04854389775700892,0.028838610230807495,True,True,3931.8726646299137,733.9619183631543,0.18666980875695224,89,True,True,True,True,True,45.863263816628034,0.15449454662800338,True,True,4,False,성동구,행당2동,11040570.0
8930e1c168bffff,True,224.20047861126793,326.68516287399757,0.07917356479402159,0.8291017984312699,0.4391779547502932,0.06564294495893797,0.028838610230807495,True,True,4155.4138674606775,823.0681542650539,0.19807128255266201,223,True,True,True,True,True,102.48468426272964,0.45711179966044435,True,True,4,False,성동구,행당2동,11040570.0
8930e1c168fffff,True,41.543814699117625,48.79727918490241,0.011826232055748322,0.6735593205631178,0.3584647411325298,0.007965668828291604,0.028838610230807495,True,False,4056.490903928267,798.6584442756152,0.19688407127998292,111,False,False,True,False,True,7.253464485784782,0.17459794047124044,True,False,1,True,,,
8930e1c169bffff,True,87.96357301854296,109.33404191708435,0.026497578817968263,0.7254992528157386,0.38541711391619826,0.019223973633862117,0.028838610230807495,True,False,4371.430498628621,853.5500505023892,0.19525646141924477,17,False,False,True,False,True,21.37046889854139,0.2429468036051291,True,False,1,True,,,
8930e1c16a3ffff,True,170.37648555743004,184.84300362646457,0.044797502878898894,0.6554573478691229,0.3490713689233521,0.02936285242816247,0.028838610230807495,True,True,2604.1169471971143,440.4834357100639,0.1691488687496039,211,True,True,True,True,True,14.466518069034521,0.0849091235900519,True,True,4,False,성동구,행당1동,11040560.0
8930e1c16a7ffff,True,247.58729130665017,269.1087019343538,0.06521965999861598,0.47028154602392225,0.25298100019564274,0.030671602535303683,0.028838610230807495,True,True,2276.458775497781,359.28801058014574,0.15782759364995844,315,True,True,True,True,False,21.52141062770363,0.08692453685374427,True,True,4,False,성동구,행당1동,11040560.0
8930e1c16cbffff,True,164.996013259797,240.2606588273261,0.05822821174911,0.5903449167978606,0.3152835983396693,0.03437472882031655,0.028838610230807495,True,True,3554.560909956011,724.9176677405304,0.2039401450992442,110,True,True,True,True,True,75.2646455675291,0.4561603888514567,True,True,4,False,성동구,금호2·3가동,11040720.0
8930e1c16dbffff,True,297.37828098404407,373.3774150210804,0.09048963442578417,0.6767068632680534,0.36009804600330503,0.061234956670545265,0.028838610230807495,True,True,3713.7819627465396,755.4062215920978,0.2034061851691031,39,True,True,True,True,True,75.99913403703636,0.2555638353465165,True,True,4,False,성동구,금호2·3가동,11040720.0
8930e1c1ad3ffff,True,385.2359447193347,477.2906925862487,0.11567346751415197,0.2652263503419006,0.14657493003810856,0.03067965162017093,0.028838610230807495,True,True,1970.4883075129371,331.66106503791787,0.16831415024051868,1,True,True,False,False,False,92.054747866914,0.23895679810974252,True,False,2,True,광진구,구의2동,11050610.0
8930e1c1b03ffff,True,335.2829055941776,362.8544946784788,0.08793935908350106,0.3642864791061458,0.19797864588175834,0.03203511949537966,0.028838610230807495,True,True,1673.6267965097793,333.0532213953629,0.19900088961883255,43,True,True,False,True,False,27.571589084301195,0.08223380501740675,True,False,3,True,강동구,암사2동,11250580.0
8930e1c1b07ffff,True,238.28908551154322,259.43482587197576,0.06287515421667009,0.47849950279406,0.2572454153533589,0.030085730030776484,0.028838610230807495,True,True,1927.527572759677,397.9325851694442,0.20644715582445172,244,True,True,True,True,False,21.14574036043254,0.08873986114403128,True,True,4,False,강동구,암사2동,11250580.0
8930e1c1b0bffff,True,390.7949498394896,419.09903958739267,0.10157046825748489,0.3708949826944589,0.20140789279313526,0.03767197706662795,0.028838610230807495,True,True,2306.767903591975,471.87921736021815,0.20456293701045225,71,True,True,False,True,False,28.30408974790305,0.07242695884255497,True,False,3,True,강동구,천호2동,11250730.0
8930e1c1b27ffff,True,271.7255593649849,298.042648525332,0.07223192732968892,0.685290253167433,0.36455208963182706,0.04949983576653414,0.028838610230807495,True,True,3268.3826497565606,740.5811586226378,0.22658949027213768,78,True,True,True,True,True,26.31708916034711,0.09685172503407267,True,True,4,False,강동구,암사1동,11250720.0
8930e1c1b2bffff,True,237.11478864622768,255.2261073392299,0.06185515304330588,0.5668882510440931,0.30311159941247484,0.03506495952678439,0.028838610230807495,True,True,3106.8521271654,688.1961469605947,0.22150914134059044,78,True,True,True,True,True,18.111318693002232,0.07638207130144081,True,True,4,False,강동구,암사1동,11250720.0
8930e1c1b2fffff,True,181.12590322409463,196.45015845933688,0.0476105471480355,0.5917588989707722,0.316017333887271,0.028173964959717523,0.028838610230807495,True,False,3262.3792565657823,740.7147846329419,0.22704741735412828,108,False,False,True,True,True,15.324255235242248,0.08460554212548274,True,False,2,True,,,
8930e1c1b33ffff,True,146.95850596331132,163.40193878331758,0.039601167907094656,0.6398846542873285,0.3409904757750715,0.025340179635605715,0.028838610230807495,True,False,3191.4486345956784,720.9330452922018,0.22589523687682228,201,False,False,True,True,True,16.44343282000625,0.11189167113682694,True,False,2,True,,,
8930e1c1b37ffff,True,200.0896009142435,219.52869518572209,0.053203730526132226,0.4746866085189121,0.25526685004856264,0.02525509840400382,0.028838610230807495,True,False,2701.8971956557693,597.2960719204433,0.22106543242311458,40,False,False,False,True,False,19.43909427147858,0.09715194684110541,True,False,1,True,,,
8930e1c1b3bffff,True,188.88202589626573,205.98101761748745,0.049920392163530045,0.6495520677745343,0.3460070347280895,0.0324258939539366,0.028838610230807495,True,True,3229.363482625969,727.9705852591346,0.22542231284140943,252,True,True,True,True,True,17.098991721221722,0.09052736299330309,True,True,4,False,강동구,암사1동,11250720.0
8930e1c1b47ffff,True,292.37858963916096,316.80819986615245,0.07677984001083824,0.4527768476846667,0.2438975621809258,0.03476413392584038,0.028838610230807495,True,True,2717.619776097402,561.9651106634373,0.2067857746717015,96,True,True,True,True,False,24.429610226991485,0.08355471670186689,True,True,4,False,강동구,천호2동,11250730.0
8930e1c1b4bffff,True,309.2096978103478,336.25378408695764,0.08149256160712737,0.49896989550405657,0.26786779454061854,0.040662334949466236,0.028838610230807495,True,True,2710.1032801847764,561.7359007577288,0.20727472080673964,90,True,True,True,True,True,27.044086276609846,0.08746196017822572,True,True,4,False,강동구,천호2동,11250730.0
8930e1c1b4fffff,True,121.36899735233318,136.29928824554378,0.03303272310977217,0.6789712657843038,0.3612730768149245,0.022428269822144433,0.028838610230807495,True,False,2717.561452440612,561.9530501608863,0.20678577467170153,163,False,False,True,False,True,14.930290893210596,0.12301568949991477,True,False,1,True,,,
8930e1c1c13ffff,True,175.00379151579816,239.2574861056094,0.057985088493117294,0.5681989100691786,0.3037917191027465,0.03294706408205411,0.028838610230807495,True,True,2832.6267754959413,704.319434969909,0.24864533551074533,33,True,True,True,True,True,64.25369458981123,0.36715601435418527,True,True,4,False,중랑구,면목7동,11070570.0
8930e1c1c17ffff,True,274.5801278608219,323.3796057083703,0.07837244869150035,0.6639413679865757,0.3534738481525812,0.05203471079669246,0.028838610230807495,True,True,3120.9478901964985,778.6748621073732,0.24949947564114788,40,True,True,True,True,True,48.79947784754842,0.17772399709961423,True,True,4,False,중랑구,면목7동,11070570.0
8930e1c1c4fffff,True,316.04044084844713,451.5137850259198,0.10942632227203897,0.4242257238639457,0.2290819761908243,0.04642146077562513,0.028838610230807495,True,True,2674.3143392282536,635.5341502880651,0.23764377319663396,4,True,True,True,True,False,135.47334417747265,0.4286582559300917,True,True,4,False,광진구,중곡4동,11050580.0
8930e1c1c83ffff,True,111.14274508109162,123.7524896039047,0.02999195209197576,0.5395208413644292,0.28891025959897404,0.016181283226824415,0.028838610230807495,True,False,2618.7085538462075,657.3688736083797,0.25102788649117685,137,False,False,True,False,True,12.609744522813088,0.11345539930305668,True,False,1,True,,,
8930e1c1c87ffff,True,53.901978551695706,60.70268434785765,0.014711558584740011,0.6566439636883208,0.34968712082218917,0.009660256141116624,0.028838610230807495,True,False,2466.8160048941268,620.8359576113568,0.2516750160448235,292,False,False,True,False,True,6.800705796161942,0.12616801792608778,True,False,1,True,,,
8930e1c1c8bffff,True,165.2879641511007,180.93203391883833,0.043849662423488825,0.5898737463485757,0.31503910126308454,0.025865764649863718,0.028838610230807495,True,False,3120.513857368964,778.5665711444923,0.24949947564114788,241,False,False,True,True,True,15.64406976773762,0.09464736194243603,True,False,2,True,,,
8930e1c1c8fffff,True,135.2600252425037,147.71346589682207,0.03579899852275294,0.6997612659046295,0.3720613048528472,0.025050752524399558,0.028838610230807495,True,False,3023.310906275511,755.126314145666,0.24976799858004817,391,False,False,True,True,True,12.45344065431837,0.09207037062126053,True,False,2,True,,,
8930e1c1c97ffff,True,224.0025084496661,253.18277246018238,0.06135994198131911,0.579430522295647,0.3096199631254196,0.035553823230266325,0.028838610230807495,True,True,2641.1086818986723,625.3331146821305,0.23676917158614746,85,True,True,True,True,True,29.180264010516282,0.13026757696810864,True,True,4,False,중랑구,면목본동,11070710.0
8930e1c1ca7ffff,True,325.7528389487919,396.54371871534124,0.09610408850885184,0.38218106882060826,0.2072644041004872,0.036729163264343334,0.028838610230807495,True,True,2466.977889909697,620.9622715390057,0.25170970282256394,5,True,True,False,True,False,70.79087976654932,0.21731469783960222,True,False,3,True,중랑구,면목3·8동,11070720.0
8930e1c1cabffff,True,157.1872876307069,190.83697504514961,0.04625016782491548,0.6044474267414157,0.3226015921971778,0.02795579492812878,0.028838610230807495,True,False,3121.0140197785904,778.69289635533,0.2494999674530689,52,False,False,True,True,True,33.649687414442724,0.21407384732980902,True,False,2,True,,,
8930e1c1cb3ffff,True,194.89547915882693,219.27342864730954,0.05314186557444311,0.5152132989271084,0.27629672860630594,0.02737939587374977,0.028838610230807495,True,False,2611.095207964713,624.6304868295725,0.239221643440745,92,False,False,True,True,True,24.377949488482614,0.12508217016473838,True,False,2,True,,,
8930e1c1cbbffff,True,108.64408212053007,121.24588582003996,0.029384465803498985,0.6444375793540039,0.3433530536285871,0.01893645401301739,0.028838610230807495,True,False,2662.785159377665,668.1807511467061,0.25093303107595455,292,False,False,True,False,True,12.601803699509887,0.11599162562328437,True,False,1,True,,,
8930e1c1cc3ffff,True,313.20719363743865,347.0798769337452,0.08411631211948789,0.4400701440213643,0.2373038721406841,0.03701707758896907,0.028838610230807495,True,True,2359.56992113769,582.3230740002798,0.24679203984745957,97,True,True,False,True,False,33.87268329630655,0.10814784584902215,True,False,3,True,중랑구,면목4동,11070540.0
8930e1c1cc7ffff,True,160.0857699177025,192.59401764962334,0.04667599471361569,0.5962154534375942,0.31832990365991354,0.02782894935282913,0.028838610230807495,True,False,2533.3312121384,627.1337158450742,0.24755298984995605,213,False,False,True,True,True,32.50824773192085,0.20306769145460468,True,False,2,True,,,
8930e1c1d93ffff,True,350.3789867345977,389.02838295604465,0.09428271432260821,0.486956007180869,0.2616336162769075,0.04591153411271182,0.028838610230807495,True,True,2415.1072105626404,631.921866348157,0.2616537533341802,34,True,True,True,True,True,38.64939622144698,0.11030740336812156,True,True,4,False,중랑구,망우3동,11070680.0
8930e1c1e07ffff,True,114.56757540195149,129.8896378633479,0.031479316565754915,0.5762730291930808,0.3079814948511771,0.018140681114275515,0.028838610230807495,True,False,2674.2998849370965,635.5307153157756,0.23764377319663396,133,False,False,True,False,True,15.322062461396413,0.13373821002705294,True,False,1,True,,,
8930e1c1e0fffff,True,241.51865389795125,273.7448941487485,0.06634326127102971,0.5376569625908976,0.2879430662787467,0.035669916343356166,0.028838610230807495,True,True,2549.5413746634963,596.8241341840661,0.2340907820187223,181,True,True,True,True,True,32.22624025079722,0.1334316821110379,True,True,4,False,광진구,중곡4동,11050580.0
8930e1c1e17ffff,True,88.2200196728762,96.42523631786199,0.02336907384537586,0.5985595990030526,0.3195463142788594,0.013987783469960898,0.028838610230807495,True,False,2678.478097155662,612.285044255543,0.22859438160265064,326,False,False,True,False,True,8.205216644985782,0.09300855605576935,True,False,1,True,,,
8930e1c1e4fffff,True,231.28828635929833,257.2388396133382,0.06234294743138036,0.4686923917506523,0.252156365342913,0.029219665140398844,0.028838610230807495,True,True,1867.875350945037,385.33731232953687,0.2062971236997043,95,True,True,True,True,False,25.950553254039875,0.11220003253310715,True,True,4,False,광진구,구의2동,11050610.0
8930e1c1e8bffff,True,310.00265817822924,333.93533694212715,0.08093067589542902,0.4704608567131133,0.2530740470736338,0.03807471511613484,0.028838610230807495,True,True,2690.9114700072546,543.6494580386312,0.2020317145688801,93,True,True,True,True,False,23.93267876389791,0.07720152757573563,True,True,4,False,광진구,중곡2동,11050560.0
8930e1c1e93ffff,True,179.7637389731303,199.67436439543053,0.04839194742757325,0.5931979575530602,0.31676408194190303,0.028706004376051517,0.028838610230807495,True,False,2800.20256862005,546.8078000438362,0.1952743727084377,346,False,False,True,True,True,19.910625422300228,0.11075996491859971,True,False,2,True,,,
8930e1c1eabffff,True,135.0608705658391,170.46139956997132,0.041312058818349665,0.534502518811927,0.28630618034207617,0.022081399495714377,0.028838610230807495,True,False,2674.3571703499606,635.5443288374379,0.237643773196634,30,False,False,True,False,True,35.40052900413221,0.2621079581067505,True,False,1,True,,,
8930e1c1eb3ffff,True,284.89204875985126,413.8047883401938,0.10028738352701122,0.4492066403403011,0.2420449305911825,0.045049758622687966,0.028838610230807495,True,True,2674.2571057019477,635.5205490969204,0.23764377319663393,26,True,True,True,True,False,128.91273958034253,0.45249679709035706,True,True,4,False,광진구,중곡4동,11050580.0
8930e1c1ed3ffff,True,112.31040797910036,120.33135402439608,0.02916282506003329,0.6042173324524771,0.32248219298385766,0.017620684364551567,0.028838610230807495,True,False,2342.572008196838,404.7675177602334,0.17278765235131344,309,False,False,True,False,True,8.020946045295716,0.07141765567077558,True,False,1,True,,,
8930e1c1ed7ffff,True,96.9890447334525,106.98076471816253,0.02592725189173748,0.5571151251126493,0.29804018476208854,0.014444464181492499,0.028838610230807495,True,False,2629.815947459426,522.2135368078468,0.19857417676409608,381,False,False,True,False,True,9.99171998471003,0.10301905758706566,True,False,1,True,,,
8930e1c1edbffff,True,365.83794443887007,396.32322736073996,0.09605065147364501,0.37058721001272227,0.20124818515219245,0.03559514294952248,0.028838610230807495,True,True,1870.9649043764487,313.85147314734223,0.16774845557669185,207,True,True,False,True,False,30.485282921869896,0.08333001916635209,True,False,3,True,광진구,군자동,11050540.0
8930e1c200bffff,True,264.20525988977784,302.58871444200923,0.07333368610332125,0.5962030815573354,0.3183234837145206,0.04372176963675847,0.028838610230807495,True,True,3783.9919255435393,897.3754699689954,0.23715047167815897,3,True,True,True,True,True,38.3834545522314,0.14527891900503553,True,True,4,False,도봉구,창1동,11100590.0
8930e1c201bffff,True,86.3488576141952,95.13909777351434,0.023057372596138923,0.5854533249264542,0.31274528144348085,0.013499015450477641,0.028838610230807495,True,False,3698.713601215872,876.2417227311662,0.23690445306257849,14,False,False,True,False,True,8.79024015931914,0.10179914827123412,True,False,1,True,,,
8930e1c2023ffff,True,236.18218502080293,257.618049066162,0.06243485048543864,0.5151051850867978,0.27624062679021283,0.03216051521516842,0.028838610230807495,True,True,2486.6389720087877,536.3669269533336,0.21569955791372442,252,True,True,True,True,True,21.43586404535904,0.09075986846116682,True,True,4,False,도봉구,창4동,11100620.0
8930e1c2033ffff,True,199.38902481083983,214.0036170850931,0.051864703907525435,0.5623642082104986,0.3007640089622741,0.029166853147027494,0.028838610230807495,True,True,2571.2889026527428,589.749634043141,0.22935953771461043,525,True,True,True,True,True,14.614592274253283,0.07329687422925175,True,True,4,False,도봉구,창5동,11100630.0
8930e1c2043ffff,True,173.1441166722405,188.40295078678832,0.04566027149894148,0.7457875935898589,0.3959450237534045,0.03405286400385519,0.028838610230807495,True,True,3553.0092741175163,840.9980614688657,0.23670021567217828,97,True,True,True,True,True,15.258834114547824,0.08812793878196043,True,True,4,False,도봉구,창2동,11100600.0
8930e1c204bffff,True,133.3578473806687,147.24887274869553,0.03568640236015879,0.588601822907458,0.31437908202065357,0.021005081482198474,0.028838610230807495,True,False,3552.9339653861985,840.9802358759208,0.2367002156721783,69,False,False,True,False,True,13.891025368026845,0.10416353923571553,True,False,1,True,,,
8930e1c2053ffff,True,181.91135282073577,197.30078303520025,0.04781669969986866,0.7562823704586532,0.4013909133836301,0.03616292699652624,0.028838610230807495,True,True,3690.421142188583,874.5401825879796,0.23697571331095796,307,True,True,True,True,True,15.389430214464483,0.08459851447331036,True,True,4,False,도봉구,창1동,11100590.0
8930e1c2057ffff,True,206.8433338630362,225.36844181804688,0.0546190184268973,0.6644728589029371,0.3537496463811818,0.03629285532459265,0.028838610230807495,True,True,3764.6904007233197,892.6663055173602,0.2371154624948309,99,True,True,True,True,True,18.525107955010668,0.08956105864778456,True,True,4,False,도봉구,창1동,11100590.0
8930e1c205bffff,True,202.78301087438567,222.56122601307607,0.05393867751251245,0.6776447719768202,0.3605847402298739,0.036551262823697736,0.028838610230807495,True,True,3552.7244842975756,840.9306516570646,0.2367002156721783,47,True,True,True,True,True,19.7782151386904,0.09753388636162451,True,True,4,False,도봉구,창2동,11100600.0
8930e1c2067ffff,True,176.3238481022354,198.55286540323186,0.04812014728720533,0.5593029606762879,0.2991754838882745,0.026913740845912987,0.028838610230807495,True,False,3784.741597452017,897.5532550156946,0.23715047167815897,37,False,False,True,True,True,22.229017300996475,0.1260692614200873,True,False,2,True,,,
8930e1c2083ffff,True,91.87018596652877,98.16591739367614,0.023790935446708687,0.6491921968066628,0.34582029254227153,0.015444889646734317,0.028838610230807495,True,False,2502.9927552005634,666.6390873345981,0.2663368025934141,112,False,False,True,False,True,6.295731427147373,0.06852855864949603,True,False,1,True,,,
8930e1c2087ffff,True,171.29950969483116,187.6560300050286,0.04547925201097207,0.5577158702185557,0.298351919978908,0.025364500612188288,0.028838610230807495,True,False,2504.869788117362,665.8556253263623,0.26582444663792826,124,False,False,True,True,True,16.356520310197453,0.09548492193198028,True,False,2,True,,,
8930e1c208bffff,True,211.90380482720786,240.40730308053926,0.05826375161930582,0.6365641398790268,0.3392674134165992,0.037088614935668666,0.028838610230807495,True,True,2504.0404019441703,666.3824130997956,0.2661228678987797,88,True,True,True,True,True,28.5034982533314,0.13451149816103553,True,True,4,False,도봉구,쌍문2동,11100520.0
8930e1c208fffff,True,145.76412864314128,157.12363975639528,0.038079594933191345,0.5697273080514106,0.30458482664818126,0.02169498511297524,0.028838610230807495,True,False,2551.215596897955,642.678592345188,0.25191073350548127,188,False,False,True,False,True,11.359511113254001,0.0779307722619759,True,False,1,True,,,
8930e1c20a7ffff,True,194.15013255941543,206.58184825584658,0.05006600607221774,0.5256476393783327,0.2817112569161483,0.026317077904962526,0.028838610230807495,True,False,2267.9878299808615,470.46646534566156,0.2074378262204483,20,False,False,True,True,True,12.431715696431155,0.06403145613421973,True,False,2,True,,,
8930e1c20abffff,True,218.16738914806515,235.57022951725284,0.05709146588154179,0.5166666749233316,0.27705090617154654,0.02949725784351503,0.028838610230807495,True,True,2619.6394286164887,608.7870838673647,0.2323934650002133,120,True,True,True,True,True,17.402840369187686,0.07976829368103582,True,True,4,False,도봉구,창5동,11100630.0
8930e1c20cbffff,True,66.60152670514012,71.33009304492548,0.017287157132490343,0.6248917774964763,0.333210457842024,0.010802602348382779,0.028838610230807495,True,False,2795.941994549445,698.3607034008537,0.24977653497900687,260,False,False,True,False,True,4.72856633978536,0.07099786707172319,True,False,1,True,,,
8930e1c20cfffff,True,133.93716633414678,151.68193499669422,0.036760774205026533,0.6988616512445665,0.37159448195516337,0.02569069536195351,0.028838610230807495,True,False,3471.75037070787,834.4737746590001,0.24036111055094544,226,False,False,True,True,True,17.744768662547443,0.1324857703669626,True,False,2,True,,,
8930e1c20dbffff,True,236.56132856011067,280.72969681214147,0.06803605846260863,0.5163219743853252,0.2768720361384881,0.0351285120348095,0.028838610230807495,True,True,2733.512279776695,679.5926170082689,0.24861516885659865,39,True,True,True,True,True,44.1683682520308,0.18671001097631873,True,True,4,False,도봉구,쌍문3동,11100530.0
8930e1c2103ffff,True,329.4393579123705,361.0242789979032,0.08749579838273862,0.4494065309267121,0.24214865667181523,0.03932118322184959,0.028838610230807495,True,True,2830.843210027726,530.8969031548763,0.18754020048665168,24,True,True,True,True,False,31.5849210855327,0.09587476519406693,True,True,4,False,노원구,상계10동,11110740.0
8930e1c210fffff,True,177.18889861461327,192.48442714269413,0.04664943497939074,0.6527826288409861,0.3476834190125342,0.03045194079979334,0.028838610230807495,True,True,2372.0048298924485,520.3288579419589,0.21936247826508498,438,True,True,True,True,True,15.295528528080865,0.08632328914323642,True,True,4,False,노원구,상계2동,11110660.0
8930e1c2113ffff,True,336.0735917470771,359.16753757625156,0.08704580905368671,0.4657848610229259,0.25064760611557113,0.04054462007269961,0.028838610230807495,True,True,2858.3441255072844,521.143736770044,0.1823236509976048,50,True,True,True,True,False,23.09394582917446,0.0687169310421586,True,True,4,False,노원구,상계10동,11110740.0
8930e1c2123ffff,True,215.49250918323418,234.13948430048134,0.05674471857864244,0.504822694459492,0.2709048955231059,0.028646021729215872,0.028838610230807495,True,False,2447.0255591051323,571.259359306734,0.23345050777305382,186,False,False,True,True,False,18.646975117247166,0.08653189471839862,True,False,2,True,,,
8930e1c2127ffff,True,153.23661303235826,167.56616687048395,0.040610386628189485,0.7123705860981683,0.37860446121955094,0.02892964492399656,0.028838610230807495,True,True,3335.513580545144,893.4350603784376,0.26785532086858355,301,True,True,True,True,True,14.32955383812569,0.09351259829202689,True,True,4,False,노원구,상계5동,11110690.0
8930e1c2137ffff,True,168.02665511825236,181.48470893250783,0.043983605607868084,0.5863237981680584,0.3131969824428548,0.025788634697131125,0.028838610230807495,True,False,3377.5098587160205,908.6832297285201,0.26903940113855396,98,False,False,True,True,True,13.458053814255464,0.08009475523263895,True,False,2,True,,,
8930e1c2177ffff,True,80.1939447012184,85.52260522292862,0.02072677395692651,0.660158426595475,0.35151082582718013,0.013682954483804672,0.028838610230807495,True,False,2186.951892437009,465.8480710524161,0.2130124913416832,318,False,False,True,False,True,5.328660521710219,0.06644716806940237,True,False,1,True,,,
8930e1c2183ffff,True,359.8365033396035,384.9874748753394,0.09330338273944169,0.42479631276011237,0.22937806291964227,0.039634932955760344,0.028838610230807495,True,True,2886.427389317626,474.31975076277905,0.16432762262379721,8,True,True,False,True,False,25.15097153573589,0.0698955534035943,True,False,3,True,노원구,상계8동,11110720.0
8930e1c218bffff,True,248.3876969717117,269.10625484068726,0.06521906693486229,0.487655537092045,0.26199661234027627,0.03180443911476231,0.028838610230807495,True,True,2881.261693936738,482.784624702443,0.16756014412658318,25,True,True,True,True,False,20.71855786897555,0.08341217428065746,True,True,4,False,노원구,상계8동,11110720.0
8930e1c21a3ffff,True,112.82202560319338,129.26802048762374,0.03132866490119503,0.6478697346348095,0.34513404803053954,0.02029689381600009,0.028838610230807495,True,False,3202.4629090125322,701.0429084613316,0.21890742480995531,1,False,False,True,False,True,16.445994884430363,0.1457693637080459,True,False,1,True,,,
8930e1c21afffff,True,45.900865633273696,49.69080371689939,0.012042781597841841,0.8361602579591311,0.442840690226113,0.01006969536739691,0.028838610230807495,True,False,3298.4758699212025,798.2143139881618,0.24199489263119286,250,False,False,True,False,True,3.7899380836256924,0.08256790000226821,True,False,1,True,,,
8930e1c21b3ffff,True,359.32557577943976,391.06447090154256,0.09477616905884728,0.4942830702298824,0.2654357339567296,0.04684625582703342,0.028838610230807495,True,True,3242.761881630652,720.6326761478696,0.22222805819633384,13,True,True,True,True,True,31.738895122102804,0.08832907330143593,True,True,4,False,노원구,상계9동,11110730.0
8930e1c2287ffff,True,111.88445992489466,123.21190961673256,0.02986094018967754,0.7494874577147514,0.3978649360986501,0.022380400147733667,0.028838610230807495,True,False,3232.8482114411736,778.5570311312123,0.24082696749444318,278,False,False,True,False,True,11.327449691837899,0.10124238611369034,True,False,1,True,,,
8930e1c2293ffff,True,280.79859498761334,306.6699135712055,0.07432278239667618,0.37772630301543697,0.20495276248992547,0.028073669824517294,0.028838610230807495,True,False,2133.1364449776374,477.34418538919056,0.22377573948121016,67,False,False,False,True,False,25.871318583592142,0.09213478644625478,True,False,1,True,,,
8930e1c2297ffff,True,149.13379979562364,162.8614797656007,0.039470185322268106,0.6782391131928204,0.36089315237674435,0.026770223490531396,0.028838610230807495,True,False,3552.6491732566333,840.912825517431,0.23670021567217828,69,False,False,True,True,True,13.72767996997706,0.09204942131689654,True,False,2,True,,,
8930e1c22bbffff,True,274.70242788440584,307.34991247003165,0.07448758307633498,0.3918593024772196,0.2122865777939709,0.02918865234750657,0.028838610230807495,True,True,2034.9528066536907,544.9636519684364,0.2678016169154229,142,True,True,False,True,False,32.64748458562582,0.11884672748274291,True,False,3,True,도봉구,창3동,11100610.0
8930e1c2307ffff,True,262.6582213525016,282.6795760784321,0.0685086201518878,0.4703071952469837,0.25299430994387656,0.03222009699387534,0.028838610230807495,True,True,3108.5487026778783,788.8468915884087,0.2537669398291401,1,True,True,True,True,False,20.021354725930507,0.07622588252838568,True,True,4,False,노원구,중계2·3동,11110780.0
8930e1c232fffff,True,110.4355377736322,120.76165587215928,0.029267110577395485,0.5399226339782869,0.2891187555257254,0.01580197543188115,0.028838610230807495,True,False,2357.8299814574207,492.2948348100635,0.20879148992149402,103,False,False,True,False,True,10.326118098527076,0.09350357961486341,True,False,1,True,,,
8930e1c2333ffff,True,232.0052332793833,256.6467751912471,0.06219945805319043,0.71098728191762,0.37788664492040736,0.044223023617986884,0.028838610230807495,True,True,3478.342465690576,938.355831564255,0.2697709730482095,18,True,True,True,True,True,24.64154191186381,0.10621114689335559,True,True,4,False,노원구,중계2·3동,11110780.0
8930e1c2337ffff,True,366.2627693911319,388.6397346615837,0.09418852372437936,0.7437741237254754,0.39490020547929505,0.0700549866980964,0.028838610230807495,True,True,3478.6213207288647,938.4310585592737,0.2697709730482096,49,True,True,True,True,True,22.37696527045182,0.06109538599200474,True,True,4,False,노원구,중계2·3동,11110780.0
8930e1c233bffff,True,194.03214231796562,209.83260243676978,0.05085384043392712,0.7053220888821053,0.37494689532963027,0.03586833696253475,0.028838610230807495,True,True,3501.130837583293,884.2523561874386,0.2525619284761739,269,True,True,True,True,True,15.800460118804153,0.0814321788650435,True,True,4,False,노원구,중계2·3동,11110780.0
8930e1c234bffff,True,143.24193089955986,166.45183985916884,0.04034032464846587,0.5619958082641417,0.3005728409676876,0.022671093356452454,0.028838610230807495,True,False,2808.5045835571073,767.802307935339,0.27338474447596595,37,False,False,True,False,True,23.20990895960898,0.1620329243947681,True,False,1,True,,,
8930e1c234fffff,True,237.06943152571517,262.0123113172547,0.06349981898293053,0.5369600016843149,0.28758140330855847,0.03409686290802807,0.028838610230807495,True,True,2744.903770856542,741.067700691064,0.2699794829090913,78,True,True,True,True,True,24.942879791539553,0.10521339521090459,True,True,4,False,노원구,월계2동,11110520.0
8930e1c236bffff,True,239.79148950414023,277.2689324175468,0.06719732721561297,0.4219957816791286,0.22792482733743538,0.02835698862510078,0.028838610230807495,True,False,2664.098093049647,672.37538890607,0.2523838707967349,0,False,False,False,True,False,37.47744291340658,0.15629179747331898,True,False,1,True,,,
8930e1c2423ffff,True,224.49744599526156,246.8036992655531,0.059813945951203755,0.46016464379629446,0.24773119511448208,0.027524263132686484,0.028838610230807495,True,False,2239.907070720261,645.3068391643318,0.28809536234770133,33,False,False,False,True,False,22.306253270291535,0.09936083313287382,True,False,1,True,,,
8930e1c2427ffff,True,282.1427659709099,313.0723498845057,0.07587444057983703,0.40283255935909346,0.21798075753784793,0.030564695088715208,0.028838610230807495,True,True,2066.5286002559487,607.5418553959013,0.2939915060070567,185,True,True,False,True,False,30.929583913595764,0.10962387714305151,True,False,3,True,도봉구,방학2동,11100560.0
8930e1c242bffff,True,118.56727866307057,127.592780273802,0.030922663176330276,0.5816223744857657,0.3107573465364617,0.017985312782040765,0.028838610230807495,True,False,3273.1182586196737,837.9742493067274,0.2560171014597299,61,False,False,True,False,True,9.025501610731439,0.07612135247178071,True,False,1,True,,,
8930e1c243bffff,True,99.20387293252533,110.9056655136151,0.026878468606647568,0.7358754731579001,0.39080148287122923,0.019779205803676543,0.028838610230807495,True,False,3328.6282865264234,848.3636802200022,0.2548688550337679,56,False,False,True,False,True,11.701792581089776,0.11795701352354346,True,False,1,True,,,
8930e1c2463ffff,True,211.24033572598353,243.36398289496267,0.058980315784029506,0.5460750975052845,0.2923113567349655,0.032207681692656386,0.028838610230807495,True,True,2839.707886629967,668.5482060068507,0.2354285133180556,96,True,True,True,True,True,32.12364716897915,0.15207155895950317,True,True,4,False,도봉구,쌍문4동,11100540.0
8930e1c2467ffff,True,195.76581197515497,215.80512969075497,0.052301308293708194,0.605804329922729,0.32330570864069236,0.031684359024951966,0.028838610230807495,True,True,2734.3320702318188,629.7594592291148,0.23031564676624053,100,True,True,True,True,True,20.039317715599992,0.10236372486807463,True,True,4,False,도봉구,쌍문4동,11100540.0
8930e1c246bffff,True,399.53915886115817,514.5254125259423,0.12469746323467272,0.49289561330429205,0.26471576273886366,0.06146283261854342,0.028838610230807495,True,True,2672.4154875962113,616.0536064813366,0.23052313883851402,16,True,True,True,True,True,114.98625366478416,0.28779720614254595,True,True,4,False,도봉구,쌍문4동,11100540.0
8930e1c246fffff,True,284.38651670180195,350.40583538503773,0.08492237256199166,0.6065285049398103,0.3236814934015593,0.051507839665966365,0.028838610230807495,True,True,2710.005792883207,620.8198886485296,0.2290843400700011,17,True,True,True,True,True,66.01931868323578,0.23214644438456764,True,True,4,False,도봉구,쌍문4동,11100540.0
8930e1c2477ffff,True,325.9469881563721,354.94157937484306,0.08602162977192028,0.537279266666999,0.2877470744686251,0.04621763816135742,0.028838610230807495,True,True,3217.22068906469,807.3944456389795,0.25096023048195215,58,True,True,True,True,True,28.994591218470987,0.0889549290897602,True,True,4,False,도봉구,방학3동,11100570.0
8930e1c252fffff,True,263.9769909837607,282.96207865028657,0.06857708587429903,0.4704842575441259,0.2530861900991162,0.03226443933210934,0.028838610230807495,True,True,2822.212990213915,490.55817765589666,0.17382039532697136,25,True,True,True,True,False,18.985087666525885,0.07191947902646488,True,True,4,False,노원구,상계8동,11110720.0
8930e1c2537ffff,True,312.8551296576673,337.1219585050526,0.08170296743927122,0.3732987912977032,0.202655263414647,0.030499618990515547,0.028838610230807495,True,True,2396.44684691659,598.4823579102249,0.24973738043898935,40,True,True,False,True,False,24.266828847385284,0.07756570548783573,True,False,3,True,노원구,상계1동,11110650.0
8930e1c253bffff,True,153.13348718470036,164.99841566938167,0.03998808099818507,0.5417965244909354,0.2900911440803935,0.021665403305878687,0.028838610230807495,True,False,2415.1156304888927,609.6276301834735,0.2524217153362824,80,False,False,True,False,True,11.864928484681315,0.07748095274791565,True,False,1,True,,,
8930e1c254bffff,True,235.35404115718592,263.7956643214637,0.06393202231101314,0.41562729624512046,0.224620129274875,0.026571893576609107,0.028838610230807495,True,False,2268.9121040625682,595.3319106095709,0.2623865021230253,69,False,False,False,True,False,28.441623164277757,0.12084612197197178,True,False,1,True,,,
8930e1c2577ffff,True,297.5919578826415,323.80736582156504,0.07847611820847619,0.5971158646082113,0.31879713987830166,0.04685933517515046,0.028838610230807495,True,True,2044.1989986509102,505.3625126798959,0.2472178652926721,98,True,True,True,True,True,26.215407938923533,0.08809178892281039,True,True,4,False,도봉구,방학1동,11100550.0
8930e1c260bffff,True,133.05740300071693,144.89158227046318,0.03511510279829701,0.5530027566275922,0.29590621801192063,0.019418748646719525,0.028838610230807495,True,False,2355.755528550409,562.5326911257245,0.23879077616847338,177,False,False,True,False,True,11.834179269746244,0.0889404046889633,True,False,1,True,,,
8930e1c260fffff,True,145.9875764350811,156.7767121472775,0.037995515523836856,0.5443004665357337,0.2913904753750873,0.020680976825890113,0.028838610230807495,True,False,2332.8326999177284,539.7477161589096,0.23137009189640767,253,False,False,True,False,True,10.789135712196384,0.0739044785567365,True,False,1,True,,,
8930e1c2613ffff,True,99.78853995527079,108.31539066107734,0.0262507042721197,0.568264325093753,0.30382566389342136,0.0149173387464318,0.028838610230807495,True,False,2529.602440982413,734.3280460910656,0.2902938557435441,167,False,False,True,False,True,8.526850705806552,0.0854491979703143,True,False,1,True,,,
8930e1c2617ffff,True,217.10857371940537,234.28720598403154,0.0567805195687491,0.5188495678631659,0.2781836404996373,0.029460548041291508,0.028838610230807495,True,True,2520.2232196650775,730.5132881614061,0.2898605498359335,66,True,True,True,True,True,17.178632264626174,0.07912461479677958,True,True,4,False,강북구,수유2동,11090640.0
8930e1c261bffff,True,301.4379718959781,324.1832866454092,0.0785672242490512,0.5925597532962189,0.316432908636577,0.04655577501818649,0.028838610230807495,True,True,2529.5488367726525,734.3124851183301,0.29029385574354405,42,True,True,True,True,True,22.745314749431145,0.07545603696298828,True,True,4,False,강북구,수유2동,11090640.0
8930e1c2633ffff,True,179.2339341108005,200.73929853785114,0.048650038831494234,0.49209030059038406,0.2642978744680991,0.023940212232323854,0.028838610230807495,True,False,2678.951844215886,665.5387060360745,0.248432500745781,16,False,False,True,False,False,21.505364427050637,0.11998489311603376,True,False,1,True,,,
8930e1c263bffff,True,235.4539993867815,256.84135231860057,0.06224661466313386,0.45508489181515704,0.24509523924957455,0.02832749389983204,0.028838610230807495,True,False,2333.0196997245584,539.7909823214006,0.23137009189640773,135,False,False,False,True,False,21.387352931819066,0.09083452813509424,True,False,1,True,,,
8930e1c2647ffff,True,294.8175216635486,318.46516528371455,0.07718141275964227,0.45842523654768413,0.24682859184655434,0.035381907401423454,0.028838610230807495,True,True,2332.596255929996,539.6930100917397,0.23137009189640767,145,True,True,True,True,False,23.64764362016598,0.08021112004039273,True,True,4,False,강북구,수유3동,11090650.0
8930e1c2657ffff,True,162.0058557532545,174.0446960694847,0.04218048625192074,0.555376973044714,0.2971382328253428,0.02342607077614591,0.028838610230807495,True,False,2345.7004122492644,552.7415228503658,0.23564028891496355,105,False,False,True,False,True,12.038840316230193,0.07431114301551009,True,False,1,True,,,
8930e1c2663ffff,True,100.25622618586716,107.76859517981377,0.02611818601789584,0.5776195501177814,0.30868022379342963,0.015086374857549524,0.028838610230807495,True,False,2125.1698801245193,476.22360288465836,0.22408731054326592,330,False,False,True,False,True,7.512368993946609,0.074931695314556,True,False,1,True,,,
8930e1c2667ffff,True,305.9418109661714,335.06863731502364,0.08120533615154606,0.4190914831250678,0.22641774533117864,0.03403246476542112,0.028838610230807495,True,True,2107.06874510083,470.67310016220756,0.2233781414377557,133,True,True,False,True,False,29.126826348852262,0.09520381100206299,True,False,3,True,강북구,번1동,11090600.0
8930e1c2673ffff,True,215.2206659705957,230.10752805137787,0.055767556510654126,0.7438230149620131,0.39492557584032306,0.041481192020819194,0.028838610230807495,True,True,2332.7832430332974,539.7362733150139,0.23137009189640767,442,True,True,True,True,True,14.88686208078218,0.06917022588721142,True,True,4,False,강북구,수유3동,11090650.0
8930e1c2677ffff,True,46.799958073227494,50.46179357627986,0.012229634331067248,0.6583173184456867,0.3505554485088811,0.008050980078399501,0.028838610230807495,True,False,2285.0250519126835,525.1146072537828,0.229806936608522,409,False,False,True,False,True,3.661835503052366,0.07824441845274141,True,False,1,True,,,
8930e1c268fffff,True,237.5842994673429,269.28889143361306,0.06526332970454721,0.42986020822372906,0.2320057906111053,0.028054108496170543,0.028838610230807495,True,False,2404.5243400808954,683.757789689372,0.2843630144606348,32,False,False,False,True,False,31.704591966270158,0.13344565292130386,True,False,1,True,,,
8930e1c26c3ffff,True,273.11420705789527,312.138365537902,0.07564808542635566,0.42337661511180547,0.22864136153021497,0.03202763034749916,0.028838610230807495,True,True,1900.81987708942,544.4300430741388,0.2864185342525894,79,True,True,False,True,False,39.02415848000675,0.14288586046252194,True,False,3,True,강북구,인수동,11090750.0
8930e1c26c7ffff,True,119.52205903401895,129.57800351854596,0.03140379063193791,0.547822322438014,0.2932180167108546,0.017203697517345375,0.028838610230807495,True,False,2438.394850017924,706.811920435876,0.28986770556486385,123,False,False,True,False,True,10.055944484527004,0.08413463226620646,True,False,1,True,,,
8930e1c2c43ffff,True,294.6814938064898,322.1437720204988,0.07807293904220823,0.7148078772213299,0.37986920639893,0.05580715182519115,0.028838610230807495,True,True,2647.2844188863337,639.3584879522048,0.241514845700324,167,True,True,True,True,True,27.46227821400896,0.09319308742218733,True,True,4,False,노원구,중계4동,11110640.0
8930e1c2c4bffff,True,339.8670635725024,381.0722539984981,0.09235451199475146,0.5692288149229935,0.30432615144310304,0.05257084941556376,0.028838610230807495,True,True,2647.228394788675,639.3449573009032,0.24151484570032397,103,True,True,True,True,True,41.20519042599574,0.12123913977679573,True,True,4,False,노원구,중계4동,11110640.0
8930e1c2ccbffff,True,198.27816140379971,226.52800888660283,0.0549000445305246,0.651158391494743,0.3468405790520933,0.03574862468948616,0.028838610230807495,True,True,3377.78057338343,908.7560626405194,0.26903940113855396,77,True,True,True,True,True,28.24984748280312,0.14247583941063188,True,True,4,False,노원구,상계5동,11110690.0
8930e1c2cdbffff,True,290.59191331779147,326.16547788267883,0.07904761688450933,0.653039718857772,0.34781682669465575,0.051621233506636846,0.028838610230807495,True,True,3377.5812894989435,908.7024474235806,0.26903940113855396,74,True,True,True,True,True,35.57356456488736,0.12241759985242293,True,True,4,False,노원구,상계5동,11110690.0
8930e1c2e13ffff,True,136.17962687071247,151.56870530846913,0.03673333249944545,0.5804546428018752,0.31015139388518675,0.021322033394888123,0.028838610230807495,True,False,3915.5672749665314,463.93430217764325,0.11848456930971994,158,False,False,True,False,True,15.389078437756666,0.11300573214499184,True,False,1,True,,,
8930e1c2e67ffff,True,374.88114314640194,556.4198348426116,0.13485075801738147,0.2716590364006261,0.1499129427219108,0.036633426980895854,0.028838610230807495,True,True,2552.659153118111,337.5587119081765,0.1322380669177252,2,True,True,False,False,False,181.5386916962097,0.48425666378560306,True,False,2,True,노원구,중계본동,11110600.0
8930e1c2e83ffff,True,87.17736529150369,92.48199104288643,0.022413411266364237,0.6115411931518383,0.3262826489187011,0.013706724268435241,0.028838610230807495,True,False,3825.720512391561,467.31983502998247,0.12215211056749366,71,False,False,True,False,True,5.304625751382744,0.06084865875041228,True,False,1,True,,,
8930e1c2e8fffff,True,259.6808227867978,281.54617894433846,0.06823393644527535,0.7833605266686373,0.41544215543986274,0.053451772390445226,0.028838610230807495,True,True,3911.669914772821,463.572608246326,0.11851015508634732,205,True,True,True,True,True,21.865356157540646,0.08420088908718708,True,True,4,False,노원구,중계1동,11110610.0
8930e1c2e93ffff,True,267.3405462123075,290.9855355297863,0.07052160541578223,0.45220484197465577,0.24360074024716552,0.03189021143284283,0.028838610230807495,True,True,2302.704430316423,518.8057302170437,0.22530278892361044,76,True,True,False,True,False,23.644989317478803,0.088445204636865,True,False,3,True,노원구,상계2동,11110660.0
8930e1c2ec7ffff,True,152.78373415707324,178.80872823017455,0.0433350700892671,0.5297903555649093,0.2838609715221375,0.02295850219102308,0.028838610230807495,True,False,3918.152648819409,464.1677289435534,0.11846596356663472,27,False,False,True,False,True,26.02499407310131,0.17033877471763878,True,False,1,True,,,
8930e1c2ed7ffff,True,171.21573951350356,184.78388389056036,0.044783174954728604,0.6165769860780811,0.32889579380208916,0.027612275040593968,0.028838610230807495,True,False,3734.6635733947282,662.2351692003418,0.1773212382282628,11,False,False,True,True,True,13.568144377056797,0.07924589418945736,True,False,2,True,,,
8930e1c3003ffff,True,237.77480430742617,308.7205146146415,0.07481975444508779,0.6490007062683181,0.3457209253665711,0.04855807347768411,0.028838610230807495,True,True,3672.0470803660883,602.076167924181,0.16396199578796156,38,True,True,True,True,True,70.94571030721534,0.298373540938709,True,True,4,False,성북구,길음1동,11080660.0
8930e1c3007ffff,True,138.64989916539398,182.96901219718828,0.04434333293575252,0.6004728338481932,0.3205391191696731,0.026626966790205236,0.028838610230807495,True,False,3798.9588525944887,574.1383958941425,0.15113045920516782,96,False,False,True,True,True,44.3191130317943,0.3196476398365534,True,False,2,True,,,
8930e1c300bffff,True,137.98266670236674,147.95873926415828,0.03585844158612993,0.645644159856705,0.3439791654868802,0.02315179339164759,0.028838610230807495,True,False,3318.7708952163102,680.1302217477454,0.20493436974757367,133,False,False,True,False,True,9.97607256179154,0.07229946195568364,True,False,1,True,,,
8930e1c300fffff,True,169.96389966973356,187.39851100640382,0.0454168411657903,0.6659148884932029,0.354497936134293,0.030243750720630753,0.028838610230807495,True,True,3588.8827848061846,615.7730269047593,0.17157791542027576,200,True,True,True,True,True,17.434611336670258,0.1025783202818271,True,True,4,False,성북구,길음1동,11080660.0
8930e1c3013ffff,True,222.7781189236708,324.9012559803591,0.07874122722843566,0.508442711414484,0.2727833740313104,0.04003540307212983,0.028838610230807495,True,True,3334.698774665261,649.011154708187,0.19462362227105057,46,True,True,True,True,True,102.12313705668831,0.45840739454164336,True,True,4,False,성북구,정릉1동,11080620.0
8930e1c3027ffff,True,203.67997860505938,221.24218626844637,0.05361900251482176,0.5138103362790665,0.2755687112475678,0.027549997713088678,0.028838610230807495,True,False,3516.009276477828,579.1688930533362,0.16472336888528358,69,False,False,True,True,True,17.562207663387,0.0862245164383121,True,False,2,True,,,
8930e1c302bffff,True,347.2437432961256,437.4648205517226,0.106021494855632,0.5429462397821976,0.29068774776817785,0.057563971967953,0.028838610230807495,True,True,2903.4800131608154,703.4404052185262,0.24227492596125705,24,True,True,True,True,True,90.22107725559698,0.2598205986354013,True,True,4,False,성북구,돈암1동,11080580.0
8930e1c3033ffff,True,145.3140408491074,183.5920179181178,0.044494321071788814,0.5520800749353149,0.2954274253017189,0.024564428111509128,0.028838610230807495,True,False,3635.7010253333688,575.2513465912837,0.1582229513876315,96,False,False,True,False,True,38.277977069010376,0.26341554364149733,True,False,1,True,,,
8930e1c304fffff,True,328.761398342961,393.18716409134294,0.09529061295131541,0.3566235683882867,0.19400225204914442,0.033982878424605185,0.028838610230807495,True,True,2020.066452185256,307.0920797482091,0.15202078100747862,77,True,True,False,True,False,64.42576574838193,0.19596511656509485,True,False,3,True,성북구,동선동,11080830.0
8930e1c3053ffff,True,89.1022155161232,114.67098378828311,0.02779100980615262,0.578208249593389,0.3089857083606207,0.016068991134448214,0.028838610230807495,True,False,3548.0995996410043,644.2564678636272,0.18157789818775463,26,False,False,True,False,True,25.568768272159915,0.2869599608051632,True,False,1,True,,,
8930e1c3063ffff,True,119.33824545246546,174.0181689541592,0.04217405729057598,0.5726793109320876,0.3061166631109532,0.024152210068377436,0.028838610230807495,True,False,2919.1808773417392,711.2746407809747,0.2436555563589039,12,False,False,True,False,True,54.679923501693736,0.4581927888614193,True,False,1,True,,,
8930e1c3073ffff,True,154.039619890548,181.02092082423025,0.04387120455016968,0.5594445696462608,0.2992489668056117,0.024543507149432753,0.028838610230807495,True,False,3047.391626654521,701.3754080188288,0.23015598057175565,88,False,False,True,False,True,26.981300933682235,0.17515818951548728,True,False,1,True,,,
8930e1c307bffff,True,283.9947439682601,348.00234348609695,0.08433987588562411,0.3685173196059158,0.2001740894526785,0.031080704997265812,0.028838610230807495,True,True,2337.0393754415863,464.3636544108782,0.19869740291523164,45,True,True,False,True,False,64.00759951783687,0.2253830427403632,True,False,3,True,성북구,동선동,11080830.0
8930e1c308bffff,True,345.95375518901955,470.0866377723797,0.11392753361385563,0.3127869244995307,0.17125479134919214,0.035635042854894806,0.028838610230807495,True,True,2180.1095665706575,515.7056708272829,0.23655034532897126,16,True,True,False,False,False,124.13288258336013,0.3588135140072041,True,False,2,True,성북구,정릉2동,11080630.0
8930e1c3093ffff,True,228.03558823306142,293.67487987685695,0.07117337967159182,0.39711794458343636,0.2150153623001443,0.028264226244239077,0.028838610230807495,True,False,2709.684450056696,640.2273791997899,0.2362737768917684,32,False,False,False,True,False,65.63929164379553,0.28784670038743937,True,False,1,True,,,
8930e1c3097ffff,True,245.54489959666273,369.3288569341313,0.08950844883045593,0.4105505730307663,0.2219857450803159,0.03674774495843871,0.028838610230807495,True,True,3223.2170237148607,619.5387786561072,0.19221131375822437,11,True,True,False,True,False,123.78395733746856,0.5041194402359761,True,False,3,True,성북구,정릉1동,11080620.0
8930e1c309bffff,True,264.5760643686455,337.5564402051815,0.08180826596196612,0.3979323183894665,0.21543795250104456,0.03255415293766726,0.028838610230807495,True,True,2501.880396344518,591.3652155058371,0.23636829976759768,39,True,True,False,True,False,72.98037583653598,0.27583891993664705,True,False,3,True,성북구,정릉2동,11080630.0
8930e1c30afffff,True,292.52864563595006,336.79946336083617,0.08162480934365479,0.6027467266271453,0.3217190746141725,0.04919908664345275,0.028838610230807495,True,True,3532.513400718569,575.9371830795968,0.1630389237766068,71,True,True,True,True,True,44.270817724886115,0.1513384018465694,True,True,4,False,성북구,길음2동,11080680.0
8930e1c30b3ffff,True,321.43530693965204,420.7625499596197,0.10197362720441216,0.657500282064754,0.35013147665983024,0.06704768865006706,0.028838610230807495,True,True,3845.2712135129686,612.3729857860557,0.15925352251723307,0,True,True,True,True,True,99.32724301996768,0.309011614080764,True,True,4,False,성북구,길음1동,11080660.0
8930e1c30bbffff,True,220.93205338252722,270.23582049463823,0.06549282206565984,0.5945502617803929,0.31746581192250317,0.03893877450387476,0.028838610230807495,True,True,3798.815947546584,574.1167985886299,0.1511304592051678,104,True,True,True,True,True,49.30376711211102,0.22316258033751787,True,True,4,False,성북구,길음1동,11080660.0
8930e1c3103ffff,True,257.44186079538787,349.2739397890717,0.0846480527596508,0.45495288622137264,0.24502673966132127,0.03851087591602216,0.028838610230807495,True,True,2600.611152566263,578.5132108825585,0.22245279164925755,15,True,True,True,True,False,91.83207899368381,0.3567099721465694,True,True,4,False,성북구,월곡1동,11080710.0
8930e1c310bffff,True,262.5577068136759,302.39574562626024,0.0732869192746642,0.4726292697475008,0.2541992675719495,0.03463754313882858,0.028838610230807495,True,True,2560.771644301504,572.2893841958648,0.22348317760757108,16,True,True,True,True,False,39.83803881258433,0.151730601611536,True,True,4,False,성북구,월곡1동,11080710.0
8930e1c3113ffff,True,161.16769801157847,194.7890896208636,0.04720797991739295,0.5197048849208191,0.27862747673866006,0.024534217770313043,0.028838610230807495,True,False,2397.24666137212,590.2329646489118,0.2462128633484375,115,False,False,True,False,True,33.621391609285126,0.20861122932257634,True,False,1,True,,,
8930e1c3137ffff,True,271.781907369372,330.9309867186026,0.08020255860049726,0.4158535286827161,0.22473752451836862,0.033352517003399106,0.028838610230807495,True,True,2804.561734304837,593.5593319357366,0.21164067264964712,51,True,True,False,True,False,59.14907934923059,0.21763435219711869,True,False,3,True,성북구,장위1동,11080760.0
8930e1c3143ffff,True,268.80311115213135,289.1135640381114,0.07006792501326622,0.6648403181029613,0.3539403262090582,0.046583981554634356,0.028838610230807495,True,True,2560.511798924262,572.2313131252722,0.22348317760757108,59,True,True,True,True,True,20.310452885980055,0.07555884602275004,True,True,4,False,성북구,월곡1동,11080710.0
8930e1c314fffff,True,153.91010094396938,165.35283951555297,0.040073977153071705,0.5163181360312031,0.27687004436170504,0.020690921187031003,0.028838610230807495,True,False,2430.1568199538024,531.3054986225104,0.21863012882955044,97,False,False,True,False,False,11.44273857158359,0.07434689797097392,True,False,1,True,,,
8930e1c3157ffff,True,164.77938002437645,182.2009058726963,0.044157179039702094,0.5023062027839006,0.2695990520457279,0.022180424929081604,0.028838610230807495,True,False,2560.5663096439694,572.243495354126,0.22348317760757108,174,False,False,True,False,False,17.421525848319845,0.1057263708950878,True,False,1,True,,,
8930e1c3167ffff,True,250.50857099434612,274.38201945019694,0.06649767134858686,0.4166701227482195,0.2251612668436249,0.027707592883286447,0.028838610230807495,True,False,2059.887344318398,449.45934054068886,0.21819607843137254,98,False,False,False,True,False,23.87344845585082,0.09529992670945232,True,False,1,True,,,
8930e1c3173ffff,True,227.5521346681581,272.4248517593278,0.06602334327802933,0.4348631803187827,0.2346019042963589,0.02871112103316256,0.028838610230807495,True,False,2505.8834784147116,558.8272884518371,0.2230060947627805,88,False,False,False,True,False,44.872717091169704,0.19719752203866647,True,False,1,True,,,
8930e1c31abffff,True,100.73593219174158,136.08677864960856,0.03298122048836412,0.5859209387599623,0.3129879329413344,0.019324387669991606,0.028838610230807495,True,False,3212.9163652196926,831.9775322773868,0.25894777134060193,40,False,False,True,False,True,35.35084645786698,0.3509258879997248,True,False,1,True,,,
8930e1c31c3ffff,True,114.87909083913564,128.6914677772003,0.031188934853542127,0.5439550421801014,0.29121122974272334,0.01696537837381094,0.028838610230807495,True,False,2996.0279945215902,575.538677547391,0.19210056735110506,279,False,False,True,False,True,13.81237693806466,0.12023403769277763,True,False,1,True,,,
8930e1c31c7ffff,True,156.96169042936697,173.33689439529022,0.042008947449178206,0.5537793711592994,0.296309214386001,0.023263688501469964,0.028838610230807495,True,False,2396.2589809473793,590.2730825453151,0.24633108826657213,271,False,False,True,False,True,16.375203965923248,0.10432611882000671,True,False,1,True,,,
8930e1c31cbffff,True,139.6306645316996,149.0168703396069,0.036114884237291624,0.5980963415163525,0.3193059233515929,0.021600180136610705,0.028838610230807495,True,False,3364.1063138432755,576.3371493222118,0.17131954092847426,309,False,False,True,False,True,9.386205807907288,0.0672216653797876,True,False,1,True,,,
8930e1c320fffff,True,156.33446235404105,177.94125932251563,0.04312483524063449,0.5677292817322535,0.3035480222502936,0.024483231735987192,0.028838610230807495,True,False,2914.9377126592008,518.879191299621,0.17800695673399647,154,False,False,True,False,True,21.606796968474583,0.1382087905835055,True,False,1,True,,,
8930e1c3253ffff,True,254.3041553697335,328.93214739880176,0.07971813123009927,0.4767951751749033,0.2563610154062508,0.03800922034447111,0.028838610230807495,True,True,3008.0721703279773,709.120809923054,0.235739294062794,18,True,True,True,True,False,74.62799202906825,0.2934595855131286,True,True,4,False,종로구,창신3동,11010690.0
8930e1c3257ffff,True,332.5277682963305,391.77889704650244,0.09494931333078453,0.4959757185099889,0.2663140733279706,0.047092553901265925,0.028838610230807495,True,True,2851.4113475606528,661.4954776398315,0.2319887932709999,42,True,True,True,True,True,59.251128750171915,0.1781840026586007,True,True,4,False,종로구,창신3동,11010690.0
8930e1c327bffff,True,330.21804184827306,502.69395717697535,0.12183005876353575,0.31488805573540146,0.17234509836116832,0.03836283033417948,0.028838610230807495,True,True,2293.2852260670443,423.97275179604304,0.1848757175849212,10,True,True,False,False,False,172.47591532870229,0.5223091820281299,True,False,2,True,종로구,숭인2동,11010710.0
8930e1c3297ffff,True,257.9243834197764,310.0677246181193,0.07514625662707591,0.4191817940535604,0.2264646089620231,0.031499942669346935,0.028838610230807495,True,True,2033.4570231209073,335.9257113108018,0.1651993169716614,210,True,True,False,True,False,52.14334119834291,0.20216522574168072,True,False,3,True,성북구,동선동,11080830.0
8930e1c32b3ffff,True,148.2433115750246,169.5950827358423,0.04110210317972913,0.5095175497739766,0.2733411230096173,0.020942242902692757,0.028838610230807495,True,False,1860.3107070792303,272.3742645386207,0.14641331875483332,584,False,False,True,False,False,21.35177116081772,0.1440319359704251,True,False,1,True,,,
8930e1c32b7ffff,True,342.8322254621896,393.0282356587571,0.0952520959570196,0.4083999068254437,0.22086973366510718,0.03890094711377502,0.028838610230807495,True,True,1860.0590179820679,271.83777906472966,0.1461447063973485,107,True,True,False,True,False,50.1960101965675,0.14641567060650643,True,False,3,True,성북구,동선동,11080830.0
8930e1c32c3ffff,True,382.72241156523677,474.200852024269,0.11492463126525428,0.3277247979170048,0.1790062672460961,0.037663651557091754,0.028838610230807495,True,True,1943.7184481785569,389.1961421148075,0.200232776758136,36,True,True,False,True,False,91.47844045903224,0.2390203387486738,True,False,3,True,성북구,삼선동,11080820.0
8930e1c3377ffff,True,240.03656684110643,266.81069854266184,0.06466272891907632,0.4684879783149452,0.2520502922911737,0.030293711143625408,0.028838610230807495,True,True,2266.7585484635565,720.2576976042363,0.3177478686878397,44,True,True,True,True,False,26.774131701555405,0.1115418873628479,True,True,4,False,동대문구,청량리동,11060800.0
8930e1c338fffff,True,139.3406073374512,179.73146428291247,0.0435586991699897,0.7168858964861836,0.3809475202790017,0.03122661710425005,0.028838610230807495,True,True,2512.987673516139,510.314421968361,0.20307080187716794,79,True,True,True,True,True,40.39085694546128,0.2898714001414091,True,True,4,False,성북구,종암동,11080840.0
8930e1c3397ffff,True,167.73467184890936,192.85356093104676,0.046738896152505205,0.5247731143439087,0.28125745338360214,0.02452731609494669,0.028838610230807495,True,False,2512.8932379925845,510.2952448708671,0.20307080187716792,137,False,False,True,False,True,25.1188890821374,0.14975370807511867,True,False,1,True,,,
8930e1c33b3ffff,True,372.7829786789012,399.75221665637747,0.09688168188772255,0.5095008151073623,0.2733324391520643,0.04936129589076682,0.028838610230807495,True,True,2513.242767458122,510.3662240997136,0.20307080187716794,81,True,True,True,True,True,26.96923797747627,0.0723456797116973,True,True,4,False,성북구,종암동,11080840.0
8930e1c33bbffff,True,188.7572100903598,208.96587666348287,0.050643785687129676,0.5315709310408177,0.2847849375712792,0.02692076430913916,0.028838610230807495,True,False,2513.189216301536,510.3553494234041,0.20307080187716792,72,False,False,True,True,True,20.208666573123082,0.10706169350272242,True,False,2,True,,,
8930e1c3427ffff,True,249.05679218540942,293.3988237075773,0.07110647626277775,0.6697377606678151,0.35648167911365086,0.047622692181211915,0.028838610230807495,True,True,3978.5288696128387,722.7198006415346,0.18165503489531404,45,True,True,True,True,True,44.3420315221679,0.17803984036362933,True,True,4,False,강북구,삼각산동,11090730.0
8930e1c342bffff,True,159.03689695252515,222.97414976807448,0.054038751373791445,0.5695296870175304,0.30448227827077623,0.030776673156733582,0.028838610230807495,True,True,2709.524826814466,640.1896644134686,0.2362737768917684,37,True,True,True,True,True,63.93725281554933,0.4020277938058332,True,True,4,False,성북구,정릉4동,11080650.0
8930e1c3437ffff,True,272.46870941310914,372.8877814398629,0.09037096960572681,0.5027031742609672,0.2698050462157308,0.04542977328184026,0.028838610230807495,True,True,2952.619288700019,649.5489146589516,0.21999074419951223,2,True,True,True,True,True,100.41907202675378,0.36855267616987647,True,True,4,False,강북구,삼양동,11090690.0
8930e1c350fffff,True,296.747272034346,341.0684461790002,0.08265941582772349,0.35994777996110777,0.19572723291909805,0.029753073220071122,0.028838610230807495,True,True,1791.1151123260227,512.7741840057383,0.28628767658591564,32,True,True,False,True,False,44.32117414465421,0.14935663549932957,True,False,3,True,강북구,송천동,11090720.0
8930e1c3527ffff,True,195.92249863330625,302.5887792333117,0.07333370180577416,0.4948085335366225,0.2657084043725961,0.036286141449327076,0.028838610230807495,True,True,2240.936329852091,560.7649051226831,0.2502368753866806,32,True,True,True,True,True,106.66628060000545,0.5444309936024494,True,True,4,False,강북구,미아동,11090700.0
8930e1c352bffff,True,267.9062822867085,288.1929043811432,0.06984479915605571,0.5626001699976794,0.30088645290424665,0.03929469587865071,0.028838610230807495,True,True,2095.788107737666,552.6336152820262,0.26368773314520616,261,True,True,True,True,True,20.286622094434676,0.07572283083949594,True,True,4,False,강북구,송중동,11090710.0
8930e1c352fffff,True,110.50727224987553,175.37030708161566,0.042501753824764565,0.5496281755000968,0.2941550996605408,0.02336016141025961,0.028838610230807495,True,False,2396.2706303889718,590.2759521649402,0.24633108826657213,37,False,False,True,False,True,64.86303483174014,0.5869571613809624,True,False,1,True,,,
8930e1c3533ffff,True,53.55681852045956,58.176596533295026,0.014099350256996636,0.8353593132870217,0.4424250685946332,0.011778023548477902,0.028838610230807495,True,False,2133.6595227153125,539.5716087245062,0.2528855250709555,447,False,False,True,False,True,4.619778012835468,0.08625938098004532,True,False,1,True,,,
8930e1c3543ffff,True,186.82025044552864,235.88878955633305,0.05716867028737711,0.7136087054960497,0.3792469390610716,0.04079606079870566,0.028838610230807495,True,True,3979.08229554724,722.8203332489603,0.18165503489531407,25,True,True,True,True,True,49.06853911080441,0.2626510723210457,True,True,4,False,강북구,삼각산동,11090730.0
8930e1c3547ffff,True,177.53505522109253,212.81965832060558,0.05157776637069657,0.6562671484266431,0.34949158600027386,0.03384879365831265,0.028838610230807495,True,True,3908.8039074349945,716.1238070256261,0.18320791320932633,227,True,True,True,True,True,35.28460309951305,0.19874724490648632,True,True,4,False,강북구,삼각산동,11090730.0
8930e1c3553ffff,True,234.4399071806462,324.48136813753587,0.07863946559029597,0.7003647548023056,0.3723744638624097,0.05507631003593199,0.028838610230807495,True,True,3920.7808190712444,718.6269957535021,0.18328670459159477,55,True,True,True,True,True,90.04146095688967,0.3840705366237361,True,True,4,False,강북구,삼각산동,11090730.0
8930e1c3557ffff,True,73.86551554574108,85.02203571623039,0.020605458767942033,0.599781006835628,0.3201801202504258,0.012358762806146291,0.028838610230807495,True,False,3255.245541194921,671.0883179265776,0.20615597485166587,163,False,False,True,False,True,11.156520170489316,0.1510382766310033,True,False,1,True,,,
8930e1c355bffff,True,388.9181800693126,489.5128853772163,0.11863556889747659,0.5562253900388636,0.2975784885228493,0.0659881155824814,0.028838610230807495,True,True,3898.845269956296,716.9965491886134,0.18389971890232273,63,True,True,True,True,True,100.59470530790372,0.25865261760192293,True,True,4,False,강북구,삼각산동,11090730.0
8930e1c3577ffff,True,316.6909788687329,345.7672223839441,0.08379818460143182,0.3739419513865712,0.20298900837200345,0.031335656672511536,0.028838610230807495,True,True,1755.6295540152144,510.024018895969,0.29050776556450536,50,True,True,False,True,False,29.076243515211218,0.09181266741185956,True,False,3,True,강북구,송천동,11090720.0
8930e1c35a7ffff,True,198.8822045570526,222.35367351151558,0.05388837626440588,0.5128081380081964,0.275048656248877,0.027634397892435065,0.028838610230807495,True,False,2133.7501212906564,539.5945197928028,0.2528855250709556,78,False,False,True,True,True,23.471468954462978,0.1180169387539638,True,False,2,True,,,
8930e1c35abffff,True,298.18276526700447,319.53063112991106,0.07743963302427728,0.4315659363790036,0.23289091731641087,0.03342030773896863,0.028838610230807495,True,True,2133.533780092286,539.5398102352584,0.2528855250709556,91,True,True,False,True,False,21.347865862906588,0.07159322519459123,True,False,3,True,강북구,미아동,11090700.0
8930e1c35afffff,True,245.0238778666934,283.4665478256553,0.0686993461648836,0.4891317039716279,0.2627626164204494,0.03360302825136624,0.028838610230807495,True,True,2133.7048291305678,539.583066061117,0.2528855250709555,29,True,True,True,True,False,38.442669958961915,0.15689356602166285,True,True,4,False,강북구,미아동,11090700.0
8930e1c35b7ffff,True,164.79118333457447,178.22269271873716,0.043193041843698196,0.5029176258336735,0.2699163282001491,0.021722542056567214,0.028838610230807495,True,False,2082.0588181309226,529.6289213746511,0.25437750209674787,232,False,False,True,False,False,13.431509384162695,0.0815062378482518,True,False,1,True,,,
8930e1c35bbffff,True,350.597433635974,399.5598064862653,0.09683505044925626,0.42697634309362603,0.23050931180042222,0.041346275724110225,0.028838610230807495,True,True,2218.452225102174,561.0244437560341,0.25289002729377924,66,True,True,False,True,False,48.962372850291274,0.13965411082024348,True,False,3,True,강북구,삼양동,11090690.0
8930e1c35cfffff,True,229.50800434106043,348.1936776671955,0.08438624655349054,0.4258282574256866,0.2299135537474585,0.03593404832056723,0.028838610230807495,True,True,2517.083545029063,618.2971556492593,0.24564029941331178,27,True,True,False,True,False,118.68567332613509,0.5171308672518551,True,False,3,True,강북구,삼양동,11090690.0
8930e1c362fffff,True,155.1839372285654,169.75981372624025,0.04114202644905399,0.5714930652982614,0.3055011033065934,0.023512382807952006,0.028838610230807495,True,False,3703.8201627813637,678.0168858114262,0.18305880307705683,5,False,False,True,False,True,14.575876497674841,0.09392645113911824,True,False,1,True,,,
8930e1c8167ffff,True,390.9920384640149,496.23875647796785,0.12026561290286344,0.26302747662001635,0.14543390305393408,0.031633160685999855,0.028838610230807495,True,True,1594.1204344516757,284.3078929827804,0.17834781289945187,14,True,True,False,False,False,105.24671801395294,0.269178672863538,True,False,2,True,강남구,세곡동,11230760.0
8930e1c81a7ffff,True,236.60403467664023,265.9507917277799,0.0644543267763958,0.4958672710255284,0.26625779837916214,0.03196079112439903,0.028838610230807495,True,True,2257.93568951946,395.55885714608485,0.17518605998484782,26,True,True,True,True,False,29.34675705113969,0.12403320632823121,True,True,4,False,강남구,일원본동,11230720.0
8930e1c8417ffff,True,94.47712236656379,100.35177005182274,0.02432068631000915,0.5649704413501982,0.302116420567293,0.013740468878505595,0.028838610230807495,True,False,3032.439325552995,542.2772644036817,0.1788254293611603,329,False,False,True,False,True,5.8746476852589495,0.06218063736600465,True,False,1,True,,,
8930e1c842fffff,True,262.5583442839447,288.7537683286233,0.06998072696402775,0.45863578718958037,0.24693784958225232,0.03209566579924596,0.028838610230807495,True,True,2894.5727173938003,491.80921844728437,0.16990736335347514,34,True,True,True,True,False,26.195424044678646,0.0997699163441917,True,True,4,False,강남구,개포1동,11230680.0
8930e1c8433ffff,True,384.0690336796656,411.4611510926828,0.09971939288477609,0.3039056767075672,0.16664618500544678,0.030305289575515638,0.028838610230807495,True,True,2252.6921352840354,397.30069779962264,0.17636706391285384,11,True,True,False,False,False,27.392117413017218,0.07132081738165783,True,False,2,True,강남구,개포4동,11230710.0
8930e1c8483ffff,True,263.7550594235046,285.28422728907606,0.06913986865909744,0.44607243821108683,0.24041854833571297,0.0308413897903579,0.028838610230807495,True,True,2097.852736081402,348.30069884489797,0.16602723959332435,78,True,True,False,True,False,21.52916786557148,0.08162561094611141,True,False,3,True,강남구,도곡1동,11230660.0
8930e1c848fffff,True,268.6546385755413,310.84911775724095,0.07533563064022542,0.42830757119419205,0.23120010507778044,0.0322668209838977,0.028838610230807495,True,True,2554.6160512430397,443.74710417724594,0.17370403038113102,205,True,True,False,True,False,42.19447918169965,0.1570584427852164,True,False,3,True,강남구,도곡2동,11230670.0
8930e1c8493ffff,True,320.5622075873333,354.78625906254695,0.08598398722121114,0.37554621467214,0.2038214835070403,0.032290960923343506,0.028838610230807495,True,True,2097.7295949033714,348.28025405502933,0.16602723959332438,37,True,True,False,True,False,34.22405147521363,0.10676258980369574,True,False,3,True,강남구,도곡1동,11230660.0
8930e1c8497ffff,True,300.64126419536217,346.38668424980403,0.083948313868836,0.3927797375515728,0.21276420470203983,0.03297319668929846,0.028838610230807495,True,True,2097.8980259696145,348.30821820001944,0.16602723959332438,49,True,True,False,True,False,45.745420054441865,0.1521594854148686,True,False,3,True,강남구,도곡1동,11230660.0
8930e1c84abffff,True,357.8694994857353,385.6811985873745,0.09347150968705317,0.42466071514234627,0.22930769937883452,0.039693678149138746,0.028838610230807495,True,True,3032.6828245950987,542.3208082244349,0.1788254293611603,3,True,True,False,True,False,27.81169910163925,0.0777146393911891,True,False,3,True,강남구,도곡2동,11230670.0
8930e1c84c7ffff,True,267.6743920428712,286.5424738528572,0.0694448101659843,0.4228980913525879,0.22839304871606755,0.029368077673537555,0.028838610230807495,True,True,1517.387513540383,314.295065837516,0.20712907087537563,192,True,True,False,True,False,18.868081809985995,0.07048893121970386,True,False,3,True,서초구,양재1동,11220660.0
8930e1c8527ffff,True,207.57498120816604,234.85269600720724,0.05691756852621137,0.5827327090054361,0.31133351497933104,0.033167728897281694,0.028838610230807495,True,True,3051.490406459806,438.20981267006783,0.1436051746197223,43,True,True,True,True,True,27.277714799041206,0.1314113803131497,True,True,4,False,강남구,개포2동,11230800.0
8930e1c853bffff,True,305.7092652649884,331.123480093195,0.08024921020392985,0.5170594959291795,0.27725474660274646,0.04149361617675874,0.028838610230807495,True,True,3051.0003984288383,438.13944498121566,0.1436051746197223,127,True,True,True,True,True,25.414214828206582,0.08313197444695558,True,True,4,False,강남구,개포2동,11230800.0
8930e1c8553ffff,True,138.5265947419726,152.6064937022908,0.03698484501356723,0.5366600650080176,0.2874257618827718,0.019848289329292446,0.028838610230807495,True,False,3404.417387607075,552.9265811818779,0.16241445105840077,44,False,False,True,False,True,14.079898960318218,0.10164040332142885,True,False,1,True,,,
8930e1c8557ffff,True,245.68345392060746,285.70955133229734,0.06924294778395938,0.4551469452233055,0.2451274396494669,0.031515716162125965,0.028838610230807495,True,True,3050.2655264460745,438.03391356180776,0.14360517461972233,30,True,True,False,True,False,40.026097411689875,0.16291735065164095,True,False,3,True,강남구,개포2동,11230800.0
8930e1c8577ffff,True,315.0293398137002,342.97980400090063,0.083122641678036,0.44446051216957383,0.23958209688715784,0.036944731893107846,0.028838610230807495,True,True,3050.9345020177316,438.1299819155919,0.1436051746197223,74,True,True,True,True,False,27.950464187200453,0.0887233684447601,True,True,4,False,강남구,개포2동,11230800.0
8930e1c8583ffff,True,280.93422478975907,305.9271544940751,0.07414277151585694,0.5368035338908073,0.2875002099354377,0.039800101762170685,0.028838610230807495,True,True,2359.8588561467977,292.4043599486095,0.12390756302521008,125,True,True,True,True,True,24.992929704316055,0.08896363454121638,True,True,4,False,강남구,대치1동,11230600.0
8930e1c859bffff,True,278.65967673952343,300.5646249358397,0.07284313924084429,0.4011043790963424,0.2170839801132548,0.029217702136627263,0.028838610230807495,True,True,2359.66939329106,292.38088406787125,0.1239075630252101,14,True,True,False,True,False,21.90494819631624,0.07860824519936498,True,False,3,True,강남구,대치1동,11230600.0
8930e1c85b3ffff,True,392.3970580706714,424.5903519430474,0.10290131160148558,0.33267730438559684,0.1815761935969008,0.03423293096132456,0.028838610230807495,True,True,1856.6408827377797,291.6385818287131,0.1570786168398201,2,True,True,False,True,False,32.19329387237599,0.08204264840991218,True,False,3,True,강남구,대치2동,11230790.0
8930e1c85dbffff,True,387.33313439572055,413.50420367911966,0.10021453553192544,0.5043779297056509,0.27067410073908005,0.05054599995800594,0.028838610230807495,True,True,3081.996584983638,547.0608168730541,0.17750208405112766,23,True,True,True,True,True,26.171069283399106,0.06756733922138797,True,True,4,False,강남구,도곡2동,11230670.0
8930e1c891bffff,True,255.50608151862804,285.1346042757352,0.0691036068734773,0.4568512924207371,0.24601184975602144,0.031570072111082634,0.028838610230807495,True,True,2443.520997350612,339.91752777166914,0.13910972246206388,27,True,True,False,True,False,29.62852275710719,0.1159601469405615,True,False,3,True,송파구,위례동,11240820.0
8930e1c89bbffff,True,314.957202988041,388.3371715900575,0.0941151962529478,0.3404478121262179,0.1856084210615994,0.0320413126521457,0.028838610230807495,True,True,2423.534660463331,249.03639175534164,0.10275751191762651,6,True,True,False,False,False,73.3799686020165,0.23298393529613215,True,False,2,True,송파구,위례동,11240820.0
8930e1c89cfffff,True,279.99786315867834,301.44279041953627,0.07305596645102935,0.4547004514949457,0.24489574767586564,0.033218580929682655,0.028838610230807495,True,True,2459.1150783550397,410.6555735388369,0.16699323148940803,7,True,True,True,True,False,21.444927260857924,0.07658961043107965,True,True,4,False,송파구,장지동,11240810.0
8930e1c89d7ffff,True,240.65480098424456,271.95825813488887,0.06591026229133254,0.4520821335205393,0.24353706507749126,0.02979685199756396,0.028838610230807495,True,True,2470.7800969978744,463.3263212195657,0.1875222816399287,64,True,True,False,True,False,31.303457150644306,0.13007617975048713,True,False,3,True,송파구,장지동,11240810.0
8930e1c8c33ffff,True,329.73961288075077,359.9747114833131,0.08724143114765806,0.41050360490744703,0.2219613726502077,0.035812921983398464,0.028838610230807495,True,True,1403.552714099978,560.410593677151,0.39928004701733766,2,True,True,False,True,False,30.235098602562346,0.09169386213083464,True,False,3,True,강남구,수서동,11230750.0
8930e1c8cabffff,True,110.46466941443524,117.53379833523557,0.028484825316573675,0.6659642387714144,0.3545235446986027,0.0189698750084887,0.028838610230807495,True,False,1403.470324731969,560.3776972464187,0.39928004701733766,520,False,False,True,False,True,7.069128920800338,0.0639944785810092,True,False,1,True,,,
8930e1c8cbbffff,True,150.04747654043211,170.57324654644427,0.04133916541774614,0.5269672132936892,0.28239600267032666,0.021784384800076533,0.028838610230807495,True,False,1403.3879362505704,560.3448011696922,0.39928004701733766,19,False,False,True,False,True,20.525770006012152,0.13679516963073507,True,False,1,True,,,
8930e1c8cd3ffff,True,313.38146487321694,346.4463841063814,0.08396278238776517,0.3669419021101785,0.19935658281003393,0.030809463075829546,0.028838610230807495,True,True,2258.1170171109325,395.5906232124014,0.1751860599848478,29,True,True,False,True,False,33.06491923316446,0.10551013043014959,True,False,3,True,강남구,일원본동,11230720.0
8930e1c8d17ffff,True,213.8766392988053,230.86127338052898,0.055950229957255536,0.4814564842842377,0.25877983528771786,0.026937601010114887,0.028838610230807495,True,False,2055.0341368317054,390.61948544439673,0.19007931714780368,508,False,False,True,True,False,16.984634081723698,0.07941322688353358,True,False,2,True,,,
8930e1c8d2bffff,True,233.14977405988583,252.3710809845404,0.06116322503502706,0.4406810809503373,0.2376208960400782,0.026953476122844457,0.028838610230807495,True,False,2757.117566792416,530.6166555275599,0.1924534020306107,134,False,False,False,True,False,19.221306924654584,0.0824418852737875,True,False,1,True,,,
8930e1c8d2fffff,True,210.4562225215192,238.23162248564856,0.05773646599961236,0.47193353751625955,0.25383824217894696,0.027247774642884304,0.028838610230807495,True,False,2757.338994117787,530.6592699696303,0.19245340203061073,38,False,False,False,True,False,27.77539996412935,0.13197709068112398,True,False,1,True,,,
8930e1c8d37ffff,True,250.21481431526362,285.90421956152335,0.06929012647283637,0.41393975099623614,0.22374443793942966,0.0286819376986636,0.028838610230807495,True,False,2762.9622628833104,465.9700596350252,0.1686487238333681,56,False,False,False,True,False,35.689405246259724,0.14263506077338842,True,False,1,True,,,
8930e1c8d43ffff,True,80.02246445648939,88.14052920530044,0.021361239177877127,0.5811342855609462,0.3105040702212495,0.012413748468332117,0.028838610230807495,True,False,1424.2519976177703,232.2198258611952,0.1630468668814299,668,False,False,True,False,True,8.118064748811051,0.10144732237314544,True,False,1,True,,,
8930e1c8d6bffff,True,121.45471165993905,135.29297032292283,0.03278883760071174,0.5475818741932681,0.2930932446819646,0.017954573146016433,0.028838610230807495,True,False,1985.6285580680724,357.31478867370333,0.17995046818895202,238,False,False,True,False,True,13.838258662983776,0.11393760253393467,True,False,1,True,,,
8930e1c8d73ffff,True,220.5899452078316,240.5105174305607,0.05828876606427542,0.8227217713450534,0.43586726755953487,0.04795543686591811,0.028838610230807495,True,True,1999.7724312920539,361.06323421524496,0.1805521611186338,1331,True,True,True,True,True,19.920572222729106,0.09030589406040555,True,True,4,False,송파구,문정2동,11240690.0
8930e1c8d77ffff,True,304.0443331138042,351.96102656715743,0.08529927988383455,0.5518835460315469,0.2953254436462297,0.047075269056228004,0.028838610230807495,True,True,2756.8961562663176,530.574044318567,0.1924534020306107,227,True,True,True,True,True,47.91669345335322,0.15759771926226934,True,True,4,False,송파구,문정1동,11240680.0
8930e1c8dabffff,True,116.60164484846332,125.33215428371068,0.030374790672029923,0.7605654639717951,0.4036134717895989,0.023102016760518596,0.028838610230807495,True,False,2089.560300263699,394.30635923634225,0.1887030296213904,208,False,False,True,False,True,8.730509435247356,0.07487466790535943,True,False,1,True,,,
8930e1ca01bffff,True,324.5737973379208,356.7071814814268,0.08644953109304634,0.34363361555526833,0.18726157996865445,0.029706964932561104,0.028838610230807495,True,True,1240.2853998630344,186.44662383057337,0.15032558139534885,220,True,True,False,False,False,32.13338414350602,0.09900178143478187,True,False,2,True,강남구,논현1동,11230520.0
8930e1ca043ffff,True,302.82317133972066,346.36819868687655,0.08394383381256006,0.5303289826606948,0.28414047281617827,0.04451784798645341,0.028838610230807495,True,True,1230.338413667707,182.446102947305,0.14828936569039006,609,True,True,True,True,True,43.545027347155894,0.14379688038569916,True,True,4,False,강남구,논현1동,11230520.0
8930e1ca047ffff,True,391.92512261032414,489.85278487634037,0.11871794501392034,0.30150453636646046,0.16540019898327307,0.035793998969801,0.028838610230807495,True,True,1237.742807998048,185.40889187255456,0.14979597592850402,367,True,True,False,False,False,97.92766226601623,0.24986319226946285,True,False,2,True,강남구,논현1동,11230520.0
8930e1ca0cbffff,True,73.42965871600819,85.94312235502167,0.02082868810604753,0.5929990240488341,0.3166608525048875,0.012351391719103743,0.028838610230807495,True,False,2389.436337695512,325.65513187123423,0.1362895201406838,501,False,False,True,False,True,12.51346363901348,0.17041429659110557,True,False,1,True,,,
8930e1ca0dbffff,True,149.27870108436966,163.0149516199164,0.03950737989117605,0.531773792597408,0.2848902053307769,0.02100898924031726,0.028838610230807495,True,False,2753.1175165001014,399.29924563352455,0.1450353075160894,483,False,False,True,False,True,13.73625053554673,0.09201748431467961,True,False,1,True,,,
8930e1ca113ffff,True,240.87610206857377,286.21539615544447,0.06936554146874392,0.48022723154752417,0.2581419584833334,0.03331122194432988,0.028838610230807495,True,True,1313.447729091561,238.15686153303767,0.1813219180772101,248,True,True,True,True,False,45.339294086870694,0.1882266181555997,True,True,4,False,강남구,청담동,11230780.0
8930e1ca11bffff,True,335.13577306740694,385.20916861148004,0.09335711117702467,0.40414390559776714,0.21866123383306704,0.03772970752640771,0.028838610230807495,True,True,1327.4504306972544,239.5665892009489,0.1804712128309865,209,True,True,False,True,False,50.073395544073094,0.1494122668128349,True,False,3,True,강남구,청담동,11230780.0
8930e1ca133ffff,True,326.57405211201717,442.6791095717224,0.10728520039385671,0.2897105301822977,0.15928012070241612,0.031081652286818282,0.028838610230807495,True,True,1313.7357815028963,238.20909174876772,0.18132191807721007,162,True,True,False,False,False,116.10505745970522,0.35552444142096257,True,False,2,True,강남구,청담동,11230780.0
8930e1ca143ffff,True,285.6025509696488,345.112884552845,0.08363960299272961,0.4098680743587988,0.22163158677025577,0.034281203018764514,0.028838610230807495,True,True,2717.0952684326912,379.69073230024543,0.13974141308606502,74,True,True,False,True,False,59.5103335831962,0.20836765421440653,True,False,3,True,강남구,삼성2동,11230590.0
8930e1ca16bffff,True,190.32959574511264,221.3859793986211,0.05365385140299491,0.48298199868146646,0.25957144649970376,0.025913844387576886,0.028838610230807495,True,False,2461.977606887462,349.6960923901372,0.14203869743244255,304,False,False,True,True,False,31.056383653508448,0.163171594685142,True,False,2,True,,,
8930e1ca1cbffff,True,107.00544178231542,117.17498161912582,0.02839786453062255,0.555359789325506,0.2971293159479843,0.0157710320630208,0.028838610230807495,True,False,1180.2975051664282,194.0124747370323,0.16437590852119568,948,False,False,True,False,True,10.1695398368104,0.09503759498043679,True,False,1,True,,,
8930e1ca203ffff,True,185.93142949488427,201.6614818774796,0.04887353395979978,0.6950989217168757,0.36964194785440274,0.033971940755949934,0.028838610230807495,True,True,2038.1667562779583,275.2656849918844,0.13505552680810412,986,True,True,True,True,True,15.730052382595318,0.0846013631225705,True,True,4,False,서초구,서초2동,11220520.0
8930e1ca207ffff,True,136.7040836463185,151.23155145404237,0.03665162180189135,0.5353653722350744,0.28675392730880733,0.01962200914898873,0.028838610230807495,True,False,1167.6647978765589,139.1960233388209,0.11920888905099646,682,False,False,True,False,True,14.527467807723866,0.10626945018928187,True,False,1,True,,,
8930e1ca20fffff,True,61.89241593923912,67.8047573353909,0.016432776747522665,0.8450212347612338,0.44743877766365797,0.013886045297747293,0.028838610230807495,True,False,1680.1241057174125,219.29830848994385,0.13052506522802584,1296,False,False,True,False,True,5.912341396151781,0.09552610455465224,True,False,1,True,,,
8930e1ca217ffff,True,114.67606263119116,124.18600045529902,0.030097015325273004,0.8026852274141136,0.42547001870105583,0.024158429590852824,0.028838610230807495,True,False,1702.0530258861218,222.7275767927469,0.1308581891429561,1007,False,False,True,False,True,9.509937824107865,0.08292870897296768,True,False,1,True,,,
8930e1ca237ffff,True,271.7536096241649,359.97805745075823,0.08724224205736691,0.34856934967154557,0.18982280290625775,0.030409971577823946,0.028838610230807495,True,True,1095.2706367856333,127.87330035065685,0.1167504140583331,221,True,True,False,False,False,88.22444782659335,0.3246486696114459,True,False,2,True,강남구,역삼1동,11230640.0
8930e1ca27bffff,True,145.63385974340986,163.4256576284156,0.039606916271981166,0.534722626630731,0.28642039743339137,0.02117871430169721,0.028838610230807495,True,False,2038.198414693809,275.269960635915,0.13505552680810412,506,False,False,True,False,True,17.791797885005735,0.12216800348732665,True,False,1,True,,,
8930e1ca28fffff,True,197.82925934612322,218.98709327562062,0.05307247095638396,0.669366956656716,0.35628926361552865,0.03552495836632668,0.028838610230807495,True,True,2345.4723492712396,355.61012207396055,0.15161556783410896,662,True,True,True,True,True,21.1578339294974,0.10694997291820989,True,True,4,False,서초구,서초4동,11220540.0
8930e1ca297ffff,True,168.07313071171546,180.17393412258184,0.04366593365291593,0.7239078418755185,0.3845913080467527,0.03161011179416194,0.028838610230807495,True,True,2509.1532462715086,398.4086429912412,0.1587821084994545,517,True,True,True,True,True,12.100803410866376,0.07199725119431535,True,True,4,False,서초구,서초4동,11220540.0
8930e1ca29bffff,True,260.0735934542692,286.6483203827415,0.06947046253114926,0.4033146347018854,0.21823091331944477,0.02801845421832148,0.028838610230807495,True,False,2508.8977471036474,398.36807429464835,0.1587821084994545,0,False,False,False,True,False,26.574726928472273,0.10218156551578204,True,False,1,True,,,
8930e1ca2a3ffff,True,181.62395345039369,224.32111438085775,0.054365194084281435,0.5862260123040233,0.3131462399611814,0.03187029093616258,0.028838610230807495,True,True,1095.1420223252487,127.85828455915306,0.1167504140583331,531,True,True,True,True,True,42.697160930464065,0.2350855166365806,True,True,4,False,강남구,역삼1동,11230640.0
8930e1ca2abffff,True,116.85224724061605,132.27983837219875,0.03205859201614076,0.5940531920222295,0.3172078753245818,0.01904450891892678,0.028838610230807495,True,False,1095.1184089861647,127.8555276920377,0.1167504140583331,977,False,False,True,False,True,15.427591131582702,0.13202648212502932,True,False,1,True,,,
8930e1ca2afffff,True,202.16186670697738,224.48528640436146,0.054404981885557396,0.6216176227341005,0.3315114521660487,0.03381909550459199,0.028838610230807495,True,True,1095.2063291864406,127.86579241182399,0.11675041405833309,757,True,True,True,True,True,22.323419697384082,0.11042349410900852,True,True,4,False,강남구,역삼1동,11230640.0
8930e1ca2b3ffff,True,284.1784911230931,383.8467069035111,0.09302691267836541,0.336516902451769,0.1835686158803108,0.031305128499174724,0.028838610230807495,True,True,1095.0777161474007,127.85077678626278,0.1167504140583331,250,True,True,False,False,False,99.668215780418,0.3507239952838172,True,False,2,True,강남구,역삼1동,11230640.0
8930e1ca2bbffff,True,169.05407483349995,193.65147707083202,0.046932274586461965,0.7374347213632578,0.391610599038125,0.03460948883261149,0.028838610230807495,True,True,1217.1659978130917,150.55714786676776,0.1236948354926748,1134,True,True,True,True,True,24.597402237332062,0.1455002031838502,True,True,4,False,강남구,역삼1동,11230640.0
8930e1ca303ffff,True,299.6680564807913,330.7567249235493,0.08016032549936589,0.3745496169035767,0.203304334688997,0.030024019206653502,0.028838610230807495,True,True,2494.73518111832,280.51324560585914,0.11244209314437652,3,True,True,False,True,False,31.088668442758035,0.10374368495545944,True,False,3,True,강남구,역삼2동,11230650.0
8930e1ca317ffff,True,195.44137117799536,212.4834802095798,0.051496292148783714,0.6921095415954427,0.368090715807486,0.03564107515295969,0.028838610230807495,True,True,1963.2037031607938,222.5401831782361,0.11335562520585223,962,True,True,True,True,True,17.04210903158443,0.08719806317805445,True,True,4,False,강남구,역삼2동,11230650.0
8930e1ca333ffff,True,210.84694270972113,229.31628488522128,0.055575795300771176,0.6282577221992499,0.3349570946292484,0.034915922565074274,0.028838610230807495,True,True,1899.3516486182273,240.1395705472243,0.12643239113827348,606,True,True,True,True,True,18.469342175500145,0.08759596861182571,True,True,4,False,강남구,대치4동,11230630.0
8930e1ca337ffff,True,274.01782611601527,303.9808646894363,0.0736710797481627,0.6216615021498799,0.3315342218216937,0.04579847410124642,0.028838610230807495,True,True,1899.5041351349469,240.1588497821495,0.12643239113827348,381,True,True,True,True,True,29.963038573421045,0.10934704138823113,True,True,4,False,강남구,대치4동,11230630.0
8930e1ca363ffff,True,109.26866978992587,123.84118717246491,0.030013448332055024,0.5389238036453433,0.2886004481981341,0.016174961735624077,0.028838610230807495,True,False,3013.0219008462805,532.6185397704944,0.17677220986043796,25,False,False,True,False,True,14.572517382539047,0.13336409613620623,True,False,1,True,,,
8930e1ca36bffff,True,347.28413443387825,418.38009681104614,0.1013962293603599,0.4450236611900499,0.23987432295820477,0.045123721220813394,0.028838610230807495,True,True,3033.057305854177,542.3877749963773,0.1788254293611603,4,True,True,True,True,False,71.0959623771679,0.20471986862591424,True,True,4,False,강남구,도곡2동,11230670.0
8930e1ca3afffff,True,195.92763188179052,212.8625847032821,0.05158816976554411,0.7130162865614965,0.37893952441350287,0.03678320523673233,0.028838610230807495,True,True,2372.6365721343573,320.8992237038489,0.13525005366294973,754,True,True,True,True,True,16.934952821491578,0.08643473439064983,True,True,4,False,강남구,삼성2동,11230590.0
8930e1ca3bbffff,True,123.68690686179681,141.75206285588868,0.034354226664207704,0.5850869720285454,0.3125551756915752,0.020100210455343603,0.028838610230807495,True,False,1753.2542352266837,230.02767956265228,0.13120041288986892,587,False,False,True,False,True,18.065155994091867,0.14605552400366198,True,False,1,True,,,
8930e1ca3c7ffff,True,335.244963314406,388.511430315647,0.09415742861018131,0.5728220983704625,0.3061907575523781,0.05393545583365108,0.028838610230807495,True,True,2234.976623104836,252.18064693765137,0.11283368440217566,513,True,True,True,True,True,53.26646700124098,0.15888819469387697,True,True,4,False,강남구,역삼2동,11230650.0
8930e1ca3cfffff,True,270.00806804514957,307.46373808935874,0.07451516920840087,0.48834074900727015,0.2623521785910202,0.03638879354363395,0.028838610230807495,True,True,2494.334651659143,280.46820923510336,0.11244209314437653,241,True,True,True,True,False,37.45567004420917,0.1387205586684395,True,True,4,False,강남구,역삼2동,11230650.0
8930e1ca3d3ffff,True,116.79073955546164,131.39473170357164,0.03184408257971068,0.6565489626177781,0.34963782340963845,0.020907199383223905,0.028838610230807495,True,False,1119.542332617298,130.52093620721746,0.11658419016821088,1136,False,False,True,False,True,14.603992148109995,0.12504409342467468,True,False,1,True,,,
8930e1ca3dbffff,True,180.14026213356817,206.09966811945878,0.04994914762681166,0.4915953545801099,0.2640410399132942,0.02455476893857673,0.028838610230807495,True,False,1178.3997616115837,136.94023555381827,0.11620864159590318,555,False,False,True,False,False,25.959405985890612,0.14410662934776097,True,False,1,True,,,
8930e1ca46bffff,True,315.4141083254528,341.5502953876074,0.08277619407134798,0.6203505925376265,0.33085397209816103,0.051350261040170285,0.028838610230807495,True,True,2741.1250626078477,401.3424387693211,0.14641522353142564,279,True,True,True,True,True,26.13618706215459,0.08286308815072586,True,True,4,False,서초구,잠원동,11220550.0
8930e1ca54fffff,True,344.70739250020256,383.69286948729274,0.0929896295139463,0.3327438698545561,0.18161073536960054,0.03094172918081194,0.028838610230807495,True,True,1198.0441722170651,259.7909405703672,0.21684587813620074,292,True,True,False,False,False,38.98547698709018,0.11309730465692659,True,False,2,True,강남구,압구정동,11230770.0
8930e1ca563ffff,True,286.1603089763567,313.2948360115216,0.07592836105678216,0.45888161762712903,0.24706541450786978,0.03484212914551291,0.028838610230807495,True,True,1198.2364915599533,259.8326442271583,0.2168458781362007,430,True,True,True,True,False,27.134527035164922,0.09482281848321196,True,True,4,False,강남구,압구정동,11230770.0
8930e1ca617ffff,True,345.18377297270933,373.39641652814987,0.09049423952335858,0.4654469921707914,0.25047228114189907,0.042120271594930404,0.028838610230807495,True,True,2464.504519923546,352.0263376558135,0.14283858471752126,172,True,True,True,True,False,28.212643555440536,0.08173224167658387,True,True,4,False,서초구,반포3동,11220590.0
8930e1ca623ffff,True,304.9302976512557,343.9826952628348,0.08336569672103081,0.503037007414413,0.2699782770077052,0.04193603059956488,0.028838610230807495,True,True,2857.48813446471,381.195855663711,0.1334024281907018,35,True,True,True,True,True,39.05239761157907,0.12806991601812792,True,True,4,False,서초구,반포1동,11220570.0
8930e1ca627ffff,True,309.7191887825501,338.7244631954838,0.0820913413948693,0.486301966123229,0.2612942250294257,0.03992118072201816,0.028838610230807495,True,True,2857.717515758723,381.2264556853138,0.1334024281907018,225,True,True,True,True,True,29.005274412933716,0.09365023370669472,True,True,4,False,서초구,반포1동,11220570.0
8930e1ca62bffff,True,277.1330921953484,306.8792897194984,0.07437352561347046,0.4006571260746049,0.2168518941314738,0.029798283028329094,0.028838610230807495,True,True,2807.156625486426,383.66285924504825,0.1366731217495094,27,True,True,False,True,False,29.746197524149977,0.10733542244454218,True,False,3,True,서초구,반포1동,11220570.0
8930e1ca637ffff,True,284.54121285920695,310.38467841258625,0.07522307175256913,0.5133603516539482,0.2753352077977728,0.03861654256738907,0.028838610230807495,True,True,2857.444520319637,381.22226827062485,0.13341370779369705,155,True,True,True,True,True,25.843465553379303,0.09082503477683156,True,True,4,False,서초구,반포1동,11220570.0
8930e1ca66bffff,True,272.0452661103519,312.6636627731826,0.0757753934875107,0.5628107484202278,0.3009957250557219,0.04264720592054315,0.028838610230807495,True,True,2508.494962552977,398.30411931442194,0.15878210849945454,556,True,True,True,True,True,40.61839666283066,0.14930749299035512,True,True,4,False,서초구,서초4동,11220540.0
8930e1ca6c3ffff,True,232.82698002957451,251.26278552217963,0.06089462482732805,0.7817205503790519,0.41459114831689803,0.047602579635144755,0.028838610230807495,True,True,1763.0447445313816,289.9940201504902,0.16448477615216214,681,True,True,True,True,True,18.435805492605112,0.0791824276132574,True,True,4,False,서초구,반포4동,11220600.0
8930e1ca6c7ffff,True,107.35723880894804,116.31260088020692,0.02818886282173182,0.6804594641870346,0.3620453242243238,0.019181378491717454,0.028838610230807495,True,False,1741.9118541064086,285.4795044424663,0.1638886053674144,743,False,False,True,False,True,8.955362071258875,0.08341647168474364,True,False,1,True,,,
8930e1ca80bffff,True,290.6545112540582,312.7905921321766,0.07580615536766518,0.5185137169867469,0.27800936268238985,0.0393065313901629,0.028838610230807495,True,True,2698.650726083132,334.2030448176219,0.12384079258107251,339,True,True,True,True,True,22.136080878118378,0.07615942647031358,True,True,4,False,송파구,잠실2동,11240790.0
8930e1ca82fffff,True,284.9260276507625,307.45784420623454,0.07451374080028672,0.4169630075672931,0.22531324895996563,0.031069473469177267,0.028838610230807495,True,True,2239.1251228197443,447.8648053016515,0.20001776619684947,1,True,True,False,True,False,22.531816555472062,0.07907953071626578,True,False,3,True,송파구,잠실3동,11240800.0
8930e1ca843ffff,True,266.09650602079716,286.8085719938183,0.06950930020348589,0.5552420500003302,0.2970682193302991,0.03859448633907188,0.028838610230807495,True,True,2313.639010158742,375.339733781277,0.1622291689123639,358,True,True,True,True,True,20.71206597302114,0.07783667017184494,True,True,4,False,송파구,잠실본동,11240710.0
8930e1ca84fffff,True,314.41265758828524,338.0404453856559,0.08192556671471476,0.4239813865862043,0.2289551860871599,0.03473491537256535,0.028838610230807495,True,True,2313.7749107693385,375.3617808243888,0.16222916891236394,171,True,True,False,True,False,23.627787797370672,0.07514897135060833,True,False,3,True,송파구,잠실본동,11240710.0
8930e1ca857ffff,True,370.9763010778915,397.70234499740315,0.09638488660879575,0.4531630367759799,0.24409796121693983,0.043678067914950366,0.028838610230807495,True,True,2564.689226208742,348.48825891565616,0.13587933202761168,272,True,True,True,True,False,26.726043919511653,0.07204245619425743,True,True,4,False,송파구,잠실2동,11240790.0
8930e1ca86fffff,True,212.7077735956533,229.67199799188217,0.055662003913524,0.50487904018445,0.27093413412465905,0.028102579110603095,0.028838610230807495,True,False,2366.286137810097,451.40511398656713,0.19076522774389595,244,False,False,True,True,False,16.96422439622887,0.07975366442637401,True,False,2,True,,,
8930e1ca877ffff,True,326.15072923725086,348.42112601401595,0.08444136964590727,0.3719397841675891,0.20195005520204581,0.03140710480091436,0.028838610230807495,True,True,2632.9779420053237,350.54314424205864,0.13313561752632028,2,True,True,False,True,False,22.270396776765097,0.06828252945761469,True,False,3,True,송파구,잠실2동,11240790.0
8930e1ca8dbffff,True,394.46039407123345,429.73510169667713,0.10414816399718235,0.2835366176210249,0.1560763892829012,0.029529818151200884,0.028838610230807495,True,True,2697.9004796069007,334.1101336993743,0.12384079258107253,0,True,True,False,False,False,35.27470762544368,0.08942522026450547,True,False,2,True,송파구,잠실2동,11240790.0
8930e1ca92bffff,True,360.97612373975517,393.07065929475095,0.09526237750903012,0.4510394267803329,0.24299598965541713,0.04296708814540462,0.028838610230807495,True,True,2542.6044087116625,408.19374453204637,0.16054158607350097,1,True,True,True,True,False,32.09453555499579,0.08891041108894576,True,True,4,False,송파구,잠실4동,11240750.0
8930e1ca96bffff,True,138.81761567925193,150.85871701647582,0.03656126376040446,0.719865140255936,0.38249349242823827,0.026319179264817822,0.028838610230807495,True,False,2780.725087215365,445.2470373722903,0.16011904212298939,735,False,False,True,True,True,12.041101337223893,0.08674044196988459,True,False,2,True,,,
8930e1ca96fffff,True,190.8261818671653,206.8368256709443,0.050127800953618705,0.6229817559511219,0.3322193203783699,0.031228705460053706,0.028838610230807495,True,True,2878.70052782977,456.68486314817653,0.1586427135206272,315,True,True,True,True,True,16.010643803779004,0.08390171436183774,True,True,4,False,송파구,방이2동,11240580.0
8930e1caa87ffff,True,367.2848960703998,396.655672692445,0.09613122104031484,0.3528979472421512,0.1920689740176488,0.0339245105710086,0.028838610230807495,True,True,2313.5392943960514,375.32355697596824,0.1622291689123639,26,True,True,False,True,False,29.37077662204524,0.07996728680183887,True,False,3,True,송파구,잠실본동,11240710.0
8930e1caab3ffff,True,237.34646851083215,255.63505182993237,0.06195426251264005,0.4748259110735055,0.2553391361340134,0.02941748914245144,0.028838610230807495,True,True,2313.7250465326365,375.3536913907101,0.16222916891236389,171,True,True,True,True,False,18.288583319100212,0.07705437301783805,True,True,4,False,송파구,잠실본동,11240710.0
8930e1caab7ffff,True,217.81116480481833,233.290873435459,0.05653905405835728,0.4558436275813201,0.2454889580768242,0.02577296750197794,0.028838610230807495,True,False,2313.910812874947,375.3838281100351,0.1622291689123639,181,False,False,False,True,False,15.479708630640658,0.07106939924090715,True,False,1,True,,,
8930e1cab03ffff,True,394.7116731414501,432.5378227976124,0.10482741560056802,0.4182738227264984,0.2259934496704624,0.04384656384978896,0.028838610230807495,True,True,2668.0356738085584,471.5715226863898,0.1767485822306238,58,True,True,False,True,False,37.82614965616233,0.09583235619841127,True,False,3,True,송파구,석촌동,11240630.0
8930e1cab0fffff,True,256.81034605533995,277.88741219857513,0.0673472184705027,0.4520178578185418,0.24350371149757621,0.030442145423073965,0.028838610230807495,True,True,2668.19236988289,471.59921849536903,0.1767485822306238,74,True,True,False,True,False,21.077066143235186,0.08207249617074733,True,False,3,True,송파구,석촌동,11240630.0
8930e1cab17ffff,True,223.90856372485314,241.22115092263203,0.058460991170351057,0.5365035069162439,0.28734452165259095,0.03136452678069292,0.028838610230807495,True,True,2619.204617226339,468.88444393043676,0.17901787468096772,143,True,True,True,True,True,17.312587197778896,0.07731989750536394,True,True,4,False,송파구,석촌동,11240630.0
8930e1cab23ffff,True,283.6530617497923,306.6714445376763,0.07432315343303426,0.5962845359276543,0.318365751550817,0.044317747053496684,0.028838610230807495,True,True,2835.3182234555984,501.6459756354784,0.17692757429678838,258,True,True,True,True,True,23.01838278788398,0.08114977728739722,True,True,4,False,송파구,송파1동,11240610.0
8930e1cab27ffff,True,268.6537833166716,288.352643495587,0.06988351262261261,0.4698166150751034,0.2527397408849782,0.03283243534991412,0.028838610230807495,True,True,2835.696457142447,501.7133270602602,0.17692772644849322,40,True,True,True,True,False,19.698860178915425,0.07332433564017854,True,True,4,False,송파구,송파1동,11240610.0
8930e1cab33ffff,True,84.97769821808254,91.37771616160424,0.02214578546391135,0.5772044048250601,0.30846479897087903,0.012782644918080418,0.028838610230807495,True,False,2810.883004104023,497.253170949237,0.17690283452681016,286,False,False,True,False,True,6.4000179435217035,0.07531408919899214,True,False,1,True,,,
8930e1cab47ffff,True,328.18875107296026,352.3755344830515,0.08539973767337099,0.4699292040868758,0.25279816493146856,0.040131830754075205,0.028838610230807495,True,True,2381.8468328237846,403.09255706297654,0.1692352973785021,295,True,True,True,True,False,24.186783410091266,0.07369778315379936,True,True,4,False,송파구,가락1동,11240660.0
8930e1cab57ffff,True,177.24535091582686,199.92790559759175,0.048453394236545745,0.5022873814339484,0.2695892853783835,0.024337528512661327,0.028838610230807495,True,False,2667.7639310574714,471.5234925404037,0.1767485822306238,90,False,False,True,False,False,22.682554681764884,0.1279726354714756,True,False,1,True,,,
8930e1cab77ffff,True,212.97447609113343,228.90378506656376,0.055475824182301375,0.5026455039084579,0.2697751202460195,0.027884673600849886,0.028838610230807495,True,False,2475.8688077433594,425.5655981996747,0.1718853587349639,314,False,False,True,True,False,15.929308975430331,0.07479445080834032,True,False,2,True,,,
8930e1cab83ffff,True,112.08385601683923,123.46952949494609,0.02992337548346477,0.6068155568638814,0.32383044874536304,0.018157969757245693,0.028838610230807495,True,False,2239.208436755692,447.88146956901284,0.20001776619684947,331,False,False,True,False,True,11.385673478106852,0.1015817431940983,True,False,1,True,,,
8930e1cab93ffff,True,237.75559442825377,254.41989470756664,0.061659763918592646,0.5621535319875353,0.30065468606076656,0.034662254068354444,0.028838610230807495,True,True,2239.0769042032157,447.8551607216843,0.20001776619684947,66,True,True,True,True,True,16.66430027931287,0.07009004486050723,True,True,4,False,송파구,잠실3동,11240800.0
8930e1cab9bffff,True,287.5506178399877,306.8036992760794,0.07435520594196414,0.45753009507652437,0.2463640901504898,0.0340197444440614,0.028838610230807495,True,True,2239.0286706721413,447.84551315854304,0.20001776619684947,0,True,True,True,True,False,19.25308143609169,0.06695545146352419,True,True,4,False,송파구,잠실3동,11240800.0
8930e1cabafffff,True,338.10457663539273,367.3477762483447,0.08902832534196188,0.5134555658384793,0.2753846157982163,0.045712089164109265,0.028838610230807495,True,True,2835.3633586320284,501.65439269812845,0.1769277264484932,148,True,True,True,True,True,29.24319961295197,0.08649158169925462,True,True,4,False,송파구,송파1동,11240610.0
8930e1cabb3ffff,True,333.0938574222598,359.620386403474,0.08715555892922,0.5114969331278331,0.2743682533065044,0.044579801097338154,0.028838610230807495,True,True,1344.0175924732569,274.88497248515404,0.20452483213356723,1,True,True,True,True,True,26.5265289812142,0.07963680022951242,True,True,4,False,송파구,잠실6동,11240770.0
8930e1cabc3ffff,True,209.941204287583,224.41066935606415,0.05438689812057666,0.5049386499873509,0.2709650665028827,0.027462046914003575,0.028838610230807495,True,False,2792.6201288326256,463.5617521815513,0.1659952771218225,168,False,False,True,True,False,14.469465068481156,0.06892151122778405,True,False,2,True,,,
8930e1cabcbffff,True,342.05408169844384,376.4661746174655,0.09123820869798605,0.4798927128933971,0.2579683719752634,0.04378455149161046,0.028838610230807495,True,True,2792.559911306981,463.55175635669434,0.1659952771218225,68,True,True,True,True,True,34.41209291902169,0.10060424582028382,True,True,4,False,송파구,삼전동,11240640.0
8930e1cabdbffff,True,267.2715852363371,286.3566029506668,0.06939976354743442,0.5570922528575997,0.2980283160222238,0.038662070622424966,0.028838610230807495,True,True,2792.3959203195705,463.52453462729363,0.1659952771218225,95,True,True,True,True,True,19.085017714329695,0.07140683397920362,True,True,4,False,송파구,삼전동,11240640.0
8930e1cac33ffff,True,214.52815435193605,235.1372255553012,0.0569865254950974,0.47390485065889415,0.2548611847279518,0.027006190854323396,0.028838610230807495,True,False,3163.803767367259,606.6783786075405,0.19175600739371532,42,False,False,True,True,False,20.609071203365147,0.09606697668948251,True,False,2,True,,,
8930e1cac87ffff,True,236.83133417030749,254.04258366425375,0.0615683209523054,0.4611651542212942,0.2482503742658407,0.02839316422711606,0.028838610230807495,True,False,2095.1783967396896,414.11758751684283,0.19765266201734988,227,False,False,False,True,False,17.21124949394627,0.07267302510557792,True,False,1,True,,,
8930e1cac8fffff,True,356.92748896497073,385.0462387972418,0.09331762443054685,0.38725491795306616,0.20989729689289544,0.036137708992426465,0.028838610230807495,True,True,2095.133398722172,414.10869353889495,0.19765266201734985,74,True,True,False,True,False,28.118749832271078,0.07878000630831403,True,False,3,True,광진구,자양4동,11050670.0
8930e1caca3ffff,True,80.13723811001601,85.5087000045039,0.020723403966988064,0.6167235043084183,0.3289718242047559,0.012780610315719856,0.028838610230807495,True,False,3163.68577381903,606.655752635834,0.19175600739371534,141,False,False,True,False,True,5.371461894487879,0.06702828823615925,True,False,1,True,,,
8930e1caca7ffff,True,315.37939227576715,352.51609292054997,0.08543380261975768,0.5579539723593681,0.29847547458095386,0.04766812954545998,0.028838610230807495,True,True,3163.9396929230857,606.7044431494287,0.19175600739371534,66,True,True,True,True,True,37.13670064478282,0.11775246434716495,True,True,4,False,광진구,자양3동,11050660.0
8930e1cacabffff,True,285.4385449736198,303.6859004921656,0.07359959389683392,0.5260782972468104,0.2819347314358488,0.03871914903530313,0.028838610230807495,True,True,3163.617819698813,606.6427220250553,0.19175600739371537,77,True,True,True,True,True,18.247355518545817,0.06392744021390746,True,True,4,False,광진구,자양3동,11050660.0
8930e1cacb7ffff,True,158.4827712167,171.8448211465044,0.04164733703197743,0.6082665079816552,0.324583368006538,0.02533268026317598,0.028838610230807495,True,False,3098.005281886043,594.8216484651248,0.19200149591191196,217,False,False,True,True,True,13.362049929804385,0.08431231879163638,True,False,2,True,,,
8930e1cad13ffff,True,90.46167829024029,99.26862205692917,0.024058180700018236,0.6379663502157119,0.3399950403902278,0.015348309734020715,0.028838610230807495,True,False,2894.0060502768465,498.6286611179851,0.17229703478687794,450,False,False,True,False,True,8.806943766688889,0.09735552040536319,True,False,1,True,,,
8930e1cad17ffff,True,108.22646656309871,116.55831954159319,0.028248413804051364,0.5654190484248434,0.3023492091864698,0.015972191252597932,0.028838610230807495,True,False,2985.083468228824,490.8058444006364,0.16441947088730896,262,False,False,True,False,True,8.331852978494481,0.07698535527478212,True,False,1,True,,,
8930e1cad1bffff,True,129.87169330110763,143.05092680234497,0.03466901196978658,0.5346798501565724,0.2863982001099084,0.0185368221250819,0.028838610230807495,True,False,2711.398058973172,506.0590181069859,0.18664135884888644,201,False,False,True,False,True,13.179233501237348,0.10147887631434269,True,False,1,True,,,
8930e1cad23ffff,True,25.990569059995185,29.145943692045293,0.007063645747128986,0.8524017716324293,0.45126864367365904,0.006021064149036622,0.028838610230807495,True,False,2742.4356377595454,498.45413927959765,0.1817560027358796,882,False,False,True,False,True,3.1553746320501084,0.12140459967484425,True,False,1,True,,,
8930e1cad27ffff,True,65.34184860712752,71.33774280907916,0.017289011085980462,0.6537164207625316,0.3481679769794076,0.011302110445650876,0.028838610230807495,True,False,2742.655758072345,498.49414746777313,0.1817560027358796,155,False,False,True,False,True,5.995894201951643,0.09176193097936945,True,False,1,True,,,
8930e1cad33ffff,True,203.9949956607246,224.17893471375444,0.054330736225875,0.5090883953315929,0.2731184286391927,0.027659147322414746,0.028838610230807495,True,False,2742.27442458933,498.42483781819095,0.1817560027358796,93,False,False,True,True,True,20.18393905302983,0.09894330489655177,True,False,2,True,,,
8930e1cad37ffff,True,165.90903582664356,182.69459997190967,0.04427682794389053,0.5532699621983692,0.29604487479950414,0.024497038922780014,0.028838610230807495,True,False,2742.494526506777,498.46484266290065,0.1817560027358796,183,False,False,True,False,True,16.785564145266108,0.10117329693124821,True,False,1,True,,,
8930e1cad8fffff,True,158.48090774828503,171.75976170088586,0.041626722506757564,0.5125133992701737,0.2748957121075112,0.021334253052414567,0.028838610230807495,True,False,2997.524078455161,500.09077083280283,0.16683461341552774,193,False,False,True,False,False,13.278853952600826,0.08378835117282145,True,False,1,True,,,
8930e1cadafffff,True,192.1255952091455,206.5519114807453,0.050058750765051806,0.5657400940706162,0.30251580435804915,0.02832024236687794,0.028838610230807495,True,False,2742.3332966784474,498.4355381737817,0.18175600273587963,79,False,False,True,True,True,14.426316271599802,0.07508794575702157,True,False,2,True,,,
8930e1cadb3ffff,True,214.07044703042612,231.630167531592,0.056136574786489216,0.4772952240759024,0.2566204979239453,0.026793719041571025,0.028838610230807495,True,False,2761.495657822284,469.90167186429545,0.17016201728698716,101,False,False,True,True,False,17.559720501165884,0.08202776583481464,True,False,2,True,,,
8930e1cadb7ffff,True,111.76464978822173,122.61081151792999,0.029715261460792432,0.541400150144227,0.28988545976986324,0.016087847016447988,0.028838610230807495,True,False,2135.861949303824,412.1486660145575,0.19296596680740333,127,False,False,True,False,True,10.846161729708257,0.09704465365623394,True,False,1,True,,,
8930e1cadbbffff,True,235.89065959507042,255.11630508216956,0.061828541990519105,0.4796074531683375,0.25782034662912745,0.02965342955718448,0.028838610230807495,True,True,3006.04052916689,493.0394676073929,0.16401624090678396,63,True,True,True,True,False,19.225645487099143,0.08150236011931061,True,True,4,False,광진구,구의1동,11050600.0
8930e1cadc3ffff,True,242.80684047235945,265.64315067351805,0.06437976863384466,0.5488779890526575,0.2937658171968999,0.03533663794342001,0.028838610230807495,True,True,2952.205996360196,552.5231975257832,0.18715604473637493,152,True,True,True,True,True,22.836310201158597,0.09405134615125568,True,True,4,False,광진구,자양1동,11050640.0
8930e1cadc7ffff,True,290.51358820478663,325.68528562487705,0.0789312402100923,0.5770892285740811,0.3084050323690068,0.045550368523237655,0.028838610230807495,True,True,2952.442945975966,552.5675440786724,0.18715604473637493,194,True,True,True,True,True,35.171697420090425,0.1210673057925864,True,True,4,False,광진구,자양1동,11050640.0
8930e1cadcfffff,True,243.07913501912304,265.1207711652983,0.06425316769648572,0.6154546272007414,0.32831338574826285,0.039544909371107335,0.028838610230807495,True,True,2952.3795356860714,552.5556764596203,0.18715604473637493,210,True,True,True,True,True,22.04163614617528,0.09067679191980531,True,True,4,False,광진구,자양1동,11050640.0
8930e1cae23ffff,True,344.3729652054314,370.1204540669706,0.08970029582569822,0.34330757413442353,0.18709239241802794,0.03079479095906061,0.028838610230807495,True,True,1850.3983555583798,484.3922890085908,0.26177730192719484,26,True,True,False,False,False,25.747488861539182,0.07476628964233542,True,False,2,True,송파구,잠실7동,11240780.0
8930e1cae4bffff,True,170.9591827259242,186.36896190120078,0.0451673254789672,0.49912888897973706,0.26795029852629704,0.022544316984503068,0.028838610230807495,True,False,1874.590501810629,291.6506019053848,0.1555809664156974,289,False,False,True,False,False,15.409779175276583,0.0901371832127965,True,False,1,True,,,
8930e1cae4fffff,True,382.2858587741431,410.46659726621783,0.09947835845539449,0.388467866913218,0.2105267134347302,0.038644145713195584,0.028838610230807495,True,True,1856.6809263482692,291.6448718236621,0.15707861683982013,275,True,True,False,True,False,28.180738492074738,0.07371640317128261,True,False,3,True,강남구,대치2동,11230790.0
8930e1cae8bffff,True,294.4024265609942,320.912100679549,0.07777443815572861,0.3743061984762567,0.20317802138994157,0.029111454284697504,0.028838610230807495,True,True,680.4244400805484,140.16586505004145,0.20599769319492503,0,True,True,False,True,False,26.509674118554813,0.09004570522132754,True,False,3,True,강남구,삼성1동,11230580.0
8930e1caecbffff,True,161.1916020395291,183.7218798990105,0.044525793685567895,0.6237828707043295,0.3326350302673611,0.027774427405572247,0.028838610230807495,True,False,1870.7212884940718,274.5343807989534,0.14675322427102608,936,False,False,True,True,True,22.5302778594814,0.13977327338651482,True,False,2,True,,,
8930e1caecfffff,True,237.2301320616961,270.3129581311646,0.06551151670611993,0.4670030995726352,0.2512797675009866,0.03059408135946248,0.028838610230807495,True,True,1856.5028822095826,291.6169048966207,0.1570786168398201,441,True,True,True,True,False,33.08282606946847,0.13945457004957812,True,True,4,False,강남구,대치2동,11230790.0
8930e1caedbffff,True,131.321032192115,139.86520595455687,0.033896938718160824,0.5645783423114676,0.3019129547751432,0.019137477470932644,0.028838610230807495,True,False,2355.228256366942,325.1213103274144,0.13804237846098635,637,False,False,True,False,True,8.544173762441858,0.06506325468065337,True,False,1,True,,,
8930e1cb11bffff,True,347.5046918684648,420.77880687788087,0.10197756713899621,0.3038231759924277,0.1666033742058765,0.030983148328150856,0.028838610230807495,True,True,1516.623847618077,314.1368884245696,0.20712907087537563,17,True,True,False,False,False,73.27411500941605,0.2108579156598878,True,False,2,True,서초구,양재1동,11220660.0
8930e1cb157ffff,True,335.52855058479486,383.32395814447665,0.0929002222514715,0.3635079535169049,0.19757465783262518,0.033769969671898034,0.028838610230807495,True,True,1516.5910420811335,314.1300934441829,0.20712907087537563,13,True,True,False,True,False,47.79540755968179,0.1424481090398384,True,False,3,True,서초구,양재1동,11220660.0
8930e1cb44bffff,True,309.05597019951716,361.458524840812,0.08760103974441422,0.37074963742133654,0.2013324710547224,0.03247805372297366,0.028838610230807495,True,True,2523.6297997763945,515.1343974729426,0.20412439158809503,4,True,True,False,True,False,52.40255464129484,0.16955684307753494,True,False,3,True,서초구,방배2동,11220630.0
8930e1cb4afffff,True,72.81438607131179,80.7742365257864,0.019575986227842852,0.6503453574583925,0.34641868407681786,0.012731151760947029,0.028838610230807495,True,False,2114.063381922488,436.8781470396287,0.20665328711305722,526,False,False,True,False,True,7.959850454474619,0.10931700291586649,True,False,1,True,,,
8930e1cb4c7ffff,True,262.96059117599395,299.8702416593934,0.07267485244493979,0.4021449903601158,0.21762396816267496,0.029225827835893153,0.028838610230807495,True,True,1571.319418794174,352.3699341072068,0.22425098925946862,190,True,True,False,True,False,36.909650483399446,0.14036190867359513,True,False,3,True,서초구,방배2동,11220630.0
8930e1cb4d3ffff,True,284.4355138848172,308.0828546713942,0.07466521479477403,0.5579967769503424,0.29849768649465414,0.04166294920578893,0.028838610230807495,True,True,2584.7546416565356,496.33499014806415,0.19202402508501523,317,True,True,True,True,True,23.64734078657699,0.08313779268840892,True,True,4,False,동작구,사당1동,11200630.0
8930e1cb4dbffff,True,126.95394882986795,142.89875311183212,0.034632132016501366,0.626343743802941,0.3339639038991122,0.02169161922309316,0.028838610230807495,True,False,3310.211705257426,636.5723380489459,0.19230562717119068,314,False,False,True,False,True,15.944804281964167,0.125595181787783,True,False,1,True,,,
8930e1cb533ffff,True,60.98995358287151,65.42806755001816,0.01585677567951556,0.6660356517655992,0.3545606019213866,0.010561177924607047,0.028838610230807495,True,False,1199.4697905164364,210.62999191868562,0.17560258172737978,1209,False,False,True,False,True,4.4381139671466485,0.07276795121865864,True,False,1,True,,,
8930e1cb5a3ffff,True,185.6525408238556,203.26848905574116,0.049262999112833446,0.753578655101787,0.3999879168636354,0.037123544617729556,0.028838610230807495,True,True,1151.9416910662055,202.07074774264828,0.17541751401984346,1170,True,True,True,True,True,17.615948231885568,0.09488665306552051,True,True,4,False,서초구,서초3동,11220530.0
8930e1cb5abffff,True,310.4085821410445,345.80441278946944,0.083807197857362,0.400057270959774,0.21654062074373662,0.03352767886160206,0.028838610230807495,True,True,1151.9168342874716,202.06638742831626,0.17541751401984348,245,True,True,False,True,False,35.39583064842492,0.11402980679297597,True,False,3,True,서초구,서초3동,11220530.0
8930e1cb5b3ffff,True,292.2915261323688,340.29376746541607,0.08247166908469751,0.3678408170900842,0.19982304263368955,0.03033644614289817,0.028838610230807495,True,True,1151.874065776045,202.05888508236347,0.17541751401984348,480,True,True,False,True,False,48.002241333047266,0.1642272766789301,True,False,3,True,서초구,서초3동,11220530.0
8930e1cb5b7ffff,True,234.13926078617374,302.2613429987959,0.07325434621551324,0.5681139301898442,0.30374762182946186,0.04161681453198277,0.028838610230807495,True,True,1334.0800436792965,228.41840645234637,0.17121791719662105,898,True,True,True,True,True,68.12208221262216,0.29094685779688284,True,True,4,False,서초구,서초3동,11220530.0
8930e1cb5bbffff,True,167.83411014680203,202.3599562253237,0.04904281224458471,0.5151040328587467,0.27624002888261806,0.02526215036991991,0.028838610230807495,True,False,1151.849215989804,202.05452599463715,0.17541751401984348,694,False,False,True,True,True,34.52584607852168,0.20571411883032853,True,False,2,True,,,
8930e1cb5d3ffff,True,296.01599800920377,387.39898094514695,0.0938878216848453,0.39352669183873434,0.21315180995154268,0.03694736387158216,0.028838610230807495,True,True,2114.2787625053456,436.9226561450565,0.20665328711305722,23,True,True,False,True,False,91.38298293594318,0.3087096087729079,True,False,3,True,서초구,방배1동,11220620.0
8930e1cb5dbffff,True,278.95247621451995,362.0453235816087,0.08774325296192553,0.36855498176429563,0.20019363288464823,0.03233821299532244,0.028838610230807495,True,True,2114.2331157611156,436.91322309531546,0.20665328711305725,3,True,True,False,True,False,83.09284736708878,0.2978745644945942,True,False,3,True,서초구,방배1동,11220620.0
8930e1cd483ffff,True,117.01002262430168,131.36029166724447,0.0318357358876734,0.6189586542547442,0.33013167543998223,0.01970500424224379,0.028838610230807495,True,False,3222.041060864354,691.278226218947,0.21454668427890944,95,False,False,True,False,True,14.350269042942784,0.12264136627867289,True,False,1,True,,,
8930e1cd487ffff,True,197.8493449597787,223.57915747398803,0.054185377612900765,0.5315689669901267,0.2847839183973201,0.028803265203659594,0.028838610230807495,True,False,2827.2619814389063,790.4887890644072,0.27959516813581453,104,False,True,True,True,True,25.72981251420933,0.13004749911828117,True,False,3,True,,,
8930e1cd493ffff,True,207.32500728723537,233.36283593447797,0.05655649448181789,0.7240738475817147,0.3846774507790122,0.040951078565183895,0.028838610230807495,True,True,3545.5619055437937,803.1110242900119,0.22651163502018626,25,True,True,True,True,True,26.037828647242605,0.12558942593533293,True,True,4,False,송파구,거여2동,11240540.0
8930e1cd497ffff,True,168.63873907535395,188.52133146672548,0.04568896156968393,0.5883976800003335,0.3142731493500602,0.026883278989226423,0.028838610230807495,True,False,2802.847100947891,789.791107547242,0.2817817308978944,193,False,False,True,True,True,19.88259239137153,0.1179005043585345,True,False,2,True,,,
8930e1cd49bffff,True,199.33906886322632,227.52510020828967,0.055141693932868524,0.750296415809215,0.39828471600945753,0.04137261531947999,0.028838610230807495,True,True,3618.1603848330406,804.4001650045477,0.2223229706390328,114,True,True,True,True,True,28.186031345063356,0.14139742653459872,True,True,4,False,송파구,거여2동,11240540.0
8930e1cd4b3ffff,True,221.95655831990115,249.311843268867,0.06042180551853801,0.5417834919055455,0.29008438128567027,0.03273553678107129,0.028838610230807495,True,True,2827.489045981208,790.5522752132897,0.27959516813581453,46,True,True,True,True,True,27.355284948965846,0.12324612147544327,True,True,4,False,송파구,마천1동,11240550.0
8930e1cd4d3ffff,True,395.01739141478646,451.8708575595566,0.10951286034780999,0.5809234467049749,0.31039466292715095,0.06361858829177035,0.028838610230807495,True,True,3527.4389412285723,761.7787660489264,0.21595803038439168,14,True,True,True,True,True,56.85346614477015,0.14392648875824152,True,True,4,False,송파구,거여2동,11240540.0
8930e1ce04fffff,True,365.733089359641,404.4465170539211,0.09801936593011315,0.4434611422208012,0.23906350954520464,0.043467779975126665,0.028838610230807495,True,True,2035.8168527622597,307.84622351191655,0.1512150874938584,11,True,True,True,True,False,38.71342769428014,0.10585158636333168,True,True,4,False,강동구,고덕2동,11250560.0
8930e1ce07bffff,True,316.45144193274524,347.97922374390066,0.08433427271592184,0.4174078896509503,0.2255441046281091,0.03520179079960065,0.028838610230807495,True,True,2035.9802490981438,307.8709315031435,0.15121508749385842,25,True,True,False,True,False,31.52778181115542,0.09962912988671403,True,False,3,True,강동구,고덕2동,11250560.0
8930e1ce227ffff,True,238.21588952114797,291.91674306760956,0.07074728759762337,0.41412197962009173,0.2238389989753995,0.029298006792679757,0.028838610230807495,True,True,2821.319783473383,430.41844775966786,0.15255925623212097,127,True,True,False,True,False,53.70085354646159,0.22542935172968054,True,False,3,True,강동구,상일1동,11250760.0
8930e1ce237ffff,True,356.03888521988074,415.2716267933797,0.10064287818215255,0.47808979545579233,0.2570328123630529,0.04811633304418754,0.028838610230807495,True,True,2821.1538643425797,430.39313526047783,0.15255925623212097,26,True,True,True,True,True,59.23274157349897,0.1663659337010852,True,True,4,False,강동구,상일1동,11250760.0
8930e1ce2a7ffff,True,223.00578239346382,248.08872969432372,0.06012537864382898,0.43586087248883715,0.235119621014969,0.026206299994420996,0.028838610230807495,True,False,2821.0484453114987,430.3770526115034,0.15255925623212097,1,False,False,False,True,False,25.0829473008599,0.11247666778704599,True,False,1,True,,,
8930e1ce2d7ffff,True,293.58818963391826,327.14925438856415,0.07928603938354883,0.4621517587744196,0.24876233746164478,0.036642182547364996,0.028838610230807495,True,True,2857.299730877208,539.6055410677893,0.18885157032585,170,True,True,True,True,False,33.561064754645884,0.1143134020360081,True,True,4,False,강동구,명일2동,11250540.0
8930e1ce393ffff,True,399.25658623181727,450.91335037011726,0.1092808043314397,0.34062544237606823,0.18570059593561225,0.037223822318609205,0.028838610230807495,True,True,2010.2368123077117,403.40461447945677,0.2006751702135811,0,True,True,False,True,False,51.65676413829999,0.12938237193739596,True,False,3,True,강동구,강일동,11250750.0
8930e1ce3dbffff,True,256.7983297114174,283.28077614323587,0.06865432359267513,0.5165127735804804,0.2769710445663319,0.03546083509714445,0.028838610230807495,True,True,2821.214379740981,430.4023674446485,0.15255925623212097,26,True,True,True,True,True,26.48244643181846,0.10312546215381803,True,True,4,False,강동구,상일1동,11250760.0
8930e1ce643ffff,True,203.78116875502428,220.83066818937482,0.05351926932519463,0.5522880094303063,0.2955353254814176,0.029558050721776193,0.028838610230807495,True,True,3300.858744645981,729.9457125663738,0.22113812466236293,68,True,True,True,True,True,17.049499434350537,0.08366572602616981,True,True,4,False,강동구,암사1동,11250720.0
8930e1ce647ffff,True,276.2483794674654,298.1466802538171,0.07225713986987099,0.6412836202482789,0.34171641919578694,0.04633732024453712,0.028838610230807495,True,True,3424.3800611310794,702.3441754244826,0.20510111695735578,221,True,True,True,True,True,21.89830078635174,0.07927033211404148,True,True,4,False,강동구,명일1동,11250530.0
8930e1ce64bffff,True,231.27158672587916,254.22557694245253,0.06161267016621178,0.6177946340386697,0.3295276487223736,0.03806397701748007,0.028838610230807495,True,True,2954.4834821332447,748.5876067426647,0.2533734276294404,59,True,True,True,True,True,22.953990216573374,0.09925123332932465,True,True,4,False,강동구,천호1동,11250610.0
8930e1ce653ffff,True,174.89362954443283,195.94488314003794,0.04748809148497631,0.5636484014947447,0.30143039520157344,0.026766586855543097,0.028838610230807495,True,False,3114.2476169212155,701.5864256538466,0.22528280084145777,61,False,False,True,True,True,21.051253595605118,0.12036603992060738,True,False,2,True,,,
8930e1ce65bffff,True,96.39590348672294,106.02982712044823,0.0256967880443887,0.6290851157819953,0.33538644097826764,0.016165466882129657,0.028838610230807495,True,False,3205.930079340876,742.2032425684556,0.2315094915360877,99,False,False,True,False,True,9.633923633725288,0.09994121415182558,True,False,1,True,,,
8930e1ce67bffff,True,71.0812328125524,81.97415698925975,0.019866792151585162,0.786246992992686,0.416939984047241,0.015620205589594528,0.028838610230807495,True,False,3455.0830766515624,694.8427187252223,0.20110738390655944,231,False,False,True,False,True,10.892924176707353,0.15324613467851597,True,False,1,True,,,
8930e1cf017ffff,True,140.54895490318918,154.63716077797352,0.037476985978517216,1.0,0.5278594727456603,0.037476985978517216,0.028838610230807495,True,True,7698.544675594461,1125.4114361701359,0.14618495879329746,0,True,True,True,True,True,14.088205874784336,0.1002370020075095,True,True,4,False,강동구,둔촌1동,11250700.0
8930e1cf083ffff,True,124.71864135699667,133.59698118078796,0.032377807283162356,0.755428916415774,0.4009480438895859,0.024459131871838097,0.028838610230807495,True,False,5468.174928737061,873.3575653175438,0.15971646421327196,237,False,False,True,False,True,8.878339823791293,0.07118695110202322,True,False,1,True,,,
8930e1cf093ffff,True,268.73442759136435,287.95650897367915,0.06978750770472315,0.5806748224836189,0.3102656482672079,0.0405238486480143,0.028838610230807495,True,True,2507.7866759691237,538.8292159944607,0.21486246065416725,287,True,True,True,True,True,19.222081382314798,0.07152816836532667,True,True,4,False,강동구,성내3동,11250670.0
8930e1cf097ffff,True,64.05825112346324,71.31978027811678,0.017284657788767626,0.7453117128946112,0.395698082462906,0.012882457903343582,0.028838610230807495,True,False,3810.96273165801,686.2261143668063,0.18006634089235884,467,False,False,True,False,True,7.2615291546535445,0.1133582173615382,True,False,1,True,,,
8930e1cf09bffff,True,189.98327326108054,204.13053378340712,0.04947191938794104,0.4917643869866831,0.2641287532436144,0.024328528110865427,0.028838610230807495,True,False,2507.7327358306825,538.8176262835872,0.21486246065416723,230,False,False,True,False,False,14.147260522326576,0.07446582154043108,True,False,1,True,,,
8930e1cf203ffff,True,283.3090867229628,310.10666128398475,0.0751556930967663,0.3924617117603346,0.21259917657611577,0.029495731961291266,0.028838610230807495,True,True,2513.6086380337792,539.7179259347819,0.21471836059449795,52,True,True,False,True,False,26.797574561021975,0.09458776938992539,True,False,3,True,송파구,오금동,11240600.0
8930e1cf20fffff,True,326.76033468402744,368.9066362365599,0.08940612181485946,0.4221137823058243,0.22798605954821183,0.037739556240565596,0.028838610230807495,True,True,2675.2111182020767,637.8358532734582,0.23842449253206122,22,True,True,False,True,False,42.146301552532464,0.12898230623153,True,False,3,True,송파구,거여1동,11240530.0
8930e1cf223ffff,True,162.53265874380764,182.55672720854784,0.04424341388226825,0.5870974739765654,0.3135984538714883,0.025975196530379396,0.028838610230807495,True,False,2667.50345683615,785.7535123803588,0.29456513368958054,129,False,False,True,True,True,20.024068464740196,0.12320027629833562,True,False,2,True,,,
8930e1cf22fffff,True,142.71436266608592,165.09852779233117,0.040012343604981404,0.6247754398333549,0.3331500885668009,0.024998729574565583,0.028838610230807495,True,False,2683.946307483934,786.8532887847717,0.2931702793720965,245,False,False,True,True,True,22.38416512624525,0.1568459173140009,True,False,2,True,,,
8930e1cf233ffff,True,254.60139354114943,294.6119659455756,0.07140048654086793,0.537113947375662,0.2876612879268411,0.0383501971705084,0.028838610230807495,True,True,2662.4443950665873,779.3928067860442,0.2927358063252817,38,True,True,True,True,True,40.01057240442617,0.15714985628293326,True,True,4,False,송파구,마천2동,11240560.0
8930e1cf23bffff,True,309.1725857473285,346.0387590125831,0.08386399267998786,0.5502090480699384,0.2944565227345262,0.046142727579800404,0.028838610230807495,True,True,2731.866865665259,703.5393337154073,0.2575306075701031,136,True,True,True,True,True,36.86617326525459,0.11924140420193494,True,True,4,False,송파구,거여1동,11240530.0
8930e1cf257ffff,True,259.67554195311124,292.76497839713943,0.07095286110525467,0.4393543417918459,0.236932432138885,0.031173447589147432,0.028838610230807495,True,True,2763.568318118053,466.0722700769371,0.16864872383336812,174,True,True,False,True,False,33.089436444028195,0.1274260802351692,True,False,3,True,송파구,가락2동,11240670.0
8930e1cf25bffff,True,335.22902404822685,360.7418294034093,0.08742734549962028,0.44095378347272907,0.23776240527437606,0.03855141877703504,0.028838610230807495,True,True,2750.8850050517435,490.9734862058708,0.1784783752516895,3,True,True,True,True,False,25.51280535518248,0.07610559803888624,True,True,4,False,송파구,가락2동,11240670.0
8930e1cf263ffff,True,122.67135596863496,139.26783264538582,0.03375216270818294,0.5765178273250888,0.30810852409870354,0.019458723512044515,0.028838610230807495,True,False,2863.7479473507137,698.4688168034534,0.243900241796634,204,False,False,True,False,True,16.596476676750868,0.13529219226201683,True,False,1,True,,,
8930e1cf267ffff,True,75.25796852298815,81.95421549647554,0.01986195924439969,0.6693078013702615,0.35625856709238163,0.013293764272774896,0.028838610230807495,True,False,3524.729021357177,791.268629005559,0.22449062728257207,216,False,False,True,False,True,6.696246973487391,0.08897724858786174,True,False,1,True,,,
8930e1cf26fffff,True,167.80614377645,194.65422300932602,0.047175294409691336,0.6092588049956283,0.32509828510159017,0.028741963497365488,0.028838610230807495,True,False,3617.8698210032767,804.3355659907544,0.2223229706390328,32,False,False,True,True,True,26.848079232876017,0.15999461419388084,True,False,2,True,,,
8930e1cf273ffff,True,190.54649771634547,219.23896227474813,0.05313351249970535,0.5222918664751025,0.27996989842100645,0.027751201415849296,0.028838610230807495,True,False,2748.2727357216468,682.243185261639,0.24824435231407058,67,False,False,True,True,True,28.692464558402662,0.1505798579468793,True,False,2,True,,,
8930e1cf28bffff,True,273.1578773900155,330.25679780467755,0.08003916599585471,0.47800784402918367,0.2569902865971477,0.038259349175572464,0.028838610230807495,True,True,2513.313418508014,539.6545368821941,0.21471836059449795,31,True,True,True,True,False,57.09892041466202,0.20903266989857308,True,True,4,False,송파구,오금동,11240600.0
8930e1cf35bffff,True,78.28468884788856,86.44648899135063,0.020950681191518362,0.664914249674306,0.3539786903575071,0.013930406464624028,0.028838610230807495,True,False,2667.3203860459134,786.5674715055102,0.2948905109489051,221,False,False,True,False,True,8.161800143462074,0.10425793681470585,True,False,1,True,,,
8930e1cf40bffff,True,176.81498528002845,189.95994939239785,0.046037616857698936,0.5199246062170184,0.27874149325787445,0.023936089815909087,0.028838610230807495,True,False,2251.9154794792207,440.51517818515845,0.19561798930705526,289,False,False,True,False,True,13.144964112369394,0.07434304333171324,True,False,1,True,,,
8930e1cf417ffff,True,231.08353079491647,248.68135577518586,0.06026900414245582,0.5808597320162096,0.31036160046501593,0.03500783759507071,0.028838610230807495,True,True,3150.822083628074,677.0055674703544,0.2148663267875803,142,True,True,True,True,True,17.597824980269394,0.07615352301279846,True,True,4,False,강동구,성내2동,11250660.0
8930e1cf423ffff,True,209.84253076063084,231.8587490851001,0.05619197251645705,0.5433546951631519,0.2908997010999503,0.030532172097295734,0.028838610230807495,True,True,3174.926565091288,673.9572058498043,0.21227489582280343,114,True,True,True,True,True,22.016218324469264,0.10491780786604862,True,True,4,False,강동구,성내2동,11250660.0
8930e1cf433ffff,True,295.31098902572245,330.1078877873493,0.08000307700790774,0.6793138085346596,0.36145082714114807,0.05434719493673346,0.028838610230807495,True,True,3220.660558876416,685.4395439121795,0.21282576396418104,164,True,True,True,True,True,34.796898761626835,0.11783137118069088,True,True,4,False,강동구,성내2동,11250660.0
8930e1cf437ffff,True,203.18017296161074,217.99681121372043,0.05283247180765478,0.6329305403481024,0.3373818867157226,0.03343928492914482,0.028838610230807495,True,True,3220.919094896672,685.4945670382027,0.21282576396418101,124,True,True,True,True,True,14.816638252109698,0.07292364228329101,True,True,4,False,강동구,성내2동,11250660.0
8930e1cf473ffff,True,158.09301429130306,168.1251899933859,0.040745868304348454,0.5310379540567814,0.2845083682009344,0.021637602540608262,0.028838610230807495,True,False,2211.3272449709293,432.7332258986406,0.19568936568876283,88,False,False,True,False,True,10.032175702082839,0.0634574256620694,True,False,1,True,,,
8930e1cf483ffff,True,247.35245961941746,272.1349535003931,0.0659530851788077,0.41646504263401224,0.22505484784288865,0.02746715443083679,0.028838610230807495,True,False,1985.7542642937472,544.4724235788001,0.2741892254087376,49,False,False,False,True,False,24.782493880975665,0.10019101455108478,True,False,1,True,,,
8930e1cf487ffff,True,354.0886456415961,385.4729359967107,0.09342103634577549,0.4264263884038183,0.23022393245603395,0.039837195129870884,0.028838610230807495,True,True,2043.0524026517996,545.8739295426706,0.2671854764146765,85,True,True,False,True,False,31.384290355114615,0.08863399248018075,True,False,3,True,송파구,풍납1동,11240510.0
8930e1cf48fffff,True,232.55617139126457,254.38631146678193,0.061651624874667695,0.441669703145127,0.23813390621896297,0.02722965485680921,0.028838610230807495,True,False,1986.7871042802851,544.608946667661,0.274115402447685,110,False,False,False,True,False,21.830140075517363,0.09387039675154095,True,False,1,True,,,
8930e1cf4a3ffff,True,48.50340182614587,52.15649263490311,0.012640351991287484,0.7223147430246607,0.3837646262963662,0.009130312600328077,0.028838610230807495,True,False,3153.798278677371,662.32224812719,0.21000780316392095,501,False,False,True,False,True,3.6530908087572413,0.07531617724157308,True,False,1,True,,,
8930e1cf4abffff,True,357.17836637643296,385.75348384384324,0.09348902833218027,0.6613878895239562,0.3521488117030754,0.06183251114226606,0.028838610230807495,True,True,3220.471242484264,685.3992525063888,0.21282576396418104,200,True,True,True,True,True,28.57511746741028,0.08000237460433074,True,True,4,False,강동구,성내2동,11250660.0
8930e1cf4b3ffff,True,44.021321793187994,47.81460040668739,0.011588075595766315,0.7307364507123149,0.3881347707156687,0.00846782923143627,0.028838610230807495,True,False,2712.0613887870936,569.4993423914416,0.20998762961119288,604,False,False,True,False,True,3.793278613499396,0.08616912121176654,True,False,1,True,,,
8930e1cf4bbffff,True,152.92461715653604,170.0189714291045,0.04120483444130893,0.5965776971633803,0.3185178771037071,0.02458188524299442,0.028838610230807495,True,False,2862.613738400715,644.5540276261664,0.22516276610419184,251,False,False,True,False,True,17.094354272568467,0.1117828809410745,True,False,1,True,,,
8930e1cf503ffff,True,222.68416468881452,254.63858058973165,0.06171276338973119,0.6017533966840187,0.3212036215174277,0.0371358649885279,0.028838610230807495,True,True,2906.2113800849315,621.6204261133261,0.21389374165039562,240,True,True,True,True,True,31.954415900917127,0.14349657931703935,True,True,4,False,강동구,길동,11250740.0
8930e1cf507ffff,True,149.71417654425937,164.97194474755446,0.03998166565557812,0.6444298792829155,0.3433490579517074,0.025765379971954095,0.028838610230807495,True,False,2906.44466901848,621.6703251562084,0.21389374165039562,188,False,False,True,True,True,15.257768203295086,0.10191264819056395,True,False,2,True,,,
8930e1cf50bffff,True,238.57085193012597,258.4129092725745,0.06262748830070074,0.5495446822557946,0.2941117738234102,0.034416603158687074,0.028838610230807495,True,True,2906.148952776467,621.6070733027375,0.21389374165039565,152,True,True,True,True,True,19.842057342448527,0.08317050126584612,True,True,4,False,강동구,길동,11250740.0
8930e1cf517ffff,True,164.20834214758986,184.13806257627334,0.04462665736077903,0.5297031112230808,0.28381569918691785,0.023638879247491053,0.028838610230807495,True,False,3088.606204424021,666.1669532901676,0.21568529919287582,146,False,False,True,False,True,19.92972042868348,0.12136850155134458,True,False,1,True,,,
8930e1cf51bffff,True,60.88678288550915,65.19804156286342,0.015801027884794535,0.7564416432787141,0.40147356232509784,0.011952555498666763,0.028838610230807495,True,False,2905.9781088748387,621.57053086138,0.21389374165039562,432,False,False,True,False,True,4.3112586773542745,0.07080779231612744,True,False,1,True,,,
8930e1cf53bffff,True,65.40265815945749,72.28788464916434,0.0175192820780197,0.6056486596868248,0.3232249291316047,0.010610529709228041,0.028838610230807495,True,False,2906.6155519826298,621.7068759527947,0.21389374165039562,152,False,False,True,False,True,6.885226489706852,0.10527441366251596,True,False,1,True,,,
8930e1cf54bffff,True,179.5626290401693,191.8083493022839,0.04648558458522953,0.5646774809175278,0.30196439921397666,0.02624936280256607,0.028838610230807495,True,False,3370.7090398603023,641.5577335112039,0.19033316905270262,150,False,False,True,True,True,12.245720262114588,0.0681974881275276,True,False,2,True,,,
8930e1cf54fffff,True,188.67330427942923,204.36193354400638,0.04952800012260909,0.5174386059241731,0.2774514721945586,0.025627699337655123,0.028838610230807495,True,False,2762.496122361513,573.6116218072618,0.20764250750039476,131,False,False,True,True,True,15.688629264577145,0.0831523533469364,True,False,2,True,,,
8930e1cf557ffff,True,73.56902281713575,78.12792795139491,0.01893464187802195,0.6370349986394556,0.3395117487533842,0.012062029563004291,0.028838610230807495,True,False,2880.0458794384303,614.9902923393573,0.21353489426330668,310,False,False,True,False,True,4.558905134259163,0.06196772717222091,True,False,1,True,,,
8930e1cf55bffff,True,189.89730159008013,204.08115344523443,0.049459951849013126,0.5069445830567433,0.2720059738264117,0.025073454668104556,0.028838610230807495,True,False,2516.785401301297,540.0764164335229,0.21458977636880677,115,False,False,True,True,False,14.183851855154302,0.07469222435699549,True,False,2,True,,,
8930e1cf577ffff,True,209.8823331821432,235.9369625595603,0.057180345223449454,0.5271465015052424,0.28248903788435037,0.03014241893940338,0.028838610230807495,True,True,2821.500059909261,593.2677814122178,0.21026679738270046,46,True,True,True,True,True,26.054629377417086,0.1241392211644892,True,True,4,False,강동구,둔촌2동,11250710.0
8930e1cf583ffff,True,378.2941600917261,413.1306905693665,0.10012401301129335,0.6513251521007406,0.3469271135126432,0.06521328800351718,0.028838610230807495,True,True,2953.218460511434,748.5357699270957,0.25346440838564493,61,True,True,True,True,True,34.836530477640395,0.09208847017144932,True,True,4,False,강동구,천호1동,11250610.0
8930e1cf587ffff,True,265.1073053364928,291.4081640254077,0.07062403126300318,0.6255738762324231,0.33356440861957015,0.04418054899235673,0.028838610230807495,True,True,2953.4555041143835,748.5958520436789,0.25346440838564493,58,True,True,True,True,True,26.3008586889149,0.09920835133355531,True,True,4,False,강동구,천호1동,11250610.0
8930e1cf58bffff,True,103.49907925381393,112.75224850581856,0.027325995996304833,0.6307039135590409,0.3362264582685502,0.01723461261676814,0.028838610230807495,True,False,3866.7986426536577,826.7343259870798,0.21380330407370762,84,False,False,True,False,True,9.253169252004625,0.08940339681006047,True,False,1,True,,,
8930e1cf58fffff,True,190.5288245070923,208.12549367383167,0.05044011522809323,0.5937101387783413,0.3170298600959721,0.02994680781206676,0.028838610230807495,True,True,3215.55273603109,771.8445848984993,0.2400348084016112,81,True,True,True,True,True,17.59666916673936,0.0923569922412676,True,True,4,False,강동구,천호1동,11250610.0
8930e1cf593ffff,True,83.47865111275287,90.04762364099194,0.021823431778068083,0.6115524886446687,0.3262885103112817,0.013346174014644684,0.028838610230807495,True,False,2969.8825733903022,710.5057139116678,0.2392369719522554,220,False,False,True,False,True,6.5689725282390725,0.0786904488833498,True,False,1,True,,,
8930e1cf597ffff,True,262.09558340165313,287.17381229847155,0.06959781777395481,0.5832516973126853,0.31160282542546935,0.04059304534591812,0.028838610230807495,True,True,2953.865009630807,748.5371363946034,0.25340939208598445,43,True,True,True,True,True,25.078228896818416,0.09568352343574912,True,True,4,False,강동구,천호1동,11250610.0
8930e1cf5a3ffff,True,217.80594340839752,236.62672428364232,0.05734751196611265,0.5365657588517132,0.28737682507114587,0.030770711276354938,0.028838610230807495,True,True,3355.544498155741,681.5607695348378,0.2031148059307317,181,True,True,True,True,True,18.820780875244793,0.08641077732187889,True,True,4,False,강동구,명일1동,11250530.0
8930e1cf5abffff,True,267.0720690316986,303.11678981596793,0.07346166745842299,0.7503821934346999,0.3983292272446151,0.05512432716082196,0.028838610230807495,True,True,2906.5070751120684,621.6836734290679,0.21389374165039565,160,True,True,True,True,True,36.044720784269316,0.13496252496546612,True,True,4,False,강동구,길동,11250740.0
8930e1cf5b3ffff,True,121.14800519763943,136.0408156403005,0.032970081153894305,0.7068795629532774,0.3757550908729544,0.02330587655659889,0.028838610230807495,True,False,3072.721713877276,735.8550345289794,0.2394798823484896,214,False,False,True,False,True,14.892810442661073,0.12293071122685938,True,False,1,True,,,
8930e1cf5b7ffff,True,258.9722361473781,284.92138206391144,0.06905193154652078,0.6884344588365551,0.3661836628670507,0.04753772912584788,0.028838610230807495,True,True,3455.0089660203807,694.8278145300657,0.20110738390655944,193,True,True,True,True,True,25.949145916533325,0.10020049369989595,True,True,4,False,강동구,명일1동,11250530.0
8930e1cf5bbffff,True,100.23050216711906,107.10373615304042,0.025957054551832188,0.6012506965549299,0.3209427632396059,0.015606697129803417,0.028838610230807495,True,False,2981.373232338935,696.3361945818478,0.2335622346872555,208,False,False,True,False,True,6.87323398592136,0.06857427467001304,True,False,1,True,,,
8930e1cf5c3ffff,True,179.2983512564771,196.521347057843,0.04762780001335339,0.6766371773345473,0.36006188497697755,0.03222674016368975,0.028838610230807495,True,True,4082.146975372593,847.8840439358426,0.20770541801926498,130,True,True,True,True,True,17.222995801365897,0.09605774777443037,True,True,4,False,강동구,천호3동,11250630.0
8930e1cf5cbffff,True,126.39624120569036,138.19118108235511,0.03349123153660391,0.6402359623723967,0.341172774558686,0.021442290853874366,0.028838610230807495,True,False,3457.739480113627,727.9573009061384,0.21052982883551902,218,False,False,True,False,True,11.794939876664756,0.09331717275888222,True,False,1,True,,,
8930e1cf5cfffff,True,76.91981601713458,81.59822849694082,0.019775684252522074,0.63251739819826,0.3371675013526259,0.012508464350995565,0.028838610230807495,True,False,2925.970220039501,625.4124689902361,0.21374532956859452,195,False,False,True,False,True,4.678412479806241,0.060821940587638464,True,False,1,True,,,
8930e1cf5d7ffff,True,248.09982120591096,271.3054952273897,0.06575206237218914,0.6758018033638031,0.3596283974906296,0.04443536232601469,0.028838610230807495,True,True,4054.1407120747713,846.1849210551103,0.20872115231098173,99,True,True,True,True,True,23.205674021478757,0.09353361847939085,True,True,4,False,강동구,천호3동,11250630.0
8930e1cf5dbffff,True,186.67319906363068,200.62714176297513,0.048622857151112385,0.8396577703874704,0.4446555993855172,0.04082655982537149,0.028838610230807495,True,True,4005.117913746642,833.3803975520015,0.2080788669645944,186,True,True,True,True,True,13.953942699344452,0.07475064856304314,True,True,4,False,강동구,천호3동,11250630.0
8930e1cf613ffff,True,232.3575532905966,250.53938657339322,0.060719305957503036,0.4553217832435038,0.2452181655956276,0.027646822665878187,0.028838610230807495,True,False,2818.7531466630567,451.36437159034574,0.16012908832569728,126,False,False,False,True,False,18.181833282796617,0.07824937483335269,True,False,1,True,,,
8930e1cf62bffff,True,271.30596372964686,300.54777796865216,0.07283905630534618,0.5103082748959126,0.27375144157053066,0.03717037316822745,0.028838610230807495,True,True,2513.0723727633117,539.6027799350634,0.21471836059449798,123,True,True,True,True,True,29.241814239005294,0.10778168617091076,True,True,4,False,송파구,오금동,11240600.0
8930e1cf63bffff,True,216.56430984534802,236.22729731556655,0.05725070910962779,0.47825716835547866,0.2571196645515442,0.027380562025113794,0.028838610230807495,True,False,2123.1914574983093,405.6906585128441,0.19107587169310525,192,False,False,True,True,False,19.662987470218525,0.09079514294973245,True,False,2,True,,,
8930e1cf643ffff,True,178.2059612536665,192.53490400357424,0.04666166826534818,0.5099575064660627,0.27356942282171764,0.023795467996143568,0.028838610230807495,True,False,2372.827826604937,434.1401519065891,0.1829631914456097,85,False,False,True,False,False,14.328942749907753,0.08040664099620821,True,False,1,True,,,
8930e1cf64fffff,True,360.77146888731966,396.96157400637617,0.0962053575492583,0.5095733144701955,0.27337006010705805,0.049023682916165795,0.028838610230807495,True,True,2348.858695286925,430.86413108578154,0.18343552634746693,28,True,True,True,True,True,36.19010511905651,0.10031310189431811,True,True,4,False,송파구,송파2동,11240620.0
8930e1cf663ffff,True,325.39954061014953,357.9917630539744,0.08676085500342097,0.38976818384450096,0.2112014664647957,0.033816620883479476,0.028838610230807495,True,True,2507.0182704510007,537.6607397508515,0.21446223431555958,0,True,True,False,True,False,32.59222244382488,0.10016062832391195,True,False,3,True,송파구,오금동,11240600.0
8930e1cf68bffff,True,210.9425964043926,235.00945030711705,0.05695555861003234,0.49402439087447747,0.26530150154409565,0.028137435149236827,0.028838610230807495,True,False,2815.519045452818,448.1480847158772,0.15917068131350603,217,False,False,True,True,False,24.06685390272446,0.11409195825288183,True,False,2,True,,,
8930e1cf6c3ffff,True,65.06847927010034,71.61398263331093,0.017355959004367982,0.719213127720414,0.38215515380986004,0.01248263356011878,0.028838610230807495,True,False,2887.2888825754385,460.85505016547336,0.15961515072035132,302,False,False,True,False,True,6.545503363210585,0.10059407314623248,True,False,1,True,,,
8930e1cf6c7ffff,True,255.01380346653949,277.0924624597146,0.06715455895666388,0.5334023987552954,0.28573531232998645,0.035820402834838415,0.028838610230807495,True,True,2890.642330772313,458.41271756163314,0.15858507041206854,124,True,True,True,True,True,22.07865899317514,0.08657828985352196,True,True,4,False,송파구,방이2동,11240580.0
8930e1cf6d3ffff,True,240.5537856807817,260.4181134689285,0.06311345822651127,0.48187053901752286,0.2589946942033989,0.030412516134868894,0.028838610230807495,True,True,2890.24046866287,458.34898823071114,0.1585850704120685,232,True,True,True,True,False,19.864327788146795,0.08257748981970728,True,True,4,False,송파구,방이2동,11240580.0
8930e1d0a6bffff,True,363.64741230080597,408.7189615030581,0.09905481135544786,0.32281757533886873,0.1764598393529083,0.03197663402741472,0.028838610230807495,True,True,2015.8676073007257,582.9498633494793,0.28918062934205147,11,True,True,False,False,False,45.07154920225213,0.1239429944436655,True,False,2,True,강북구,우이동,11090740.0
8930e1d120bffff,True,172.56139945190176,194.0215241656589,0.04702195710335795,0.499192048103302,0.2679830726977136,0.023472987072250866,0.028838610230807495,True,False,2285.3280185486,612.5585939484245,0.26803968138344414,121,False,False,True,False,False,21.460124713757125,0.12436225472162289,True,False,1,True,,,
8930e1d1213ffff,True,273.1385630087957,326.1716123685661,0.07904910360374567,0.4558548293585313,0.24549477083903126,0.03603491563423034,0.028838610230807495,True,True,2281.4267987908015,612.654074734844,0.2685398782286427,20,True,True,True,True,False,53.033049359770416,0.19416170596922497,True,True,4,False,은평구,불광2동,11120720.0
8930e1d121bffff,True,314.9595726519014,394.93526193177576,0.09571427203769144,0.468208270903591,0.2519051481199317,0.04481421381156344,0.028838610230807495,True,True,2281.3783803254573,612.6410724460566,0.2685398782286428,27,True,True,True,True,True,79.97568927987436,0.2539236658422344,True,True,4,False,은평구,불광2동,11120720.0
8930e1d1243ffff,True,257.64453373835835,298.21190491973914,0.0722729473502846,0.5651943237737167,0.302232596354913,0.04084825960477753,0.028838610230807495,True,True,2503.2939961940056,605.7148351333,0.2419671185462936,56,True,True,True,True,True,40.56737118138079,0.1574548102874852,True,True,4,False,은평구,불광1동,11120520.0
8930e1d1247ffff,True,196.17174062324014,297.2936152357384,0.07205039586629217,0.42893053355895433,0.23152336914758334,0.030904614742062575,0.028838610230807495,True,True,2456.569270899152,607.2218444240706,0.24718287068771141,5,True,True,False,True,False,101.12187461249826,0.5154762571368984,True,False,3,True,은평구,불광1동,11120520.0
8930e1d124bffff,True,359.30451024148203,421.79816805035176,0.10222461373617596,0.5316886770604575,0.28484603766281746,0.05435166964040367,0.028838610230807495,True,True,2562.2325945092366,598.3692020254778,0.23353430258742292,150,True,True,True,True,True,62.49365780886973,0.17392951111821245,True,True,4,False,은평구,불광1동,11120520.0
8930e1d1257ffff,True,87.30504107043959,95.48176631423755,0.023140419801812865,0.6256828051447452,0.3336209333881729,0.014478562773825282,0.028838610230807495,True,False,2360.5424632622758,610.1661153766804,0.2584855493484448,188,False,False,True,False,True,8.17672524379796,0.09365696577819375,True,False,1,True,,,
8930e1d1263ffff,True,265.67045029140735,348.98511265521097,0.08457805425223217,0.557066141160164,0.2980147662894309,0.04711557030912597,0.028838610230807495,True,True,2503.8428457723303,605.8476386842826,0.24196711854629363,73,True,True,True,True,True,83.31466236380362,0.3136015400749983,True,True,4,False,은평구,불광1동,11120520.0
8930e1d12c7ffff,True,323.0120793140139,445.4840968124341,0.10796500120603668,0.5738707759009734,0.30673493130283114,0.06195795901225779,0.028838610230807495,True,True,2281.243953339517,612.6049734396214,0.2685398782286427,21,True,True,True,True,True,122.4720174984202,0.3791561534123308,True,True,4,False,은평구,불광2동,11120720.0
8930e1d12cfffff,True,328.571838047451,473.9251541368404,0.11485781468759929,0.36764842793880675,0.19972320915490213,0.04222729500638266,0.028838610230807495,True,True,2281.1955334597897,612.5919707710157,0.2685398782286428,19,True,True,False,True,False,145.35331608938935,0.44237910635663796,True,False,3,True,은평구,불광2동,11120720.0
8930e1d1637ffff,True,343.01313208135855,368.35176179451463,0.0892716455894829,0.38635063494545563,0.20942805152298402,0.034490156956122404,0.028838610230807495,True,True,1828.175867430487,345.87019566107534,0.18918868902213337,73,True,True,False,True,False,25.33862971315608,0.07387072780393161,True,False,3,True,은평구,진관동,11120710.0
8930e1d1b67ffff,True,348.42184637524133,453.125612640455,0.10981695567869117,0.3148736873177465,0.17233764238400098,0.03457846976455903,0.028838610230807495,True,True,1991.53237503905,521.7804792220165,0.2619994963485268,0,True,True,False,False,False,104.70376626521369,0.3005086143549404,True,False,2,True,강북구,수유1동,11090630.0
8930e1d1b8fffff,True,330.11287493918616,475.6722938256986,0.11528124156178939,0.29815870186946364,0.16366399766909123,0.034372105333963184,0.028838610230807495,True,True,1910.4264269956698,547.6816309971553,0.28668030511828585,2,True,True,False,False,False,145.55941888651245,0.44093832727162674,True,False,2,True,강북구,인수동,11090750.0
8930e1d5243ffff,True,334.4057818982458,382.607334458491,0.0927265453959444,0.48672516965429585,0.26151383138696194,0.0451323435392978,0.028838610230807495,True,True,2667.835930431428,637.6834396845178,0.23902648300467078,45,True,True,True,True,True,48.201552560245204,0.14414090655559345,True,True,4,False,노원구,상계1동,11110650.0
8930e1d524bffff,True,153.94720971382924,168.28311657905408,0.04078414249670264,0.5390224250763114,0.2886516242674247,0.021983567393230506,0.028838610230807495,True,False,3242.570543059917,720.5901553488371,0.22222805819633387,34,False,False,True,False,True,14.335906865224842,0.09312222606615411,True,False,1,True,,,
8930e1d5293ffff,True,268.0223785516086,292.34117110681126,0.07085014957202866,0.44175009603801463,0.23817562323945748,0.03129806037775136,0.028838610230807495,True,True,2387.4027747910445,596.2237150290898,0.24973738043898933,34,True,True,False,True,False,24.318792555202663,0.09073418677433309,True,False,3,True,노원구,상계1동,11110650.0
8930e1d52c7ffff,True,261.20597454724543,290.56358828004556,0.0704193446714524,0.5045870440281736,0.2707826131481379,0.035532688970169285,0.028838610230807495,True,True,2396.8815535772087,598.5909204129072,0.24973738043898933,92,True,True,True,True,True,29.357613732800132,0.11239258130939152,True,True,4,False,노원구,상계1동,11110650.0
8930e1d52cbffff,True,340.8686611389733,376.36735296876424,0.09121425884321556,0.5661974438920073,0.3027531297133985,0.051645280203532574,0.028838610230807495,True,True,2396.6388935420496,598.5303191313893,0.24973738043898935,160,True,True,True,True,True,35.498691829790914,0.10414184663141554,True,True,4,False,노원구,상계1동,11110650.0
8930e1d52dbffff,True,314.9789820650766,340.0756144828609,0.08241879876408854,0.44039989685020603,0.23747498559393593,0.03629723047422248,0.028838610230807495,True,True,2384.497912048577,603.7038509707777,0.25317860331113556,9,True,True,False,True,False,25.096632417784292,0.07967716529288667,True,False,3,True,노원구,상계1동,11110650.0
8930e1d5673ffff,True,385.45482547112374,415.71265118403556,0.10074976235424701,0.5396314220984425,0.2889676415214479,0.05436773753530244,0.028838610230807495,True,True,2066.6779178009097,641.9532633330965,0.3106208557239436,75,True,True,True,True,True,30.257825712911824,0.07849901911573963,True,True,4,False,도봉구,도봉2동,11100650.0
8930e1d8037ffff,True,210.45376916216128,253.9671468215797,0.061550038506605176,0.45725376050716715,0.2462206961951395,0.02814398656650616,0.028838610230807495,True,False,3046.201885551888,451.70859770682154,0.1482858374716633,88,False,False,False,True,False,43.51337765941841,0.20675979257891067,True,False,1,True,,,
8930e1d808bffff,True,150.56749899591475,164.38544476221819,0.03983952484274719,0.5222771715598176,0.27996227301955506,0.02080727435115709,0.028838610230807495,True,False,1251.6923318822935,102.95440834599181,0.08225216830334743,743,False,False,True,False,False,13.817945766303438,0.09177243335016379,True,False,1,True,,,
8930e1d8103ffff,True,267.3220440336021,423.5112395447635,0.10263978403581982,0.4526831824438271,0.2438489579494897,0.04646330408268203,0.028838610230807495,True,True,2250.713705381718,410.6257638390645,0.18244246829670546,18,True,True,True,True,False,156.18919551116142,0.5842735344771216,True,True,4,False,서대문구,충현동,11130730.0
8930e1d810bffff,True,175.94967554498947,228.83350773757346,0.05545879216709929,0.5169678292260991,0.2772071794411018,0.02867041139812671,0.028838610230807495,True,False,3323.7393802809984,567.4192272788256,0.170717123804952,92,False,False,True,True,True,52.88383219258398,0.30056226036666855,True,False,2,True,,,
8930e1d8147ffff,True,326.73829886210416,417.0763698959877,0.10108026549326837,0.549770244700486,0.2942288213980152,0.05557092229462424,0.028838610230807495,True,True,3581.230461931619,654.258520733564,0.1826909850366554,43,True,True,True,True,True,90.33807103388352,0.2764844872746601,True,True,4,False,마포구,공덕동,11140770.0
8930e1d814bffff,True,158.6796453439925,185.38742694680002,0.04492944622964293,0.6112674788653556,0.32614061466556393,0.02746390932361039,0.028838610230807495,True,False,3552.7521109674963,623.3514954764051,0.17545594964312108,179,False,False,True,True,True,26.70778160280753,0.16831258694150256,True,False,2,True,,,
8930e1d814fffff,True,215.64981067081712,287.5546317568246,0.0696901110198295,0.4918019267634566,0.2641482331700204,0.034273730875911346,0.028838610230807495,True,True,3591.743715353191,664.8763742893486,0.18511242086880594,21,True,True,True,True,False,71.9048210860075,0.3334332678629986,True,True,4,False,마포구,공덕동,11140770.0
8930e1d8153ffff,True,168.91713521670982,192.70617697015823,0.046703177010949004,0.5802171878426808,0.3100281751149271,0.02709798602861177,0.028838610230807495,True,False,3411.9489107340896,491.3895098813706,0.1440201839879387,305,False,False,True,True,True,23.7890417534484,0.1408326143048104,True,False,2,True,,,
8930e1d815bffff,True,334.536496962147,420.9533197743892,0.10201986109565325,0.4957181999218087,0.26618044325403056,0.050573101898610195,0.028838610230807495,True,True,3412.833810184561,473.6135129265797,0.1387742677399716,52,True,True,True,True,True,86.41682281224217,0.25831807171108234,True,True,4,False,마포구,아현동,11140780.0
8930e1d8167ffff,True,283.17868787143976,347.3460107883849,0.08418081081235422,0.4404719166877207,0.2375123577163922,0.037079283086844064,0.028838610230807495,True,True,2616.437370627758,497.68185895345414,0.19021355700711692,124,True,True,False,True,False,64.16732291694512,0.22659658252981396,True,False,3,True,중구,중림동,11020680.0
8930e1d8177ffff,True,277.4005553999275,360.3597761804049,0.08733475324553627,0.4515145704486098,0.24324254849209245,0.039432913596893646,0.028838610230807495,True,True,2662.5303531996187,506.4109604012386,0.1901991313611407,93,True,True,True,True,False,82.95922078047738,0.2990593175304762,True,True,4,False,중구,중림동,11020680.0
8930e1d817bffff,True,224.56840734503342,289.8527359006202,0.07024706651707804,0.47650539489169275,0.25621064427791623,0.03347310617070328,0.028838610230807495,True,True,3038.2590535751388,570.4851982653598,0.18776713512762064,18,True,True,True,True,False,65.28432855558677,0.29071020865050723,True,True,4,False,중구,중림동,11020680.0
8930e1d8187ffff,True,249.207869978925,391.3554790771039,0.0948466961511728,0.4664831029586158,0.25100993383006204,0.04424438112597209,0.028838610230807495,True,True,2588.9927296383,570.7509402163387,0.22045289416323566,29,True,True,True,True,False,142.1476090981789,0.5703977531295461,True,True,4,False,서대문구,천연동,11130520.0
8930e1d81bbffff,True,191.92367355900663,257.2314860211802,0.06234116525645675,0.5001974589594377,0.26850479475278904,0.031182892449850046,0.028838610230807495,True,True,2589.1450470608247,570.7845190329658,0.22045289416323566,33,True,True,True,True,False,65.30781246217359,0.34028012934055685,True,True,4,False,서대문구,천연동,11130520.0
8930e1d81cbffff,True,190.89680039031649,256.2815450394422,0.062110942943308295,0.5007458031022848,0.26878933836135355,0.0311017940055871,0.028838610230807495,True,True,3408.182586035929,557.4879288088879,0.16357337517451034,114,True,True,True,True,False,65.38474464912574,0.34251357024024,True,True,4,False,서대문구,북아현동,11130740.0
8930e1d8287ffff,True,346.6243322029509,400.8438463611054,0.09714624307684423,0.3574420452397913,0.19442697137895143,0.03472415181274912,0.028838610230807495,True,True,2440.3552462933585,388.2093547368402,0.15907903381136382,32,True,True,False,True,False,54.21951415815454,0.15642154667436517,True,False,3,True,마포구,용강동,11140590.0
8930e1d8297ffff,True,295.6199790530305,320.49347449107944,0.07767298228498846,0.46691745360527565,0.2512353245851109,0.0362668711024345,0.028838610230807495,True,True,2511.3175605615347,426.5734850211107,0.16986043171924786,87,True,True,True,True,False,24.873495438048963,0.08414010283651016,True,True,4,False,마포구,신수동,11140630.0
8930e1d82b7ffff,True,392.6048830500591,422.8512658463562,0.10247983655025447,0.4220917801635289,0.2279746423222844,0.04325589664036438,0.028838610230807495,True,True,2421.89320788123,378.0933900381173,0.15611480671721636,87,True,True,False,True,False,30.246382796297155,0.07704026134703117,True,False,3,True,마포구,용강동,11140590.0
8930e1d8313ffff,True,255.69055392301067,334.09241188810705,0.08096874368921447,0.5883198421480386,0.31423275817662677,0.047635518506163654,0.028838610230807495,True,True,3564.661783845319,658.416728737925,0.18470664782891943,64,True,True,True,True,True,78.40185796509638,0.3066279014308188,True,True,4,False,마포구,공덕동,11140770.0
8930e1d8333ffff,True,300.37389419876115,346.0290774553227,0.08386164631263428,0.34582859226849133,0.18840058473936766,0.02900175508961643,0.028838610230807495,True,True,1760.7611320058622,317.4169871912366,0.18027259996910236,18,True,True,False,False,False,45.65518325656154,0.15199451130180755,True,False,2,True,용산구,청파동,11030710.0
8930e1d8373ffff,True,102.74981633264682,114.40150109647847,0.02772569950808839,0.6613062318923757,0.35210643839160694,0.018335177868274228,0.028838610230807495,True,False,3664.2337097687196,775.7954585741584,0.21172106367176163,339,False,False,True,False,True,11.651684763831653,0.11339859456400361,True,False,1,True,,,
8930e1d8383ffff,True,108.31186646346991,119.76482563368565,0.029025524449699587,0.5573800152399574,0.29817764003298103,0.016178247260121313,0.028838610230807495,True,False,3496.743724603019,563.6609702898068,0.16119596249616447,226,False,False,True,False,True,11.452959170215735,0.10574057620988783,True,False,1,True,,,
8930e1d8397ffff,True,77.44302870218468,97.49249638682835,0.023627728947673763,0.5774989095335538,0.3086176216709792,0.01364498770203598,0.028838610230807495,True,False,3425.7453780078877,487.5166740818039,0.14230966411324497,128,False,False,True,False,True,20.049467684643673,0.2588931246703433,True,False,1,True,,,
8930e1d839bffff,True,309.65731678554215,353.16924511255127,0.085592096883687,0.5310216697531682,0.28449991804317576,0.04545125820485042,0.028838610230807495,True,True,3402.3600887346997,471.9397025012885,0.1387095105141554,274,True,True,True,True,True,43.511928327009116,0.14051639011373324,True,True,4,False,마포구,아현동,11140780.0
8930e1d83a3ffff,True,203.94945076727745,248.11610972716068,0.06013201431342845,0.5178189713852082,0.2776488492656335,0.031137497799100133,0.028838610230807495,True,True,3272.652244703171,589.0594416487017,0.17999451136371175,53,True,True,True,True,True,44.16665895988322,0.21655689090470212,True,True,4,False,마포구,공덕동,11140770.0
8930e1d83c3ffff,True,129.3055523931038,142.3377123540038,0.03449616135777531,0.5372059413381254,0.28770902490805433,0.018531542834755547,0.028838610230807495,True,False,2602.8230979429873,525.4720829145033,0.20188543867225714,362,False,False,True,False,True,13.032159960900003,0.10078577230218802,True,False,1,True,,,
8930e1d83c7ffff,True,103.66004641247963,122.49892341824965,0.029688144895008456,0.594470402890674,0.3174243720038809,0.017648723456812385,0.028838610230807495,True,False,3215.8209586049597,612.8893348762687,0.19058565223797264,170,False,False,True,False,True,18.838877005770016,0.18173710757187161,True,False,1,True,,,
8930e1d83cbffff,True,341.0272708227282,396.9677035377143,0.0962068430677382,0.40438720396788863,0.21878748483272714,0.0389048162707401,0.028838610230807495,True,True,2606.738324614884,528.70241817704,0.20282143903153374,84,True,True,False,True,False,55.940432714986116,0.16403507138895326,True,False,3,True,마포구,도화동,11140750.0
8930e1d8473ffff,True,237.10753799207393,265.05043187320445,0.06423612066425699,0.4506932398989222,0.24281634833753446,0.028950785340712087,0.028838610230807495,True,True,1585.3135862231566,257.1779791318808,0.16222530442357488,632,True,True,False,True,False,27.942893881130516,0.11784903220607265,True,False,3,True,마포구,연남동,11140710.0
8930e1d8497ffff,True,118.29937360984292,138.39213222761907,0.03353993291740744,0.5525393754332941,0.2956657628910144,0.01853213358625889,0.028838610230807495,True,False,3026.5944153141722,549.5597838686151,0.18157695034653948,76,False,False,True,False,True,20.092758617776155,0.1698467033649988,True,False,1,True,,,
8930e1d849bffff,True,271.8123453959348,296.340893874947,0.07181949971623237,0.4876413897361815,0.2619892710752303,0.03502216065178085,0.028838610230807495,True,True,2784.8057127097986,427.86310124500295,0.15364199351223826,102,True,True,True,True,False,24.528548479012215,0.09024074474352062,True,True,4,False,서대문구,남가좌1동,11130690.0
8930e1d86abffff,True,301.51962763715784,426.3878256223941,0.10333693713637464,0.32217378612369457,0.1761257679329248,0.03329245228365203,0.028838610230807495,True,True,2003.5194060358394,306.48534711682294,0.15297348565404434,41,True,True,False,False,False,124.86819798523624,0.41412958407968026,True,False,2,True,마포구,서강동,11140760.0
8930e1d86b7ffff,True,307.0806266514992,340.4409039009943,0.0825073282374222,0.5545053550445668,0.2966859377944085,0.0457507553380704,0.028838610230807495,True,True,1117.5892601602454,155.40289202815026,0.13905188387893763,672,True,True,True,True,True,33.360277249495084,0.10863686717480592,True,True,4,False,마포구,서교동,11140660.0
8930e1d8883ffff,True,276.12856180570486,319.52921849794103,0.07743929066679822,0.3853102449837387,0.20888817831036222,0.029838152058190976,0.028838610230807495,True,True,465.58846613372555,79.31878062805916,0.1703624260427391,613,True,True,False,True,False,43.40065669223617,0.1571755431905469,True,False,3,True,중구,을지로동,11020600.0
8930e1d890fffff,True,275.6439880457548,305.9984677951568,0.07416005460338436,0.5031869394997691,0.27005607890850664,0.03731637090901274,0.028838610230807495,True,True,2561.9390868586775,598.9351028143267,0.23378194504566116,184,True,True,True,True,True,30.354479749402003,0.1101220453404679,True,True,4,False,중구,동화동,11020730.0
8930e1d892bffff,True,367.415429407248,519.1064845877104,0.12580770589925425,0.3737627646016198,0.20289602578969224,0.04702223596509278,0.028838610230807495,True,True,2495.773908307668,510.7016386300804,0.204626563700386,17,True,True,False,True,False,151.6910551804624,0.4128597849719754,True,False,3,True,중구,신당5동,11020650.0
8930e1d892fffff,True,273.00638905898546,373.17171173816473,0.09043978134382909,0.5040146777513516,0.27048560411110883,0.04558297724991271,0.028838610230807495,True,True,3313.1106332010877,646.792480744833,0.19522211973945158,19,True,True,True,True,True,100.16532267917927,0.3668973573271857,True,True,4,False,중구,신당5동,11020650.0
8930e1d8933ffff,True,187.5960595245533,208.93279590477331,0.05063576842191296,0.583829182714676,0.31190249084967275,0.029562639293895042,0.028838610230807495,True,True,3063.0329177984113,529.8103293103461,0.1729691921467018,313,True,True,True,True,True,21.336736380220003,0.113737657572852,True,True,4,False,중구,황학동,11020670.0
8930e1d8937ffff,True,126.81824336561849,141.8517034579709,0.03437837499587869,0.5537682441707633,0.29630344043270573,0.019037652358911812,0.028838610230807495,True,False,2935.2770131692496,505.32934268680657,0.17215729228267868,380,False,False,True,False,True,15.033460092352414,0.11854335538311134,True,False,1,True,,,
8930e1d894bffff,True,161.95370002920552,181.7632124748807,0.0440511021481561,0.6122313656652292,0.32664078929469315,0.026969466427224118,0.028838610230807495,True,False,2824.650995207905,728.8693137449338,0.25803871521879335,271,False,False,True,True,True,19.809512445675182,0.12231589918663718,True,False,2,True,,,
8930e1d8967ffff,True,159.39544288483586,190.38459706967453,0.04614053206234343,0.6260849906656267,0.33382963319999154,0.028887894585559334,0.028838610230807495,True,True,3800.7783381082263,778.7478698853708,0.20489168286329992,17,True,True,True,True,True,30.989154184838668,0.1944168140818713,True,True,4,False,성동구,왕십리2동,11040520.0
8930e1d896fffff,True,250.01885608591277,306.232308637611,0.07421672694481751,0.5106561496634765,0.2739319587566489,0.0378992280222661,0.028838610230807495,True,True,3547.7358886862194,760.2112106756452,0.21428066646673719,28,True,True,True,True,True,56.21345255169825,0.22483685203479972,True,True,4,False,성동구,금호1가동,11040590.0
8930e1d8973ffff,True,393.0912291051942,448.8422963680219,0.10877887541987154,0.443952363484255,0.23931841127567818,0.048292638839811296,0.028838610230807495,True,True,2610.7482690822912,634.1222992818049,0.2428891007192763,50,True,True,True,True,False,55.75106726282769,0.14182729894466375,True,True,4,False,중구,동화동,11020730.0
8930e1d8977ffff,True,344.07239291808037,419.9502076576725,0.10177675252754491,0.41971163570386705,0.22673955136290885,0.04271688727996356,0.028838610230807495,True,True,2534.8618585013546,585.0972027783089,0.23082015330185546,39,True,True,False,True,False,75.87781473959211,0.22052863380311286,True,False,3,True,중구,동화동,11020730.0
8930e1d897bffff,True,147.4999886674428,189.35364265438287,0.045890675792530956,0.537079716627351,0.28764352510257224,0.024646951150490162,0.028838610230807495,True,False,2777.237405188581,658.2517646619276,0.23701674312471346,39,False,False,True,False,True,41.85365398694006,0.28375360815318,True,False,1,True,,,
8930e1d8997ffff,True,206.52020227995297,266.1639533468168,0.06450598741842785,0.5447019001618215,0.29159878501795694,0.0351365339186322,0.028838610230807495,True,True,2634.7543003297815,650.340544271656,0.24683157142594112,214,True,True,True,True,True,59.64375106686384,0.28880347011287766,True,True,4,False,종로구,창신2동,11010680.0
8930e1d89abffff,True,232.97512486729616,249.17550487441696,0.06038876331787013,0.47135866055988707,0.2535399303144352,0.028464766590379307,0.028838610230807495,True,False,2616.680545900014,458.81429491897615,0.175342112600591,232,False,False,True,True,False,16.2003800071208,0.06953695170825049,True,False,2,True,,,
8930e1d89afffff,True,262.1287823269279,282.94356671907644,0.06857259942755553,0.5725144607034126,0.3060311199724849,0.03925880478029809,0.028838610230807495,True,True,3096.4639303831227,531.914693151026,0.1717813302883243,175,True,True,True,True,True,20.814784392148567,0.07940671072964547,True,True,4,False,중구,황학동,11020670.0
8930e1d8a57ffff,True,184.98895635086538,229.78950106240364,0.05569048129182177,0.47613319306131446,0.25601750343140284,0.026516086680596494,0.028838610230807495,True,False,1100.1368205759732,225.3310333850284,0.20482091788097506,435,False,False,True,True,False,44.800544711538265,0.24217956355494996,True,False,2,True,,,
8930e1d8b03ffff,True,87.20420930110046,153.35176520044737,0.03716546479050885,0.5294183150402025,0.2836679143794413,0.019676077747077168,0.028838610230807495,True,False,2377.0046666148455,449.3918967767811,0.18905806248027768,19,False,False,True,False,True,66.14755589934691,0.7585362728415012,True,False,1,True,,,
8930e1d8b17ffff,True,308.15010205275485,400.5726051121702,0.09708050658483934,0.36579763861356285,0.19876280813636807,0.03551182006414267,0.028838610230807495,True,True,2338.8507892659222,445.9964437847065,0.19069042190788413,52,True,True,False,True,False,92.42250305941536,0.2999268942107725,True,False,3,True,성동구,옥수동,11040730.0
8930e1d8b83ffff,True,358.04975471994345,451.0429984229833,0.10931222509883454,0.5836573909000935,0.31181334562311974,0.06380088809466948,0.028838610230807495,True,True,3324.7827211089807,906.5954855436938,0.2726781151104211,48,True,True,True,True,True,92.99324370303987,0.25972156795855533,True,True,4,False,중구,약수동,11020710.0
8930e1d8b87ffff,True,63.963628210000905,76.6398416706941,0.01857399771981265,0.7986054077005842,0.42335294197337764,0.0148332950216607,0.028838610230807495,True,False,3452.805686657785,950.7099512699783,0.2753441802252816,151,False,False,True,False,True,12.67621346069319,0.19817846197022368,True,False,1,True,,,
8930e1d8b93ffff,True,395.2443599156587,464.0103317891717,0.11245491452935998,0.4989023385415837,0.2678327382677716,0.05610401983919161,0.028838610230807495,True,True,2267.2900749334876,542.0574075744107,0.23907721979081673,28,True,True,True,True,True,68.76597187351297,0.17398343619169404,True,True,4,False,중구,다산동,11020700.0
8930e1d8b97ffff,True,129.68838570462017,148.9218928802755,0.03609186603847233,0.5692614003042517,0.30434306046290494,0.020545706200654223,0.028838610230807495,True,False,2580.4165794618234,649.9830950087107,0.2518907606555033,327,False,False,True,False,True,19.23350717565532,0.14830554849731714,True,False,1,True,,,
8930e1d8bb3ffff,True,300.97373136071263,414.8183585185422,0.10053302665167223,0.4993789574069315,0.26808006260527945,0.05020407803427533,0.028838610230807495,True,True,3209.7807869891158,863.6360999847008,0.2690638885638109,7,True,True,True,True,True,113.84462715782956,0.3782543634061819,True,True,4,False,중구,약수동,11020710.0
8930e1d8c13ffff,True,318.17412552604554,341.47107664980945,0.08275699506697702,0.42029701717339274,0.22704331416934787,0.03478251817688362,0.028838610230807495,True,True,740.9465245038117,161.09471577632783,0.2174174659692315,270,True,True,False,True,False,23.296951123763904,0.07322075949842385,True,False,3,True,종로구,사직동,11010530.0
8930e1d8c17ffff,True,186.00574121582576,204.1492162763954,0.049476447171070546,0.6040135847320521,0.32237646538128767,0.02988444621560432,0.028838610230807495,True,True,366.8512159564725,80.7855018912028,0.2202132591562355,760,True,True,True,True,True,18.143475060569642,0.09754255401997214,True,True,4,False,종로구,종로1·2·3·4가동,11010610.0
8930e1d8c4fffff,True,94.67108014383676,104.62894799399761,0.025357278917892467,0.5720683971363959,0.30579965121574926,0.014506097906299267,0.028838610230807495,True,False,436.3564946714698,106.94850941684372,0.2450943453869401,1129,False,False,True,False,True,9.957867850160852,0.10518384109520615,True,False,1,True,,,
8930e1d8c8bffff,True,244.44739441507687,267.6080066895913,0.06485596000332997,0.4127765493023976,0.22314083596470147,0.02677101937186886,0.028838610230807495,True,False,840.8664619302264,182.54503342483522,0.21709158551263816,387,False,False,False,True,False,23.16061227451445,0.09474681589441382,True,False,1,True,,,
8930e1d8d27ffff,True,282.904872844237,445.6035115258926,0.10799394187928364,0.4225109450205531,0.22819215295416934,0.04562862243991082,0.028838610230807495,True,True,2252.34523480258,542.2321935191186,0.2407411551038914,31,True,True,False,True,False,162.6986386816556,0.5751001636908352,True,False,3,True,종로구,창신2동,11010680.0
8930e1d8e07ffff,True,320.71256947361303,452.893509112369,0.10976070438292317,0.45761349916981514,0.24640736972588706,0.050227980004013136,0.028838610230807495,True,True,1975.9934950247323,409.7230117570528,0.20735038490191213,56,True,True,True,True,True,132.18093963875594,0.41214767433563676,True,True,4,False,용산구,후암동,11030510.0
8930e1d8e3bffff,True,334.8071497419207,476.21942212977365,0.11541384047706378,0.34870565981914353,0.18989353618897345,0.0402454593958159,0.028838610230807495,True,True,1976.1096890067302,409.7471046239433,0.2073503849019121,50,True,True,False,True,False,141.41227238785297,0.4223693326049272,True,False,3,True,용산구,후암동,11030510.0
8930e1d8ed3ffff,True,285.6472048243354,380.0230821066053,0.09210024064054588,0.33840892380017507,0.18455041278464396,0.031167543316904276,0.028838610230807495,True,True,1620.6620228745287,299.5277481998388,0.1848181446669391,39,True,True,False,False,False,94.37587728226987,0.33039314121875707,True,False,2,True,용산구,청파동,11030710.0
8930e1d8edbffff,True,348.3165946761799,460.10162436134027,0.11150762234726096,0.2716386980411891,0.14990238885667495,0.030289785356078573,0.028838610230807495,True,True,1620.627303496558,299.52133142881826,0.1848181446669391,32,True,True,False,False,False,111.7850296851604,0.3209293826183728,True,False,2,True,용산구,청파동,11030710.0
8930e1d9033ffff,True,179.0107640513833,220.72294100978792,0.053493161176425136,0.4918112772649599,0.26415308527881803,0.02630853992311801,0.028838610230807495,True,False,2106.9455934211987,361.8327592715594,0.17173331879159992,36,False,False,True,True,False,41.712176958404626,0.23301490935166086,True,False,2,True,,,
8930e1d9053ffff,True,308.9160041328498,338.33280849357004,0.0819964221807671,0.38881144878733775,0.21070500297711825,0.03188114770348225,0.028838610230807495,True,True,2301.5923878293297,401.637668160179,0.17450425639397,17,True,True,False,True,False,29.41680436072022,0.09522589949101334,True,False,3,True,영등포구,신길6동,11190680.0
8930e1d9073ffff,True,328.71863676714105,364.14676932599247,0.08825254744392887,0.36572828561857934,0.19872681987659582,0.03227645287814044,0.028838610230807495,True,True,2161.0511467320966,367.99933490069134,0.17028719355262528,125,True,True,False,True,False,35.428132558851416,0.10777646472155496,True,False,3,True,동작구,대방동,11200680.0
8930e1d90b3ffff,True,307.70241678348293,335.4450878124736,0.08129657056081456,0.4606400370005336,0.24797788343893262,0.03744845527115011,0.028838610230807495,True,True,2336.0546614063933,474.7176916294591,0.2032134348019327,58,True,True,True,True,False,27.742671028990685,0.09016071865471248,True,True,4,False,영등포구,신길1동,11190630.0
8930e1d912bffff,True,178.71722620840387,200.15677250475494,0.04850886112320837,0.5517412518223981,0.29525160514849574,0.026764339760597843,0.028838610230807495,True,False,1999.7558246858487,390.2047991784499,0.19512622209251423,343,False,False,True,True,True,21.439546296351068,0.11996351303791056,True,False,2,True,,,
8930e1d914bffff,True,249.8285735962458,283.0704630427582,0.06860335330145893,0.4782453058733854,0.25711350894013596,0.03280923168359615,0.028838610230807495,True,True,3103.1743119166026,565.3755471922633,0.1821926486762751,96,True,True,True,True,False,33.2418894465124,0.13305879695024578,True,True,4,False,동작구,상도2동,11200540.0
8930e1d9177ffff,True,283.01328948684886,321.4072620641802,0.07789444266289601,0.4597392482823349,0.2475104513057113,0.03581113251521125,0.028838610230807495,True,True,1985.6725489534747,387.79046512074996,0.19529426708604616,82,True,True,True,True,False,38.39397257733134,0.13566137705740297,True,True,4,False,동작구,노량진1동,11200720.0
8930e1d919bffff,True,168.59640337652567,180.7457852786348,0.04380452425849466,0.7886051444681644,0.4181636625329642,0.0345444731812294,0.028838610230807495,True,True,990.9679765897101,202.33100873136382,0.20417512322412293,1155,True,True,True,True,True,12.149381902109127,0.07206192812414842,True,True,4,False,영등포구,여의동,11190540.0
8930e1d91cbffff,True,251.1097990623256,320.17103700681935,0.07759483816351229,0.39460472511268085,0.21371121681659763,0.030619289783675722,0.028838610230807495,True,True,1990.3033892936933,356.46005030438187,0.17909834863461707,8,True,True,False,True,False,69.06123794449374,0.2750240659758272,True,False,3,True,동작구,대방동,11200680.0
8930e1d9203ffff,True,155.9134288160636,168.08648086900672,0.04073648698032323,0.581075045771012,0.31047332984803977,0.023670956036641554,0.028838610230807495,True,False,3112.4022756470463,538.8032586175287,0.17311491603556142,128,False,False,True,False,True,12.17305205294312,0.07807571256292545,True,False,1,True,,,
8930e1d9207ffff,True,156.34663855892984,169.67196643281778,0.04112073627683871,0.5251346251147451,0.2814450464866024,0.021593922429179995,0.028838610230807495,True,False,3147.926287501814,526.561299261018,0.16727243625481958,48,False,False,True,False,True,13.325327873887943,0.08522938514514586,True,False,1,True,,,
8930e1d920bffff,True,271.22511343679395,304.06347398661933,0.07369110046929239,0.5208699328377292,0.27923203674491254,0.03838347855217868,0.028838610230807495,True,True,3112.3351215700523,538.7916332451284,0.17311491603556142,155,True,True,True,True,True,32.83836054982538,0.12107418864617049,True,True,4,False,관악구,신사동,11210680.0
8930e1d920fffff,True,175.2201682354172,188.49835746885367,0.045683393721750225,0.5640226477812486,0.3016245969455745,0.02576646868657483,0.028838610230807495,True,False,3112.584947742422,538.8348818819817,0.1731149160355614,91,False,False,True,True,True,13.278189233436478,0.07578002787668002,True,False,2,True,,,
8930e1d9223ffff,True,256.6327620267717,279.31805687570983,0.06769394140718543,0.5007939899487068,0.26881434320428865,0.03390071901265837,0.028838610230807495,True,True,3703.8127497806545,333.1840555028701,0.08995704643076294,149,True,True,True,True,True,22.685294848938156,0.08839594239558411,True,True,4,False,관악구,신림동,11210690.0
8930e1d922fffff,True,174.47231531923583,186.31926574173303,0.04515528139937994,0.711723580957344,0.3782687210098096,0.032138078576703234,0.028838610230807495,True,True,3704.0301372828344,333.20361104049715,0.08995704643076294,364,True,True,True,True,True,11.846950422497201,0.06790160605607014,True,True,4,False,관악구,신림동,11210690.0
8930e1d9237ffff,True,144.43672546564522,153.3551705400832,0.0371662900893254,0.6833911153236096,0.363566599876366,0.025399112436584905,0.028838610230807495,True,False,3025.0084514866307,505.5922333689174,0.16713746142442865,390,False,False,True,True,True,8.918445074437983,0.06174638095460885,True,False,2,True,,,
8930e1d925bffff,True,244.8353790888713,275.19746985129717,0.06669529928675166,0.4635791261915499,0.2495030188036736,0.030918548564436238,0.028838610230807495,True,True,2275.2195744699534,546.6934078635295,0.2402816035858385,39,True,True,True,True,False,30.36209076242588,0.12401022628108387,True,True,4,False,관악구,미성동,11210830.0
8930e1d9263ffff,True,333.02472915660024,438.5123573915894,0.10627536994789417,0.34963688249727587,0.19037676093873931,0.037157789034826395,0.028838610230807495,True,True,2387.9408331210093,539.000568980971,0.22571772361566594,14,True,True,False,True,False,105.48762823498913,0.31675614150979475,True,False,3,True,관악구,미성동,11210830.0
8930e1d9267ffff,True,382.77348748922236,415.536761594038,0.10070713474995745,0.509140296295966,0.2731453607909871,0.05127406042571111,0.028838610230807495,True,True,2564.3733400287056,523.1858359386574,0.20402093087303774,87,True,True,True,True,True,32.76327410481565,0.08559441856781723,True,True,4,False,관악구,신원동,11210650.0
8930e1d9297ffff,True,250.88884434749755,279.4498770284531,0.06772588859239752,0.545309024467204,0.29191383049250835,0.03693153823949483,0.028838610230807495,True,True,3110.3854016677806,616.730230610616,0.19828096874423562,79,True,True,True,True,True,28.56103268095555,0.11383938873502339,True,True,4,False,동작구,신대방1동,11200690.0
8930e1d929bffff,True,220.75931342838,254.60576898940622,0.06170481135621517,0.6739714626838612,0.3586786075662421,0.041587281964380066,0.028838610230807495,True,True,3534.239806534275,707.3471598368105,0.2001412463662009,43,True,True,True,True,True,33.846455561026204,0.15331835851177741,True,True,4,False,동작구,신대방1동,11200690.0
8930e1d92b7ffff,True,263.9301903761402,300.8502818393985,0.07291236942921223,0.39497955665583845,0.2139057222586364,0.028798895351876953,0.028838610230807495,True,False,2445.1196692762906,426.3703935823212,0.17437608430368515,60,False,True,False,True,False,36.9200914632583,0.1398858213629961,True,False,2,True,,,
8930e1d92d7ffff,True,231.46657061800414,278.59264449286354,0.06751813457289152,0.6096410934213741,0.325296660026522,0.04116182938678906,0.028838610230807495,True,True,3928.002372456136,767.6156986367887,0.19542139384116694,97,True,True,True,True,True,47.1260738748594,0.20359775387450182,True,True,4,False,동작구,신대방1동,11200690.0
8930e1d9307ffff,True,132.4178071079183,220.46948739549651,0.05343173559475243,0.5635483544932564,0.30137847938337625,0.030111366672141485,0.028838610230807495,True,True,3162.426810308312,673.7489742477022,0.21304808448104984,11,True,True,True,True,True,88.05168028757822,0.6649534697083269,True,True,4,False,동작구,상도4동,11200560.0
8930e1d9313ffff,True,100.39880558334427,132.07344146559825,0.032008570831480086,0.673765130802483,0.35857153900564,0.021566258913072723,0.028838610230807495,True,False,3194.845429445409,710.0533010785755,0.2222496570677077,34,False,False,True,False,True,31.67463588225398,0.31548817436836785,True,False,1,True,,,
8930e1d9317ffff,True,178.4768840537722,241.80176144272278,0.058601704645759874,0.4904396157931974,0.2634413105475741,0.028740597511292904,0.028838610230807495,True,False,3162.837997095434,674.3705634199606,0.21321691595942102,25,False,False,True,True,False,63.32487738895057,0.3548071657832832,True,False,2,True,,,
8930e1d931bffff,True,129.57344827111143,163.51693485437434,0.039629037703208976,0.5825146169624115,0.31122034390286213,0.02308449371827374,0.028838610230807495,True,False,3086.0636361133984,687.5010791150638,0.2227760539574957,9,False,False,True,False,True,33.94348658326291,0.26196328828296417,True,False,1,True,,,
8930e1d9343ffff,True,188.31512150505762,250.75278433624996,0.06077102383001307,0.5117030148472383,0.27447519205448534,0.031096716109171054,0.028838610230807495,True,True,2934.199735076816,559.6852612431593,0.19074545422127065,91,True,True,True,True,True,62.43766283119234,0.33155947505530214,True,True,4,False,관악구,보라매동,11210520.0
8930e1d9353ffff,True,259.4164201659107,295.7943435827673,0.07168704088464542,0.44573887993955175,0.24024546018388862,0.0319537013101027,0.028838610230807495,True,True,2773.32838759406,606.8819324725597,0.21882801012217912,76,True,True,False,True,False,36.37792341685656,0.14022984124748514,True,False,3,True,관악구,보라매동,11210520.0
8930e1d935bffff,True,136.77030927158555,148.73635054648693,0.03604689904989835,0.7155447835467206,0.3802515976175395,0.025793170578190004,0.028838610230807495,True,False,3687.0820693409546,338.2987836446514,0.0917524419805281,314,False,False,True,True,True,11.966041274901386,0.08749005057187048,True,False,2,True,,,
8930e1d9363ffff,True,52.53951291924758,85.24232710068279,0.02065884733951678,0.6349488535581284,0.3384292182710709,0.01311731143405857,0.028838610230807495,True,False,3296.2187379157367,698.1541172385721,0.211804547194592,36,False,False,True,False,True,32.70281418143521,0.622442279426894,True,False,1,True,,,
8930e1d9367ffff,True,166.46464251403887,205.22765440128285,0.04973781132365697,0.5014140335255888,0.2691360926733669,0.024939236594529544,0.028838610230807495,True,False,3298.806664171041,698.574464349225,0.21176580972039782,9,False,False,True,True,False,38.76301188724398,0.23286033179072776,True,False,2,True,,,
8930e1d936bffff,True,174.9763943457936,212.83458261711155,0.051581383338623804,0.6128832786271242,0.326979076242894,0.03161336733669828,0.028838610230807495,True,True,3298.4707136386933,698.5033215127164,0.21176580972039785,132,True,True,True,True,True,37.85818827131794,0.21636168931736846,True,True,4,False,관악구,은천동,11210780.0
8930e1d937bffff,True,170.83130806485062,223.5393536916823,0.054175730993783734,0.5432239210664453,0.29083184055312206,0.02942955301708415,0.028838610230807495,True,True,2882.946727451422,633.3373587269527,0.21968403116724763,203,True,True,True,True,True,52.70804562683168,0.30853855902585936,True,True,4,False,관악구,보라매동,11210520.0
8930e1d9383ffff,True,193.47129809125863,234.3208972191215,0.05678868478556187,0.6294855609763891,0.33559423770981195,0.035747657099350745,0.028838610230807495,True,True,3191.659658110743,706.6294583615486,0.22139874988419905,264,True,True,True,True,True,40.84959912786286,0.2111403579284121,True,True,4,False,동작구,상도3동,11200550.0
8930e1d938fffff,True,191.4028933230153,221.26356768142048,0.053624184392904624,0.5487684987054356,0.29370900109170783,0.029427263163597724,0.028838610230807495,True,True,3169.564671859195,681.9880223379388,0.2151677258372204,109,True,True,True,True,True,29.86067435840519,0.15600952441200422,True,True,4,False,동작구,상도4동,11200560.0
8930e1d93a3ffff,True,130.14863390966056,174.07636713913854,0.042188161872886425,0.5243770506094269,0.2810519302541932,0.022122503893537256,0.028838610230807495,True,False,3292.251302019269,617.9450422391938,0.18769680244645462,36,False,False,True,False,True,43.92773322947798,0.33751974115970607,True,False,1,True,,,
8930e1d93a7ffff,True,242.1889571493297,307.19047781356556,0.07444894339648823,0.5664567404073467,0.3028876823791383,0.04217210580314579,0.028838610230807495,True,True,3320.9464581088,605.7546465966532,0.18240421947110103,15,True,True,True,True,True,65.00152066423587,0.26839176083555705,True,True,4,False,동작구,상도2동,11200540.0
8930e1d93afffff,True,143.83403162317111,161.77711217850052,0.03920738413882125,0.6394881911077553,0.34078474536789877,0.0250726591610017,0.028838610230807495,True,False,3214.950369844698,651.3439101259262,0.20259843394017624,96,False,False,True,True,True,17.943080555329402,0.12474850598875127,True,False,2,True,,,
8930e1d93bbffff,True,364.0081695233732,447.11241665356863,0.1083596315752683,0.4794090616409025,0.2577173984316107,0.051948589293253286,0.028838610230807495,True,True,3162.550149414283,673.6202415333607,0.21299907027817974,73,True,True,True,True,True,83.1042471301954,0.22830324725681525,True,True,4,False,동작구,상도4동,11200560.0
8930e1d93c7ffff,True,94.17553088539002,104.80883328567434,0.025400874897797902,0.600313154245263,0.3204562591427637,0.015248479330486382,0.028838610230807495,True,False,3196.6271525920683,712.2540194418726,0.22281423057559996,48,False,False,True,False,True,10.633302400284322,0.11290939695604016,True,False,1,True,,,
8930e1d93cbffff,True,268.09763435711693,292.3046699452481,0.07084130335735932,0.5235590824739079,0.28062747490437795,0.037089607787034816,0.028838610230807495,True,True,2752.6851714587683,612.8655157821909,0.2226427933483605,187,True,True,True,True,True,24.20703558813119,0.09029186567116977,True,True,4,False,관악구,보라매동,11210520.0
8930e1d93cfffff,True,377.75942083421563,458.8197635604079,0.11119695782767676,0.4387129166744174,0.23659958748299176,0.04878354169390226,0.028838610230807495,True,True,2813.631171206305,626.5097123601503,0.22266945247537293,22,True,True,True,True,False,81.06034272619229,0.21458192239702373,True,True,4,False,관악구,보라매동,11210520.0
8930e1d93d3ffff,True,273.2273592686656,351.51555707658565,0.08519131842251422,0.46361959540459774,0.24952401885640801,0.039496364579030295,0.028838610230807495,True,True,2445.475328186446,426.43208505282126,0.1743759506128657,43,True,True,True,True,False,78.28819780792003,0.2865313269413072,True,True,4,False,동작구,신대방2동,11200700.0
8930e1d9407ffff,True,136.90175695392153,146.85762949673602,0.035591582862735865,0.5939595032764506,0.3171592588960969,0.02113995887797323,0.028838610230807495,True,False,1830.3920899386542,221.59117288542603,0.12106213422985929,507,False,False,True,False,True,9.95587254281449,0.0727227521715842,True,False,1,True,,,
8930e1d940fffff,True,105.47201072181798,112.70648124435951,0.027314904102174426,0.6095078658740074,0.3252275263490999,0.016648648905869506,0.028838610230807495,True,False,1830.3527536192494,221.58641074664615,0.1210621342298593,463,False,False,True,False,True,7.234470522541528,0.06859137768428836,True,False,1,True,,,
8930e1d943bffff,True,108.84047461446201,115.61296695045982,0.028019303507248072,0.6007833909727964,0.32070027169779386,0.016833532173780464,0.028838610230807495,True,False,1830.4996863888443,221.60433344551888,0.12106220781861665,582,False,False,True,False,True,6.772492335997811,0.06222402428864387,True,False,1,True,,,
8930e1d944fffff,True,255.2700587778156,284.4538143551897,0.06893861448627722,0.45736288621998233,0.24627732308632935,0.03152996369345044,0.028838610230807495,True,True,2461.494310677402,511.9617123948377,0.2079881761960872,53,True,True,False,True,False,29.183755577374114,0.11432502392603494,True,False,3,True,영등포구,도림동,11190750.0
8930e1d9477ffff,True,177.54700543898514,190.49988718873317,0.04616847312226515,0.5606524930468101,0.2998757755127809,0.025884469556162602,0.028838610230807495,True,False,1904.5734009470857,379.9061500989741,0.19947046929777473,491,False,False,True,True,True,12.95288174974803,0.07295466188079049,True,False,2,True,,,
8930e1d9483ffff,True,126.64927894877279,136.8027956244082,0.03315475030480632,0.5561437603596878,0.29753612971628296,0.018438807508301493,0.028838610230807495,True,False,2087.3533063166005,374.55856073346257,0.1794418604651163,483,False,False,True,False,True,10.153516675635402,0.08017034727645236,True,False,1,True,,,
8930e1d9487ffff,True,353.2252238388896,381.8820833518959,0.09255077764764881,0.41083425323989065,0.22213295079307038,0.03802302962164296,0.028838610230807495,True,True,2186.5055870648953,374.2804361254286,0.17117744328650553,147,True,True,False,True,False,28.65685951300634,0.08112914248184351,True,False,3,True,영등포구,당산1동,11190550.0
8930e1d9493ffff,True,204.13794179403303,219.40411368637953,0.053173537659937875,0.5406050118136875,0.2894728511319649,0.02874588095482627,0.028838610230807495,True,False,2087.2306650683845,374.53655375971294,0.1794418604651163,377,False,False,True,True,True,15.266171892346506,0.07478360836884237,True,False,2,True,,,
8930e1d9497ffff,True,85.87015802425333,92.37858647555402,0.02238835072140509,0.5870804289043178,0.3135896089400181,0.013143762543982793,0.028838610230807495,True,False,2355.3745967889918,373.7322940453107,0.15867212568005454,488,False,False,True,False,True,6.508428451300688,0.07579383339975262,True,False,1,True,,,
8930e1d9517ffff,True,219.07704881679297,234.82317819956455,0.05691041475762446,0.5875160892438563,0.3138156793134101,0.033435784315645374,0.028838610230807495,True,True,990.7563863099123,202.28780725991308,0.20417512322412293,708,True,True,True,True,True,15.746129382771585,0.07187484708149215,True,True,4,False,영등포구,여의동,11190540.0
8930e1d953bffff,True,124.30887812618158,141.3092126735441,0.03424690000358606,0.5702047465715573,0.30483257631627264,0.019527744937406253,0.028838610230807495,True,False,990.8728276983445,202.31158169474463,0.20417512322412296,299,False,False,True,False,True,17.000334547362513,0.1367588124325768,True,False,1,True,,,
8930e1d9567ffff,True,230.7581641796009,248.57307372950325,0.06024276151948372,0.7293790649684126,0.3874304038635336,0.043939809068196105,0.028838610230807495,True,True,990.909760236681,202.31912240031048,0.20417512322412296,905,True,True,True,True,True,17.814909549902353,0.07720164360484714,True,True,4,False,영등포구,여의동,11190540.0
8930e1d9577ffff,True,164.28701382007193,175.5718019648893,0.042550586982830825,0.6170226238161896,0.3291270415901215,0.026254674825065275,0.028838610230807495,True,False,990.8515445482691,202.3072362049554,0.20417512322412296,499,False,False,True,True,True,11.284788144817355,0.06868947144645601,True,False,2,True,,,
8930e1d9657ffff,True,231.77478397501514,254.74647274829522,0.061738911521870554,0.4426619280284516,0.23864878588439126,0.027329465608649205,0.028838610230807495,True,False,1997.114519194082,464.64516630150933,0.23265824860610035,279,False,False,False,True,False,22.97168877328008,0.09911211383442119,True,False,1,True,,,
8930e1d966fffff,True,121.25114718410214,131.0251018235006,0.03175450117661862,0.5439669362782129,0.29121740176013505,0.017273398718088136,0.028838610230807495,True,False,2625.7839043274753,599.3680486821349,0.2282625191259397,182,False,False,True,False,True,9.773954639398454,0.0806091725017507,True,False,1,True,,,
8930e1d9673ffff,True,299.8494817072091,336.68804802779925,0.08159780735491541,0.3943466946563267,0.21357732112695035,0.0321778256216146,0.028838610230807495,True,True,2287.0313801180505,555.2116246539823,0.24276519748728753,70,True,True,False,True,False,36.83856632059013,0.12285686175226243,True,False,3,True,영등포구,대림1동,11190700.0
8930e1d9677ffff,True,155.10641376879718,167.81817092451254,0.04067146090265136,0.5761804053744124,0.3079334310285819,0.023434098830059227,0.028838610230807495,True,False,2287.369061989443,555.3539900036646,0.24279159809945347,150,False,False,True,False,True,12.711757155715361,0.08195507101765376,True,False,1,True,,,
8930e1d9687ffff,True,237.1949603382079,256.02468049942263,0.06204869070900535,0.4902672233901329,0.2633518536670786,0.03042043930889719,0.028838610230807495,True,True,2646.654059120239,540.4712618995749,0.2042092581148404,50,True,True,True,True,False,18.829720161214738,0.07938499255787773,True,True,4,False,영등포구,도림동,11190750.0
8930e1d969bffff,True,285.9059619435248,326.8922625222016,0.07922375629115494,0.3710058348183836,0.20146541554371084,0.02939247584024811,0.028838610230807495,True,True,2393.4472381300743,479.8348540799459,0.20047855930796532,117,True,True,False,True,False,40.986300578676776,0.14335587932500976,True,False,3,True,구로구,구로5동,11170560.0
8930e1d96cbffff,True,146.80730414994252,160.6416616050538,0.03893220277228375,0.5289594567130462,0.28342980623890196,0.020593556827069363,0.028838610230807495,True,False,2913.633972504761,707.1203556926581,0.24269361298144412,148,False,False,True,False,True,13.834357455111274,0.09423480347395706,True,False,1,True,,,
8930e1d96cfffff,True,293.7342160152746,318.68126267616356,0.07723378489908185,0.40514294639524767,0.21917965037371298,0.031290723175270804,0.028838610230807495,True,True,2256.641495082453,533.0191567822715,0.23620019304962575,34,True,True,False,True,False,24.94704666088893,0.08493067984831446,True,False,3,True,영등포구,대림3동,11190720.0
8930e1d9897ffff,True,280.42896572604786,300.16356504293077,0.07274594063795042,0.4320586968576773,0.23314661776764903,0.031430516313718806,0.028838610230807495,True,True,2369.5294524034166,444.79412875003294,0.18771411695215592,19,True,True,False,True,False,19.734599316882907,0.07037289912541243,True,False,3,True,용산구,이촌1동,11030630.0
8930e1d9a03ffff,True,199.38174495854562,233.0454881732975,0.056479583876784534,0.4589821497571571,0.24711758206619613,0.025923120825156236,0.028838610230807495,True,False,3005.794139321687,683.6717797914328,0.2274512984264837,9,False,False,False,True,False,33.66374321475189,0.16884064898594942,True,False,1,True,,,
8930e1d9a0bffff,True,98.78804318605901,118.71615140691445,0.028771373706792683,0.5924387530261114,0.31637011986798563,0.017045276761700506,0.028838610230807495,True,False,3094.9980361381054,702.3770147623334,0.22693940563488998,38,False,False,True,False,True,19.928108220855435,0.20172591315856425,True,False,1,True,,,
8930e1d9a0fffff,True,67.74336236373776,72.35061561165176,0.017534485198600368,0.6920322089556332,0.36805058679602803,0.012134428524887268,0.028838610230807495,True,False,2847.843143858909,650.5520051223103,0.22843674045923532,38,False,False,True,False,True,4.607253247914002,0.06801040112499955,True,False,1,True,,,
8930e1d9a23ffff,True,255.9197848032016,283.86671703251216,0.06879632890615328,0.5824039824902152,0.3111629340948775,0.04006725593565038,0.028838610230807495,True,True,2436.9451626386867,564.3937494986566,0.2315988714688761,139,True,True,True,True,True,27.946932229310562,0.10920192141768689,True,True,4,False,동작구,사당2동,11200730.0
8930e1d9a2bffff,True,147.35659516155263,161.45770070803104,0.039129973384899375,0.805051376757582,0.4266978473947248,0.03150163894600078,0.028838610230807495,True,True,2471.854417869024,571.7131977006107,0.23128918659921827,464,True,True,True,True,True,14.101105546478408,0.09569375249895555,True,True,4,False,동작구,사당2동,11200730.0
8930e1d9a2fffff,True,200.84335723832058,216.18786813915315,0.05239406661513556,0.556085135183613,0.2975057082749844,0.029135561616496882,0.028838610230807495,True,True,2307.4045538702953,436.12912880317594,0.1890128577893462,261,True,True,True,True,True,15.344510900832574,0.07640039039292093,True,True,4,False,서초구,방배4동,11220650.0
8930e1d9a33ffff,True,338.4758006560202,444.87481231947345,0.1078173384690546,0.5163457950583502,0.276884397025988,0.055671029352879244,0.028838610230807495,True,True,2436.802112308276,564.3606192035702,0.23159887146887612,51,True,True,True,True,True,106.39901166345322,0.31434747020979026,True,True,4,False,동작구,사당2동,11200730.0
8930e1d9a43ffff,True,201.23279640902092,234.01797209318565,0.05671526956867531,0.4917801492652381,0.2641369325151134,0.027891443734101358,0.028838610230807495,True,False,2948.9423386648546,603.0284781253305,0.2044897488224046,104,False,False,True,True,False,32.78517568416473,0.1629216324039267,True,False,2,True,,,
8930e1d9a47ffff,True,63.52000054122264,68.91211606254149,0.016701149933384486,0.6414692207968957,0.3418127299716818,0.010713273634180273,0.028838610230807495,True,False,3071.1977146028426,700.766394231995,0.22817365059240932,266,False,False,True,False,True,5.392115521318843,0.08488846781132371,True,False,1,True,,,
8930e1d9a4fffff,True,393.56324744579064,443.5117446880952,0.10748699312223153,0.5849277878658103,0.3124725727556602,0.06287212911133447,0.028838610230807495,True,True,3038.801309241591,706.7443062428728,0.23257338480588538,140,True,True,True,True,True,49.94849724230454,0.12691352042262138,True,True,4,False,동작구,사당4동,11200660.0
8930e1d9a57ffff,True,69.31354642036347,95.0885730800118,0.023045127717738173,0.5998580879126828,0.3202201187223769,0.013823806248465988,0.028838610230807495,True,False,3059.085158932113,675.4125792542595,0.22078907391059271,120,False,False,True,False,True,25.775026659648333,0.37186131702642106,True,False,1,True,,,
8930e1d9a67ffff,True,101.3111702292418,111.39361847806569,0.026996726121949123,0.6439199015177746,0.3430844232045805,0.01738372922574781,0.028838610230807495,True,False,2586.3716916803173,554.8014031170047,0.21450954048934887,422,False,False,True,False,True,10.082448248823894,0.09951961097685319,True,False,1,True,,,
8930e1d9a6bffff,True,364.59764323121794,400.10833667055863,0.09696798911627609,0.45537580949620826,0.24524620058989585,0.04415687653904374,0.028838610230807495,True,True,2584.6439567196,496.3248481820168,0.19202832440099277,120,True,True,True,True,False,35.510693439340685,0.09739693631760742,True,True,4,False,동작구,사당1동,11200630.0
8930e1d9a6fffff,True,266.8704266385519,284.9743791104688,0.06906477561039742,0.48362149880553573,0.25990329224904524,0.03340121029536841,0.028838610230807495,True,True,2584.8104706642634,496.3457106588446,0.19202402508501526,136,True,True,True,True,False,18.103952471916898,0.06783798677114872,True,True,4,False,동작구,사당1동,11200630.0
8930e1d9a77ffff,True,265.4725238359821,291.22922695551944,0.07058066508875695,0.46429928593290876,0.2498767199806118,0.03277055240137963,0.028838610230807495,True,True,2848.8811782844587,650.7728162012061,0.22843101395793872,34,True,True,True,True,False,25.75670311953735,0.09702210514053315,True,True,4,False,동작구,사당3동,11200650.0
8930e1d9aafffff,True,273.80184717584314,372.57603060670056,0.0902954154404509,0.35987435136083123,0.19568912976952116,0.03249500406248906,0.028838610230807495,True,True,2436.85466456803,564.3727902476224,0.23159887146887614,1,True,True,False,True,False,98.77418343085742,0.3607506101572131,True,False,3,True,동작구,사당2동,11200730.0
8930e1d9ad3ffff,True,149.485520905552,268.05715931125496,0.0649648140874299,0.4175817365534478,0.22563431626913721,0.02712811988150087,0.028838610230807495,True,False,3012.1998017405244,600.3002595536379,0.19928965509086397,11,False,False,False,True,False,118.57163840570297,0.7931981484723123,True,False,1,True,,,
8930e1d9b63ffff,True,354.50494361373876,424.9820011553675,0.10299622948516099,0.3745109210959981,0.20328425488169283,0.03857321277390244,0.028838610230807495,True,True,2261.6267426946265,390.1390394439687,0.1725037257824143,19,True,True,False,True,False,70.47705754162877,0.19880416003004772,True,False,3,True,서초구,방배4동,11220650.0
8930e1d9ba7ffff,True,232.99585421680817,253.8216927718383,0.06151478708737805,0.4780074701327268,0.2569900925769353,0.029404527751390915,0.028838610230807495,True,True,3257.5387697610054,481.60033248233844,0.1478417807189051,14,True,True,True,True,False,20.825838555030117,0.08938287174694182,True,True,4,False,서초구,반포2동,11220580.0
8930e1d9bafffff,True,278.66775159630083,304.7591504853631,0.0738597006832244,0.49759407313172693,0.2671538606586338,0.03675214930325582,0.028838610230807495,True,True,3257.4685950362305,481.58995772606625,0.1478417807189051,58,True,True,True,True,True,26.091398889062248,0.09362905732580144,True,True,4,False,서초구,반포2동,11220580.0
8930e1d9d4bffff,True,206.2461228227687,221.62354624453957,0.053711426757512906,0.4920158251583032,0.26425922810254543,0.02642687195652748,0.028838610230807495,True,False,2369.7196119336786,444.8298243783361,0.18771411695215592,79,False,False,True,True,False,15.377423421770857,0.07455860605430617,True,False,2,True,,,
8930e1d9dd3ffff,True,384.8209523526299,412.1278276103236,0.0998809648276269,0.29208674427059994,0.16051317213594962,0.029173905831107846,0.028838610230807495,True,True,1034.4346708292737,163.2307184786292,0.1577970297029703,262,True,True,False,False,False,27.30687525769372,0.07095994927186584,True,False,2,True,용산구,한강로동,11030730.0
8930e1d9e13ffff,True,115.20507277947321,132.56197585724755,0.032126969258182654,0.5486690105919458,0.2936573752884765,0.017627072436204937,0.028838610230807495,True,False,3075.135638135605,560.1179038484166,0.18214412948236822,115,False,False,True,False,True,17.356903077774334,0.1506609271537817,True,False,1,True,,,
8930e1d9e1bffff,True,83.80761492233577,99.93106498714734,0.02421872661461246,0.6134786267348667,0.32728801088027254,0.014857671144799621,0.028838610230807495,True,False,3144.6591980960243,574.1070766076062,0.18256575369286662,73,False,False,True,False,True,16.123450064811564,0.19238645652609385,True,False,1,True,,,
8930e1d9e43ffff,True,173.44178808335852,230.42684840933597,0.05584494518306407,0.6675224047847927,0.35533209930062176,0.03727775210367386,0.028838610230807495,True,True,3144.5236667038403,574.0823332168432,0.18256575369286662,127,True,True,True,True,True,56.98506032597746,0.32855438678128507,True,True,4,False,동작구,상도1동,11200530.0
8930e1d9e4fffff,True,224.70121757252377,302.21295258520024,0.07324261858909606,0.5760540745212351,0.3078678761442907,0.04219170886685354,0.028838610230807495,True,True,3144.708275711272,574.1160364994234,0.18256575369286662,109,True,True,True,True,True,77.51173501267647,0.34495467292098253,True,True,4,False,동작구,상도1동,11200530.0
8930e1d9e53ffff,True,236.9970656132601,302.8256324149135,0.07339110420065259,0.3999795056889253,0.21650026723385246,0.029354937580141433,0.028838610230807495,True,True,3144.3390597352986,574.0486303064944,0.18256575369286662,13,True,True,False,True,False,65.82856680165341,0.27776110489517497,True,False,3,True,동작구,상도1동,11200530.0
8930e1d9e57ffff,True,94.95395349127182,121.48778816167777,0.02944309188419085,0.6156995101463079,0.32844045900675634,0.01812809725028904,0.028838610230807495,True,False,3144.5914428855767,574.0947068265442,0.1825657536928666,220,False,False,True,False,True,26.533834670405952,0.27943896693932757,True,False,1,True,,,
8930e1d9e6bffff,True,129.77583966675988,155.68393025650533,0.037730675097434774,0.5549124964483111,0.2968972092846371,0.020937223110997653,0.028838610230807495,True,False,3542.693300183248,727.0548487436993,0.20522658529489185,21,False,False,True,False,True,25.908090589745456,0.19963724107871383,True,False,1,True,,,
8930e1d9e8fffff,True,273.02379349963104,352.6451737476269,0.08546508591752466,0.4295133525944474,0.23182580227039962,0.03670839558220851,0.028838610230807495,True,True,3040.9249756712197,555.213921776397,0.18258060498643025,11,True,True,False,True,False,79.62138024799589,0.29162799046707805,True,False,3,True,동작구,상도1동,11200530.0
8930e1d9e93ffff,True,302.91362737097165,409.2359586010135,0.09918010784235651,0.3879254493203104,0.21024524519758733,0.038474487898382995,0.028838610230807495,True,True,1999.8732816429388,390.2277181107453,0.1951262220925142,19,True,True,False,True,False,106.32233123004187,0.35099883802794796,True,False,3,True,동작구,노량진1동,11200720.0
8930e1d9ea3ffff,True,236.84114963688495,377.95680217558106,0.0915994687457885,0.3793820457178928,0.20581195102974448,0.034751193839449426,0.028838610230807495,True,True,2474.535809827358,439.3982807723461,0.1775679620506287,28,True,True,False,True,False,141.1156525386961,0.5958240481227557,True,False,3,True,동작구,흑석동,11200710.0
8930e1d9ea7ffff,True,216.63371800927428,249.79832009916734,0.06053970528633197,0.48808117663190725,0.26221748277757373,0.029548290589101803,0.028838610230807495,True,True,2476.062347059208,439.57096508747003,0.1775282296948393,56,True,True,True,True,False,33.164602089893066,0.1530906748711817,True,True,4,False,동작구,흑석동,11200710.0
8930e1d9ec7ffff,True,163.36602186341975,193.2430884430889,0.04683329983292463,0.5018149618037879,0.2693441400839985,0.02350165056680442,0.028838610230807495,True,False,3144.4745530312885,574.0733667421971,0.18256575369286662,106,False,False,True,False,False,29.87706657966916,0.18288421447054354,True,False,1,True,,,
8930e1da003ffff,True,197.97146851594204,225.33387838050928,0.05461064182804196,0.5896476352280557,0.3149217689727545,0.03220103581219129,0.028838610230807495,True,True,2727.736242740464,648.0723139496316,0.2375861360035805,58,True,True,True,True,True,27.36240986456724,0.13821390561824232,True,True,4,False,은평구,신사1동,11120650.0
8930e1da007ffff,True,85.76517511207396,92.70688262566242,0.022467914715935997,0.696661781759556,0.3704529382552786,0.01565253749842572,0.028838610230807495,True,False,2817.2130731388775,667.646262648804,0.23698820263705758,232,False,False,True,False,True,6.9417075135884545,0.08093853367077433,True,False,1,True,,,
8930e1da00fffff,True,90.42644821756585,100.60328176831248,0.024381641264335122,0.5684327415748828,0.3039130576112307,0.013859323187981304,0.028838610230807495,True,False,2695.7162345020665,641.072125851357,0.23781142749610337,107,False,False,True,False,True,10.176833550746636,0.112542665905236,True,False,1,True,,,
8930e1da017ffff,True,192.3839636490837,231.71124061035175,0.056156223198427384,0.572589322964356,0.30606996706906103,0.0321544538214228,0.028838610230807495,True,True,2858.0631253848637,675.1157725641813,0.236214437171772,76,True,True,True,True,True,39.32727696126804,0.20442076467975584,True,True,4,False,은평구,신사1동,11120650.0
8930e1da02bffff,True,277.30340332666077,307.73609502203016,0.07458117609119365,0.41957675754046414,0.22666956115724723,0.03129252803789742,0.028838610230807495,True,True,2358.010507978339,629.0091666079671,0.26675418301984316,96,True,True,False,True,False,30.432691695369385,0.10974510709311405,True,False,3,True,은평구,응암3동,11120730.0
8930e1da02fffff,True,214.03928569784074,234.71486176313266,0.056884163799905255,0.5206373746318783,0.27911135896991063,0.029616021698912403,0.028838610230807495,True,True,2862.4345184437325,586.9639860605589,0.20505761172125728,126,True,True,True,True,True,20.67557606529192,0.09659710832001014,True,True,4,False,은평구,응암1동,11120590.0
8930e1da033ffff,True,196.3849797165709,212.43192700725456,0.05148379800681312,0.5147415726518376,0.2760519431036774,0.026500851152116527,0.028838610230807495,True,False,2921.09174971612,686.6755976184188,0.2350749844420847,87,False,False,True,True,True,16.046947290683647,0.08171168341816729,True,False,2,True,,,
8930e1da037ffff,True,94.30308178358973,104.50304478881361,0.025326765730560308,0.6717268544444859,0.35751384828764515,0.017012668677441677,0.028838610230807495,True,False,3194.8877609112187,736.8118436467995,0.2306221372348468,152,False,False,True,False,True,10.199963005223879,0.10816150238473794,True,False,1,True,,,
8930e1da03bffff,True,269.79400394456957,288.7523725388166,0.06998038868831993,0.5544486820054285,0.29665652934485165,0.038800534274466586,0.028838610230807495,True,True,2817.378952854729,667.6855741845177,0.2369882026370576,141,True,True,True,True,True,18.95836859424702,0.07026979220094938,True,True,4,False,은평구,신사1동,11120650.0
8930e1da053ffff,True,202.83878806881464,355.7452844777549,0.08621641118617514,0.3572764213345902,0.1943410267686821,0.030803090848908185,0.028838610230807495,True,True,2233.5398135035625,539.9753634692634,0.24175766207733287,4,True,True,False,True,False,152.90649640894028,0.753832626711739,True,False,3,True,은평구,신사2동,11120660.0
8930e1da067ffff,True,260.58368516918165,283.7758203068165,0.068774299690813,0.4520346771751557,0.24351243930197985,0.031088368358684067,0.028838610230807495,True,True,2279.466307620506,622.5422598891824,0.2731087789312592,77,True,True,False,True,False,23.192135137634864,0.08900071822446434,True,False,3,True,은평구,응암3동,11120730.0
8930e1da06fffff,True,137.2855151221305,146.8928085520081,0.03560010865921671,0.5875021512237021,0.3138084466756539,0.02091514042108736,0.028838610230807495,True,False,2262.682082435049,621.156796512897,0.2745223473217332,211,False,False,True,False,True,9.607293429877586,0.06998038665135828,True,False,1,True,,,
8930e1da077ffff,True,225.47940686588964,254.32121619963073,0.061635848754606905,0.4864261454363647,0.26135866344885555,0.029981288330402197,0.028838610230807495,True,True,2728.946511382496,649.5022470240185,0.23800475543032096,83,True,True,True,True,False,28.841809333741082,0.12791327480693426,True,True,4,False,은평구,신사1동,11120650.0
8930e1da08bffff,True,231.6598982271697,331.170120177486,0.08026051363045565,0.5253096236859776,0.2815358557449882,0.04216162021205793,0.028838610230807495,True,True,2816.6555139629954,667.514127701848,0.2369882026370576,2,True,True,True,True,True,99.51022195031632,0.42955307634960144,True,True,4,False,은평구,신사1동,11120650.0
8930e1da0a3ffff,True,161.71718354102617,179.38723292335942,0.04347527320840044,0.6163610871372087,0.3287837607576545,0.026796466658316857,0.028838610230807495,True,False,3194.5115068598793,736.7250711333363,0.23062213723484679,150,False,False,True,True,True,17.670049382333247,0.1092651318519316,True,False,2,True,,,
8930e1da0abffff,True,74.40652827624426,85.17167286936544,0.020641723980402572,0.6065421787139329,0.323688588918275,0.012520076235485011,0.028838610230807495,True,False,3027.229874556976,706.0974491706205,0.23324870539405446,133,False,False,True,False,True,10.765144593121178,0.1446801086210356,True,False,1,True,,,
8930e1da0afffff,True,126.72085984914605,137.69350221500588,0.033370616906591204,0.7544129615146205,0.4004208503789339,0.02517522592807133,0.028838610230807495,True,False,3194.6996327517263,736.7684571285832,0.23062213723484679,80,False,False,True,True,True,10.972642365859826,0.08658907759087281,True,False,2,True,,,
8930e1da0b3ffff,True,200.22465335673064,280.5888882913792,0.0680019329074593,0.5372136564715906,0.28771302840101654,0.036531567024351994,0.028838610230807495,True,True,2808.8443434347646,663.0392298712318,0.2360541022577426,69,True,True,True,True,True,80.36423493464855,0.4013703287150532,True,True,4,False,은평구,구산동,11120570.0
8930e1da0b7ffff,True,113.29799481631825,132.24832920772133,0.03205095563359613,0.5319254005755272,0.2849688768762724,0.017048717414229073,0.028838610230807495,True,False,2930.020015532297,686.198935579469,0.23419598908603606,77,False,False,True,False,True,18.950334391403075,0.16726098658785502,True,False,1,True,,,
8930e1da10fffff,True,274.46645928941547,405.3839168655601,0.0982465488363455,0.40244239003550386,0.21777829310244992,0.03953857592643873,0.028838610230807495,True,True,2381.064345384917,565.1540457007294,0.23735353762956288,17,True,True,False,True,False,130.9174575761446,0.4769889111955084,True,False,3,True,은평구,녹번동,11120510.0
8930e1da12bffff,True,223.56644353252057,327.7062913439276,0.0794210397033985,0.5065270577414475,0.2717893139761497,0.04022890556372913,0.028838610230807495,True,True,2381.3954763085735,565.2326407968777,0.23735353762956285,105,True,True,True,True,True,104.13984781140704,0.4658116225580096,True,True,4,False,은평구,녹번동,11120510.0
8930e1da143ffff,True,221.5566780711162,256.61508390068803,0.06219177753160074,0.4549858519468729,0.24504384604718346,0.02829637888430575,0.028838610230807495,True,False,2890.876955651683,559.6427538713677,0.1935892680514342,77,False,False,False,True,False,35.058405829571825,0.1582367371400948,True,False,1,True,,,
8930e1da153ffff,True,204.1249163772237,223.19408216656876,0.05409205294356371,0.5902849967985044,0.31525250499607405,0.03192972729861603,0.028838610230807495,True,True,2871.087576523973,571.8947350740395,0.19919097548617196,298,True,True,True,True,True,19.06916578934505,0.09341909908786025,True,True,4,False,은평구,응암1동,11120590.0
8930e1da157ffff,True,131.2327902422313,141.66828253387857,0.034333922140136953,0.5499488482336584,0.29432150132264684,0.018881900936312424,0.028838610230807495,True,False,2694.2994018942013,561.7390638068716,0.20849170044425885,138,False,False,True,False,True,10.435492291647279,0.07951893937776758,True,False,1,True,,,
8930e1da15bffff,True,127.20105456123906,147.77258162485938,0.03581332547559932,0.6234989541138598,0.33248770189294985,0.022329570977375424,0.028838610230807495,True,False,3096.3379881032124,576.6262497883336,0.1862284582638762,145,False,False,True,False,True,20.571527063620323,0.16172450090589827,True,False,1,True,,,
8930e1da173ffff,True,222.44275447896612,246.25977781755483,0.05968212423139532,0.5469963886219964,0.29278942785564255,0.032645906419862585,0.028838610230807495,True,True,2749.4308568921933,561.2367541359541,0.20412833904481073,180,True,True,True,True,True,23.81702333858871,0.10707034892809159,True,True,4,False,은평구,응암1동,11120590.0
8930e1da193ffff,True,207.92219860397373,233.77624922715313,0.056656686984674076,0.49670440139684197,0.2666921972868549,0.028141625793850784,0.028838610230807495,True,False,2685.0970585029363,582.9499926327253,0.21710574326789753,60,False,False,True,True,False,25.854050623179404,0.1243448308875534,True,False,2,True,,,
8930e1da197ffff,True,223.7356522051916,257.5918197432262,0.062428493695369916,0.4631033024286703,0.2492561070561942,0.028910841595973232,0.028838610230807495,True,True,2685.312299465761,582.9967226819412,0.21710574326789756,101,True,True,False,True,False,33.85616753803461,0.15132218403432893,True,False,3,True,은평구,대조동,11120580.0
8930e1da19bffff,True,204.42811528940462,231.21561030571323,0.056036105046464314,0.4686472952497093,0.2521329641243911,0.026261169066354086,0.028838610230807495,True,False,2758.682410427672,605.1584754926498,0.21936503934094884,114,False,False,False,True,False,26.78749501630861,0.13103625682008618,True,False,1,True,,,
8930e1da1a3ffff,True,127.08494177539279,142.05169296259857,0.034426843318907094,0.5390186996814817,0.2886496911068321,0.01855671231989541,0.028838610230807495,True,False,2503.676663705072,605.7558154448054,0.24194650380627675,162,False,False,True,False,True,14.966751187205773,0.1177696663201663,True,False,1,True,,,
8930e1da1a7ffff,True,141.82505907225817,191.87867806944382,0.04650262906669491,0.4992911279624877,0.2680344866519548,0.02321835011993127,0.028838610230807495,True,False,2503.736444110964,605.8218929808733,0.24196711854629363,77,False,False,True,False,False,50.05361899718565,0.35292507067939194,True,False,1,True,,,
8930e1da1afffff,True,237.6550015731197,272.19835864890194,0.065968451691292,0.41659835460773775,0.2251240253303544,0.02748234843061228,0.028838610230807495,True,False,2497.6644957723183,603.8121189147566,0.24175069147069256,73,False,False,False,True,False,34.54335707578224,0.14535085248418064,True,False,1,True,,,
8930e1da1b3ffff,True,276.67701162127634,331.3682418364837,0.080308529273002,0.5406741333934146,0.28950871930705496,0.043420744468780026,0.028838610230807495,True,True,2527.463519100242,602.7450614935206,0.23847824387514532,38,True,True,True,True,True,54.69123021520738,0.19767175413210822,True,True,4,False,은평구,불광1동,11120520.0
8930e1da1b7ffff,True,268.9204313067195,327.11903289493586,0.07927871507361414,0.47494317231013655,0.25539998466472347,0.03765288443373374,0.028838610230807495,True,True,2503.5889597129726,605.7862066060608,0.24196711854629363,8,True,True,True,True,False,58.19860158821638,0.21641569331650173,True,True,4,False,은평구,불광1동,11120520.0
8930e1da1bbffff,True,167.7406639662296,181.47900533377873,0.043982223316001615,0.7473357325901859,0.3967483751951201,0.03286948708280922,0.028838610230807495,True,True,2673.526546185798,584.5697216796372,0.21865117535998171,332,True,True,True,True,True,13.73834136754914,0.08190227129609438,True,True,4,False,은평구,대조동,11120580.0
8930e1da1c3ffff,True,208.09386499159876,225.91089255382622,0.05475048371322668,0.6582040834301913,0.35049668924183097,0.03603699194982399,0.028838610230807495,True,True,3195.211883951177,736.8865935950017,0.2306221372348468,91,True,True,True,True,True,17.81702756222745,0.08562014821026447,True,True,4,False,은평구,역촌동,11120740.0
8930e1da1cbffff,True,153.26562901695274,164.46837861513833,0.03985962422136612,0.6483318862964884,0.3453738651294064,0.025842265358507498,0.028838610230807495,True,False,3195.143898210092,736.8709145780913,0.2306221372348468,166,False,False,True,True,True,11.20274959818559,0.07309368493144965,True,False,2,True,,,
8930e1da1cfffff,True,141.23063180742167,151.59430993638384,0.03673953789196893,0.5162402407474085,0.2768296233862461,0.018966427886298577,0.028838610230807495,True,False,2753.3740551590827,643.6815636671217,0.23377919264585048,109,False,False,True,False,False,10.363678128962164,0.07338123462545859,True,False,1,True,,,
8930e1da1d3ffff,True,197.03783140935568,216.29905762534588,0.052421013868913624,0.5360111015790547,0.2870890054893422,0.0280982453897673,0.028838610230807495,True,False,3195.0237150889266,736.8431976898285,0.23062213723484679,97,False,False,True,True,True,19.261226215990206,0.0977539494736626,True,False,2,True,,,
8930e1da1dbffff,True,192.99975014726374,212.24803712155315,0.051439231496193345,0.654611316436596,0.34863235112784824,0.03367270304620994,0.028838610230807495,True,True,3194.9557486281124,736.8275231193752,0.23062213723484679,79,True,True,True,True,True,19.248286974289414,0.09973218597227447,True,True,4,False,은평구,역촌동,11120740.0
8930e1da213ffff,True,319.0918088015577,347.42597211766997,0.08420018978698984,0.3904868965185547,0.2115744167378386,0.032879070796194974,0.028838610230807495,True,True,1986.200633835415,427.8081375594129,0.2153901928494012,3,True,True,False,True,False,28.334163316112267,0.08879627284238187,True,False,3,True,은평구,증산동,11120670.0
8930e1da223ffff,True,265.06245164614666,328.09110333847127,0.07951430055771919,0.5183673540355379,0.2779334128562808,0.04121761758809139,0.028838610230807495,True,True,2925.7161688606375,707.1666790437697,0.2417072054255905,19,True,True,True,True,True,63.028651692324615,0.2377879299798625,True,True,4,False,서대문구,북가좌2동,11130720.0
8930e1da227ffff,True,287.7014469879123,354.26104128285306,0.08585669841646183,0.5121820071605349,0.2747237480080374,0.043974256123120135,0.028838610230807495,True,True,2985.166815955394,632.530443203203,0.21189115456543203,74,True,True,True,True,True,66.55959429494078,0.2313495291448335,True,True,4,False,서대문구,북가좌2동,11130720.0
8930e1da22fffff,True,325.51738029476303,389.32992721965263,0.09435579488152615,0.5309880372147088,0.284482465638544,0.05010179832397524,0.028838610230807495,True,True,3043.910330564283,558.3396619351362,0.18342841979567467,2,True,True,True,True,True,63.8125469248896,0.1960342236322557,True,True,4,False,서대문구,남가좌2동,11130700.0
8930e1da23bffff,True,121.93219836030626,142.38425792439745,0.03450744187844853,0.5694286056837791,0.3044298257227928,0.01964952451455899,0.028838610230807495,True,False,2837.638010515102,686.4831223610548,0.24192061137369705,95,False,False,True,False,True,20.452059564091186,0.1677330503273296,True,False,1,True,,,
8930e1da24bffff,True,280.6183604533003,299.4053242564237,0.07256217769777937,0.4522879604947142,0.24364387163453322,0.03281899935998367,0.028838610230807495,True,True,1964.4219968390576,361.56132050198784,0.18405481158517595,44,True,True,False,True,False,18.7869638031234,0.06694844832239646,True,False,3,True,마포구,성산2동,11140730.0
8930e1da24fffff,True,232.64040172857335,263.9064376797202,0.06395886871438274,0.44428491382958957,0.23949097640019937,0.028415960475407565,0.028838610230807495,True,False,1964.5795349037962,361.5903161408108,0.18405481158517595,113,False,False,False,True,False,31.266035951146876,0.13439641489110582,True,False,1,True,,,
8930e1da263ffff,True,362.20385087930975,402.9940182110476,0.09766734654166653,0.3612066757324522,0.19638049191758944,0.03527809757192478,0.028838610230807495,True,True,2482.607304198039,441.80816836525247,0.17796135845494523,18,True,True,False,True,False,40.79016733173785,0.11261660314409405,True,False,3,True,서대문구,북가좌1동,11130710.0
8930e1da273ffff,True,319.53071894268095,367.93647318549415,0.08917099859558443,0.45724400931399345,0.24621563616171038,0.040772904912377506,0.028838610230807495,True,True,2268.7763217138254,452.6337862207546,0.19950569030923096,46,True,True,True,True,False,48.4057542428132,0.1514901428037549,True,True,4,False,서대문구,북가좌1동,11130710.0
8930e1da277ffff,True,254.25284657209414,285.4912386680022,0.06919003876378882,0.42543462752763395,0.2297092935705389,0.02943583837009505,0.028838610230807495,True,True,2275.89958287936,455.5241381769936,0.20015124639228857,25,True,True,False,True,False,31.23839209590807,0.12286349009292342,True,False,3,True,서대문구,북가좌1동,11130710.0
8930e1da2afffff,True,42.985611500372876,45.73750581099739,0.01108468272016577,0.7178134618721342,0.3814288472076117,0.007956734477116416,0.028838610230807495,True,False,2916.3436129437528,718.8239053946144,0.24648121099455583,147,False,False,True,False,True,2.7518943106245146,0.06401896389447999,True,False,1,True,,,
8930e1da2bbffff,True,293.4821223494606,327.01610760190783,0.07925377068285942,0.44371250715070537,0.23919394639796307,0.03516588929083862,0.028838610230807495,True,True,1948.6079083867012,424.53441577160277,0.2178654894832511,95,True,True,False,True,False,33.53398525244722,0.11426244632549372,True,False,3,True,은평구,증산동,11120670.0
8930e1da337ffff,True,371.2837883685173,506.98957294065696,0.12287111985735483,0.28676672927985886,0.15775254036331338,0.03523534916444716,0.028838610230807495,True,True,1926.0817040277655,411.4238494131053,0.2136066442834423,0,True,True,False,False,False,135.70578457213963,0.3655042014316149,True,False,2,True,서대문구,홍은2동,11130680.0
8930e1da343ffff,True,120.9000669045313,134.07354488286998,0.03249330456137766,0.528904179347273,0.28340112202419077,0.017185844583316453,0.028838610230807495,True,False,3044.3985416390337,558.4292137211045,0.18342841979567467,117,False,False,True,False,False,13.173477978338681,0.10896170958069952,True,False,1,True,,,
8930e1da35bffff,True,151.9819252485532,199.87171362926858,0.04843977586953514,0.5203064400633424,0.2789396322950509,0.025203527340144024,0.028838610230807495,True,False,3044.1544268349517,558.3844361283429,0.18342841979567467,78,False,False,True,True,True,47.88978838071537,0.3151018668989473,True,False,2,True,,,
8930e1da383ffff,True,218.07137550742584,259.1674085787796,0.06281034447690828,0.6274918174880117,0.3345596557339942,0.03941297721286328,0.028838610230807495,True,True,3622.458845478743,620.1677356070433,0.17120076778265844,49,True,True,True,True,True,41.09603307135376,0.18845221192248748,True,True,4,False,은평구,응암2동,11120600.0
8930e1da387ffff,True,73.85003796524552,118.78912761492997,0.028789059807021136,0.5456164724691004,0.2920733696524441,0.015707785257608832,0.028838610230807495,True,False,3622.7492930660924,620.2174604569982,0.17120076778265847,41,False,False,True,False,True,44.93908964968445,0.608518165838089,True,False,1,True,,,
8930e1da38bffff,True,134.74907336628303,160.84294600341306,0.038980984918418955,0.5280356736664183,0.2829504420201954,0.020583350631577846,0.028838610230807495,True,False,2908.3661618643714,620.7263320109018,0.2134278483053843,55,False,False,True,False,True,26.093872637130033,0.19364788183886134,True,False,1,True,,,
8930e1da39bffff,True,96.7895067231737,114.5347315980369,0.027757988497447067,0.5558081696391678,0.2973619868976477,0.015428116779631127,0.028838610230807495,True,False,3093.780719102067,620.5411688603626,0.2005769720617004,151,False,False,True,False,True,17.745224874863197,0.1833383129600615,True,False,1,True,,,
8930e1da3cfffff,True,205.54256870089495,249.76874586950368,0.0605325378436238,0.485868883140142,0.26106949208311275,0.029410876555719875,0.028838610230807495,True,True,2476.1900291602165,642.5752829760947,0.2595016034347008,74,True,True,True,True,False,44.22617716860873,0.21516796957503512,True,True,4,False,은평구,응암3동,11120730.0
8930e1da3d3ffff,True,161.0433146797552,172.009783762785,0.041687316436838616,0.676753697396743,0.36012234890168576,0.028212045533178548,0.028838610230807495,True,False,2358.414166669046,635.4597037203283,0.2694436425548752,127,False,False,True,True,True,10.966469083029779,0.06809639446901161,True,False,2,True,,,
8930e1da3d7ffff,True,155.37938721331605,170.8856531535537,0.04141487851267968,0.5083552894476978,0.2727380095239629,0.021053472553754518,0.028838610230807495,True,False,2262.815276683061,621.193361310511,0.2745223473217332,320,False,False,True,False,False,15.506265940237654,0.09979615841160148,True,False,1,True,,,
8930e1da507ffff,True,304.29256035512583,359.1773955127752,0.08704819816731901,0.6218513968512762,0.33163276089480576,0.05413104362373403,0.028838610230807495,True,True,2558.5961079367603,576.5850384082839,0.22535211267605632,8,True,True,True,True,True,54.88483515764938,0.1803686396196996,True,True,4,False,은평구,갈현2동,11120560.0
8930e1da52fffff,True,237.6442745702456,259.468700253768,0.06288336381987977,0.477666559154631,0.25681318900064654,0.030037280023910786,0.028838610230807495,True,True,2672.413735328855,582.3293423863822,0.21790388766832297,169,True,True,True,True,False,21.824425683522406,0.09183653055807701,True,True,4,False,은평구,대조동,11120580.0
8930e1da53bffff,True,130.02804814390205,143.12169485365663,0.034686162913669605,0.5440560438171625,0.2912636409349558,0.01887121657000867,0.028838610230807495,True,False,2558.746845751,576.6190074931831,0.22535211267605634,55,False,False,True,False,True,13.09364670975458,0.10069863307694844,True,False,1,True,,,
8930e1da547ffff,True,210.99382237713385,276.3724229192538,0.06698005425400334,0.4762648829684735,0.25608583920535677,0.03190024770050491,0.028838610230807495,True,True,2653.9560383049798,633.454527661271,0.23868312757201648,12,True,True,True,True,False,65.37860054211993,0.30986025944049267,True,True,4,False,은평구,구산동,11120570.0
8930e1da563ffff,True,174.89645603885208,188.6398931695536,0.04571769551210841,0.5092485484152168,0.27320153436199757,0.02328167007643008,0.028838610230807495,True,False,2649.798924913055,630.8488555924409,0.2380742363736676,110,False,False,True,False,False,13.743437130701523,0.07858042090714812,True,False,1,True,,,
8930e1da577ffff,True,111.14326100979373,122.34325975369815,0.029650419131392446,0.5478477143822575,0.29323119295343475,0.016243914351609313,0.028838610230807495,True,False,2558.7605808224935,576.6472857196893,0.2253619545500152,116,False,False,True,False,True,11.199998743904416,0.10077083074715158,True,False,1,True,,,
8930e1da5bbffff,True,212.390883963395,325.28464095884175,0.07883414223923049,0.3672324599360315,0.19950735741635253,0.02895045598145962,0.028838610230807495,True,True,2145.1704907920785,498.5079128310012,0.23238615064434023,12,True,True,False,True,False,112.89375699544675,0.5315376766118818,True,False,3,True,은평구,갈현2동,11120560.0
8930e1daad3ffff,True,313.47778262861476,406.87885749904746,0.09860885417665347,0.4882051376930713,0.2622818079429379,0.048141349231069094,0.028838610230807495,True,True,2701.9533596551905,646.9412631556554,0.23943465228364072,49,True,True,True,True,True,93.4010748704327,0.29795117882751954,True,True,4,False,서대문구,홍제2동,11130650.0
8930e1dae03ffff,True,169.6950743287263,199.0925712037653,0.048250947326583686,0.5629022889960942,0.30104322676815354,0.027160568696363928,0.028838610230807495,True,False,3288.3705610756497,772.5562030243004,0.23493587133063001,98,False,False,True,True,True,29.397496875038996,0.1732371843515704,True,False,2,True,,,
8930e1dae17ffff,True,152.4636163137446,218.91824703614074,0.05305578577192584,0.5973562583540111,0.31892188362691004,0.031693205672749594,0.028838610230807495,True,True,3394.967536956701,795.2710010162066,0.23424995743231736,17,True,True,True,True,True,66.45463072239613,0.4358720613424492,True,True,4,False,서대문구,홍은1동,11130660.0
8930e1dae3bffff,True,278.1743654291845,383.47171360967786,0.09293603142870767,0.3678637533999223,0.19983494461249907,0.03418779734745755,0.028838610230807495,True,True,2051.0683646388566,508.9266881557737,0.2481276084843634,25,True,True,False,True,False,105.29734818049337,0.3785300202555838,True,False,3,True,서대문구,홍제3동,11130640.0
8930e1dae43ffff,True,341.08787708287934,427.4021351329539,0.1035827594414007,0.47712171247132906,0.2565304602737996,0.04942158356718683,0.028838610230807495,True,True,2352.002525427695,530.2783697858367,0.22545824847250506,16,True,True,True,True,True,86.31425805007456,0.2530557778490071,True,True,4,False,서대문구,홍제1동,11130620.0
8930e1dae57ffff,True,288.8845105440344,346.5540716997273,0.08398888094263762,0.43920667854561235,0.23685580757111357,0.03688847743357875,0.028838610230807495,True,True,2327.1420850717413,527.3426883775875,0.22660528197242866,123,True,True,False,True,False,57.66956115569286,0.19962842953084653,True,False,3,True,서대문구,홍제1동,11130620.0
8930e1dae63ffff,True,331.88464586842224,414.43632240699543,0.10044043854462412,0.45208982469102116,0.2435410561357191,0.0454081002535284,0.028838610230807495,True,True,2734.145968215453,657.7744319023864,0.2405776573559123,62,True,True,True,True,False,82.55167653857319,0.2487360520176077,True,True,4,False,서대문구,홍제2동,11130650.0
8930e1dae73ffff,True,154.06226706316605,183.58436712793596,0.04449246686963633,0.5090537358391304,0.27310044333345923,0.022649056476687114,0.028838610230807495,True,False,2332.354162428449,570.2157755484468,0.24448078457979028,156,False,False,True,False,False,29.522100064769916,0.19162446864854815,True,False,1,True,,,
8930e1dae77ffff,True,286.5839278072807,405.3282748853219,0.09823306376133045,0.3772146014533397,0.20468723323993426,0.03705494599627077,0.028838610230807495,True,True,2094.324454174592,518.3513615810696,0.2475028931395257,14,True,True,False,True,False,118.74434707804119,0.41434405616037645,True,False,3,True,서대문구,홍제3동,11130640.0
8930e1dae7bffff,True,126.34435786142748,143.56281818550394,0.03479307106459056,0.5780803408863731,0.3089193347054337,0.020113190381502312,0.028838610230807495,True,False,2476.5908302177177,571.8001853427475,0.23088197629015705,221,False,False,True,False,True,17.21846032407646,0.1362819884918122,True,False,1,True,,,
8930e1dae93ffff,True,307.2640093962725,441.7082156519344,0.10704990004537988,0.39206100509449887,0.21239124416330518,0.04197009140705728,0.028838610230807495,True,True,2381.535714933668,565.2659269306563,0.2373535376295629,47,True,True,False,True,False,134.44420625566187,0.4375527303696404,True,False,3,True,은평구,녹번동,11120510.0
8930e1dae9bffff,True,324.49784791812283,418.7043788750369,0.10147482052372661,0.41976533233280455,0.22676741531069589,0.0425956117605538,0.028838610230807495,True,True,2606.255318486556,544.7294850223232,0.20900848859989887,21,True,True,False,True,False,94.2065309569141,0.2903148096707385,True,False,3,True,은평구,응암1동,11120590.0
8930e1daeafffff,True,200.64541923824777,226.30037800146025,0.05484487719915452,0.5669661660735403,0.30315203063423496,0.031095189754378767,0.028838610230807495,True,True,3136.2720721842006,740.1607115528393,0.23600016022760667,72,True,True,True,True,True,25.654958763212477,0.12786217029330532,True,True,4,False,서대문구,홍은1동,11130660.0
8930e1daeb7ffff,True,334.0195143655882,521.2860751141949,0.12633593910781174,0.5473410787044655,0.29296829246317335,0.06914884919041134,0.028838610230807495,True,True,3395.3843298953125,795.3686347443345,0.2342499574323174,10,True,True,True,True,True,187.2665607486067,0.5606455691796537,True,True,4,False,서대문구,홍은1동,11130660.0
8930e1daebbffff,True,134.89002508211735,181.54705148109008,0.043998714594655784,0.5378333281857827,0.28803458490523315,0.02366397510634009,0.028838610230807495,True,False,3395.039840239137,795.2879380570395,0.23424995743231738,28,False,False,True,False,True,46.65702639897273,0.34588937447798096,True,False,1,True,,,
8930e1db0d3ffff,True,370.006081015293,402.95428328667356,0.09765771661056762,0.4311217781842039,0.23266043728453603,0.04210236843855698,0.028838610230807495,True,True,3192.3234809103715,434.28657333537274,0.13604090435456903,27,True,True,False,True,False,32.94820227138058,0.08904773181286925,True,False,3,True,강서구,염창동,11160510.0
8930e1db187ffff,True,148.16169204868163,160.9557027148838,0.039008311996034155,0.5866442070619662,0.3133632471947957,0.02288400025973924,0.028838610230807495,True,False,1964.3800224441572,361.55359491264306,0.18405481158517595,322,False,False,True,False,True,12.794010666202183,0.08635167761177054,True,False,1,True,,,
8930e1db1abffff,True,322.8443389091333,419.8001806532479,0.10174039283293508,0.2874778821418637,0.1581215677418957,0.029248112659893424,0.028838610230807495,True,True,1790.9991088865224,322.5273573097781,0.18008236615499812,31,True,True,False,False,False,96.9558417441146,0.3003176145870207,True,False,2,True,마포구,성산1동,11140720.0
8930e1db283ffff,True,181.44373313327225,194.96251465700124,0.047250010226375316,0.515063775665698,0.2762191388500898,0.024336768667439716,0.028838610230807495,True,False,2136.996323559672,305.8783257449962,0.1431346990974152,243,False,False,True,False,False,13.51878152372899,0.07450674261535012,True,False,1,True,,,
8930e1db287ffff,True,243.8013936137021,261.1670647350125,0.06329496981115504,0.5733938597143979,0.3064874526810912,0.036292947040524486,0.028838610230807495,True,True,2137.1677465772605,305.9028623270371,0.14313469909741522,65,True,True,True,True,True,17.365671121310413,0.0712287606888168,True,True,4,False,양천구,목5동,11150710.0
8930e1db28bffff,True,305.06090952970777,332.68117007982255,0.08062672312187288,0.5521116863994476,0.2954438289420125,0.044514956071678574,0.028838610230807495,True,True,2136.9505003915697,305.8717668596182,0.14313469909741522,126,True,True,True,True,True,27.62026055011478,0.09054015013819734,True,True,4,False,양천구,목5동,11150710.0
8930e1db2bbffff,True,275.45068801833355,293.513729519824,0.07113432418427833,0.4752331205912729,0.2555504429695815,0.03380538686324584,0.028838610230807495,True,True,2137.293362049094,305.9208422598,0.14313469909741522,81,True,True,True,True,False,18.06304150149043,0.06557631651400407,True,True,4,False,양천구,목5동,11150710.0
8930e1db2cbffff,True,103.19137876243947,109.88116385265339,0.026630176189807626,0.6641997853803416,0.35360794462957873,0.017687757309910908,0.028838610230807495,True,False,2125.6088106104908,285.4862239640372,0.13430797921939522,390,False,False,True,False,True,6.689785090213917,0.0648289146869014,True,False,1,True,,,
8930e1db34bffff,True,204.49260019617552,225.04234621412485,0.05453998774426993,0.5126811700930982,0.2749827707840549,0.027961624733595543,0.028838610230807495,True,False,2524.549882935588,373.23616208583576,0.14784265686674833,211,False,False,True,True,True,20.54974601794933,0.10049139185591743,True,False,2,True,,,
8930e1db44bffff,True,221.7551280393655,239.22860741938797,0.057978089618376236,0.4758457261471478,0.25586833274331056,0.02758862615508065,0.028838610230807495,True,False,2879.2722306991004,412.9775522409964,0.14343122815473533,113,False,False,True,True,False,17.473479380022468,0.07879628099026695,True,False,2,True,,,
8930e1db4cbffff,True,302.0377403697212,322.7653536837264,0.07822358205168983,0.5692799475599502,0.3043526848988258,0.044531116688337445,0.028838610230807495,True,True,2990.018550457517,913.468710051229,0.3055060343727482,97,True,True,True,True,True,20.727613314005225,0.06862590512242865,True,True,4,False,강서구,가양3동,11160660.0
8930e1db4cfffff,True,103.54757780785488,109.83761091185123,0.02661962094588337,0.5915670437716662,0.3159177774838926,0.01574729046927855,0.028838610230807495,True,False,2994.8431201985077,920.3786964868358,0.30732117160976036,14,False,False,True,False,True,6.29003310399635,0.060745342741558586,True,False,1,True,,,
8930e1db4dbffff,True,245.52651623452482,269.4863825829872,0.0653111925403542,0.5957952765671275,0.3181118678797971,0.03891210002250924,0.028838610230807495,True,True,2992.9029451446454,924.0207370541593,0.30873728750649543,34,True,True,True,True,True,23.959866348462356,0.0975856567995943,True,True,4,False,강서구,가양3동,11160660.0
8930e1db603ffff,True,338.16986306712,452.1160968328112,0.10957229514833856,0.4339609681538018,0.23413373351626904,0.04755009928540713,0.028838610230807495,True,True,2868.958159701823,565.9416981772898,0.19726383818581353,13,True,True,True,True,False,113.9462337656912,0.3369496995747227,True,True,4,False,양천구,목3동,11150530.0
8930e1db60fffff,True,157.2621405069203,199.1033817661326,0.04825356731321705,0.5582741300499628,0.2986416089799072,0.026938718313593568,0.028838610230807495,True,False,2908.016338789761,536.5859329759754,0.18451957295373664,95,False,False,True,True,True,41.841241259212296,0.266060484261125,True,False,2,True,,,
8930e1db613ffff,True,253.04524892582577,299.46883324847505,0.07257756937719616,0.49082703156026447,0.2636423461231593,0.03562303293526834,0.028838610230807495,True,True,2837.3304469817717,589.6822207509693,0.2078299414783525,46,True,True,True,True,True,46.423584322649276,0.18345961649039794,True,True,4,False,양천구,목3동,11150530.0
8930e1db617ffff,True,246.5713079687323,302.43993889548346,0.07329762970495593,0.4790275037351564,0.25751940258394174,0.03511158058726889,0.028838610230807495,True,True,2864.576157293958,569.3117626939967,0.19874205866176062,6,True,True,True,True,False,55.868630926751166,0.22658204390040332,True,True,4,False,양천구,목3동,11150530.0
8930e1db61bffff,True,211.34078053816816,240.00721866577965,0.05816678942776832,0.6056125563590975,0.32320619459912775,0.0352265380405521,0.028838610230807495,True,True,2877.853314068579,597.9376623357034,0.20777211243277932,68,True,True,True,True,True,28.666438127611485,0.13564082641605615,True,True,4,False,양천구,목3동,11150530.0
8930e1db633ffff,True,246.7223327477341,275.8184994820613,0.06684580850877371,0.49942116275567255,0.268101963563625,0.0333842114107948,0.028838610230807495,True,True,2908.3118939315423,536.6404686845212,0.18451957295373667,178,True,True,True,True,True,29.096166734327227,0.11793081886947442,True,True,4,False,양천구,목2동,11150520.0
8930e1db63bffff,True,247.9294904200081,297.80908037268904,0.07217532107581312,0.5878734120506507,0.31400109922204583,0.0424299522666895,0.028838610230807495,True,True,2908.2495940044582,536.6289731285806,0.18451957295373664,19,True,True,True,True,True,49.87958995268093,0.2011845781967356,True,True,4,False,양천구,목2동,11150520.0
8930e1db647ffff,True,342.8003719853452,384.8352130463986,0.09326648142542655,0.582375254988052,0.311148026983646,0.054316090901971203,0.028838610230807495,True,True,2997.24672278589,495.2289569202466,0.16522795843110963,166,True,True,True,True,True,42.03484106105344,0.12262192370914476,True,True,4,False,양천구,목4동,11150540.0
8930e1db64fffff,True,205.56515841242697,220.41178047808444,0.053417750073265644,0.48952945799701647,0.26296901666595485,0.026149562240785816,0.028838610230807495,True,False,2997.1824612682026,495.2183391208734,0.16522795843110963,55,False,False,True,True,False,14.84662206565747,0.07222343601570154,True,False,2,True,,,
8930e1db65bffff,True,250.06600058058754,282.8485734311671,0.06854957739261178,0.43382658020358006,0.23406399768922959,0.029738628734637413,0.028838610230807495,True,True,2309.421029591833,547.3340000315077,0.23700052654679582,59,True,True,False,True,False,32.782572850579555,0.13109568183786294,True,False,3,True,강서구,화곡4동,11160590.0
8930e1db677ffff,True,203.904170566764,308.9989942068941,0.07488724518096039,0.4181988395446831,0.22595453982631855,0.0313177590313758,0.028838610230807495,True,True,2908.1884583127717,536.6169279709724,0.18451931010079675,20,True,True,False,True,False,105.0948236401301,0.515412820385246,True,False,3,True,양천구,목2동,11150520.0
8930e1db67bffff,True,217.78845313473408,243.08546351441325,0.058912815405290773,0.48327602321500907,0.25972402003016276,0.02847115114546885,0.028838610230807495,True,False,2915.577116323825,477.24850449543203,0.16368920644334806,120,False,False,True,True,False,25.297010379679165,0.11615404772643871,True,False,2,True,,,
8930e1db683ffff,True,173.74755997961296,200.76198314532235,0.04865553654441039,0.5494849936068644,0.2940808005308557,0.026735487187043903,0.028838610230807495,True,False,3285.2831175541855,680.4252973675216,0.20711313850907373,163,False,False,True,True,True,27.01442316570939,0.15548087794084237,True,False,2,True,,,
8930e1db687ffff,True,179.96516218131455,193.95269923338108,0.047005277082792576,0.5487295169610095,0.29368877290768897,0.025793182988259177,0.028838610230807495,True,False,2957.0470575868185,539.0101879905775,0.18227988175151055,321,False,False,True,True,True,13.987537052066529,0.07772358206736764,True,False,2,True,,,
8930e1db68bffff,True,183.44373514922648,207.2865787428438,0.05023680055943514,0.6799890438134252,0.3618012163727215,0.034160473976656044,0.028838610230807495,True,True,3184.444726016954,660.0093181274117,0.2072604095574739,151,True,True,True,True,True,23.842843593617317,0.1299736051177862,True,True,4,False,강서구,등촌2동,11160530.0
8930e1db68fffff,True,284.10227859483217,318.1923069748589,0.07711528436615872,0.5883747128154967,0.31426123134977274,0.045372683292624,0.028838610230807495,True,True,2837.3880766189286,589.7457609907558,0.20784811420421034,282,True,True,True,True,True,34.09002838002675,0.11999209773549085,True,True,4,False,양천구,목3동,11150530.0
8930e1db693ffff,True,254.1919733656184,322.63417528613377,0.07819179039861932,0.5741720308442462,0.30689125679618223,0.04489553908852288,0.028838610230807495,True,True,3320.0657727235557,687.4664641466875,0.20706410993259836,9,True,True,True,True,True,68.44220192051537,0.2692539855382104,True,True,4,False,강서구,등촌2동,11160530.0
8930e1db6a7ffff,True,165.76035747011292,183.48043111259278,0.04446727752594894,0.5266227059453329,0.28221723288613726,0.02341747801673732,0.028838610230807495,True,False,3192.067464913789,434.2517446876684,0.13604090435456903,171,False,False,True,False,True,17.72007364247986,0.10690175813402696,True,False,1,True,,,
8930e1db6b3ffff,True,251.16988690765982,276.32058566955953,0.06696749127192204,0.486565047919235,0.26143074193137433,0.0325840405997537,0.028838610230807495,True,True,3191.623807084047,434.1913890752863,0.13604090435456903,49,True,True,True,True,False,25.15069876189972,0.10013421223200268,True,True,4,False,강서구,염창동,11160510.0
8930e1db6c7ffff,True,174.86377922596373,201.6958233970073,0.04888185677586382,0.49765748323852,0.2671867650688326,0.024326421819102183,0.028838610230807495,True,False,3156.776746493103,654.4073559275096,0.20730238736537124,64,False,False,True,False,False,26.832044171043577,0.1534454092769577,True,False,1,True,,,
8930e1db6d7ffff,True,331.64082240200156,382.3186957025159,0.09265659254272263,0.5800625520116839,0.3099479323733218,0.053746619531038445,0.028838610230807495,True,True,3319.923621791836,687.4370297905349,0.20706410993259838,56,True,True,True,True,True,50.677873300514364,0.15280951522633934,True,True,4,False,강서구,등촌2동,11160530.0
